outlet,date,headline,url,summary,predicted_label,predicted_confidence,predicted_probs,model_version,label,labelled_by,labelled_at,cluster_id
Kurir,2026-09-16,"VELIČANSTVEN PRIZOR U SRCU BEOGRADA! Svi zajedno pod jednom jedinom srpskom trobojkom! Ovako se voli otadžbina, zastavi se ne vidi kraj! (VIDEO)",https://www.kurir.rs/vesti/politika/10106029/srpska-zastava-proneta-beogradom,,nothing,1.0,"{""vilifying_opponents"": 0.0, ""vilifying_neighbours"": 0.0, ""personality_cult"": 0.0, ""vilifying_eu"": 0.0, ""nothing"": 1.0}",rung0-dummy,,,,
Kurir,2026-09-16,"""NEPRAVEDNO, PREDUZEĆEMO SVE DA UKINEMO OVE PRESUDE"" Šok i gnev u Prištini zbog kazni za Tačija i ostale, Haradinaj najavio drugostepeni postupak",https://www.kurir.rs/vesti/politika/10106014/reakcije-iz-pristine-na-presudu-taciju-i-ostalima-u-hagu,,nothing,1.0,"{""vilifying_opponents"": 0.0, ""vilifying_neighbours"": 0.0, ""personality_cult"": 0.0, ""vilifying_eu"": 0.0, ""nothing"": 1.0}",rung0-dummy,,,,
Kurir,2026-09-16,"LAŽU U NASLOVU, LAŽU U TEKSTU, ALI ČINJENICE IH DEMANTUJU: Vodeća svetska agencija pohvalila srpsku privredu, a N1 od svega napravio „NEIZVESNE IZBORE“!",https://www.kurir.rs/vesti/politika/10105937/vodeca-svetska-agencija-pohvalila-srpsku-privredu-a-n1-od-svega-napravio-neizvesne-izbore,,nothing,1.0,"{""vilifying_opponents"": 0.0, ""vilifying_neighbours"": 0.0, ""personality_cult"": 0.0, ""vilifying_eu"": 0.0, ""nothing"": 1.0}",rung0-dummy,,,,
Kurir,2026-09-16,"NISMO NI SUMNJALI DA ĆE OVAKVA ""GROMADA"" STATI IZA BLOKADERA! Crnogorac koji podržava Srdanovića mrzi SPC, slavi lažnu državu Kosovo, divljao po Vatikanu (FOTO)",https://www.kurir.rs/vesti/politika/10105965/ko-je-miodrag-vlahovic-crnogorac-koji-je-podrzao-iliju-srdanovica,,nothing,1.0,"{""vilifying_opponents"": 0.0, ""vilifying_neighbours"": 0.0, ""personality_cult"": 0.0, ""vilifying_eu"": 0.0, ""nothing"": 1.0}",rung0-dummy,,,,
Kurir,2026-09-16,TAČNO U 18.3O SATI: Predsednik Vučić obraća se naciji povodom presuda zločincima OVK,https://www.kurir.rs/vesti/politika/10105951/predsednik-vucic-obraca-se-povodom-presuda-zlocincima-ovk,,nothing,1.0,"{""vilifying_opponents"": 0.0, ""vilifying_neighbours"": 0.0, ""personality_cult"": 0.0, ""vilifying_eu"": 0.0, ""nothing"": 1.0}",rung0-dummy,,,,
Kurir,2026-09-16,"PRESUDA VOĐAMA ZLOČINAČKE OVK, SVA ČETVORICA KRIVA ZA RATNE ZLOČINE: Hašimu Tačiju i Jakupu Krasnićiju po 25 godina zatvora! Veseljiju 18, Seljimiju 13! (VIDEO)",https://www.kurir.rs/vesti/politika/10105707/presuda-hasim-taci-ovk-zlocini-kim,,nothing,1.0,"{""vilifying_opponents"": 0.0, ""vilifying_neighbours"": 0.0, ""personality_cult"": 0.0, ""vilifying_eu"": 0.0, ""nothing"": 1.0}",rung0-dummy,,,,
Kurir,2026-09-16,PRVI NA BLOKADERSKOJ LISTI OTVORENO TARGETIRAO STUDENTE! Srdanović ugrozio bezbednost akademaca jer NISU HTELI DA BUDU PLENUMAŠI (FOTO),https://www.kurir.rs/vesti/politika/10105868/kako-je-srdanovic-javno-targetirao-studente-koji-nisu-blokaderi,,nothing,1.0,"{""vilifying_opponents"": 0.0, ""vilifying_neighbours"": 0.0, ""personality_cult"": 0.0, ""vilifying_eu"": 0.0, ""nothing"": 1.0}",rung0-dummy,,,,
Kurir,2026-09-16,"DOKLE VIŠE DVOSTRUKI ARŠINI?! Briselu ne smeta sahrana krvnika Dinka Šakića u ustaškoj uniformi i veličanje ubica iz OVK, ali prete Srbiji zbog Mladića! (VIDEO)",https://www.kurir.rs/vesti/politika/10105877/briselu-ne-smeta-sahrana-sakica-u-ustaskoj-uniformi-ali-prete-srbiji-zbog-ratka-mladica,,nothing,1.0,"{""vilifying_opponents"": 0.0, ""vilifying_neighbours"": 0.0, ""personality_cult"": 0.0, ""vilifying_eu"": 0.0, ""nothing"": 1.0}",rung0-dummy,,,,
Kurir,2026-09-16,"""SRBIJU MORA DA VODI CRNOGORAC, NEIZBEŽNO!"" Najveći crnogorski separatista podržao Srdanovića, prvog na blokaderskoj listi (FOTO)",https://www.kurir.rs/vesti/politika/10105856/Vlahovic-podrzao-Srdanovica-Crnogorac-na-celu-Srbije,,nothing,1.0,"{""vilifying_opponents"": 0.0, ""vilifying_neighbours"": 0.0, ""personality_cult"": 0.0, ""vilifying_eu"": 0.0, ""nothing"": 1.0}",rung0-dummy,,,,
Kurir,2026-09-16,"""UDALJITE SE ILI ĆEMO UPOTREBITI SILU"" Haška policija u opremi za razbijanje demontracija ispred suda gde se čeka presuda vođama OVK, Tačiju i još trojici VIDEO",https://www.kurir.rs/vesti/politika/10105837/desavanja-ispred-suda-u-hagu-koji-izrice-presudu-taciju,,nothing,1.0,"{""vilifying_opponents"": 0.0, ""vilifying_neighbours"": 0.0, ""personality_cult"": 0.0, ""vilifying_eu"": 0.0, ""nothing"": 1.0}",rung0-dummy,,,,
Kurir,2026-09-16,"NI NJEGOVI GA NISU HTELI, A HOĆE DA VODI DRŽAVU?! Iliju Srdanovića ni kolege lekari nisu izabrali da vodi Lekarsku komoru, a blokaderi žele da vodi Srbiju?!",https://www.kurir.rs/vesti/politika/10105801/zasto-je-ilija-srdanovic-odbio-duel-sa-predsednikom-aleksandrom-vucicem,,nothing,1.0,"{""vilifying_opponents"": 0.0, ""vilifying_neighbours"": 0.0, ""personality_cult"": 0.0, ""vilifying_eu"": 0.0, ""nothing"": 1.0}",rung0-dummy,,,,
Kurir,2026-09-16,"""DETALJNIJE SAM GA UPOZNAO SA SVE IZRAŽENIJIM TENZIJAMA NA KOSOVU I METOHIJI"" Predsednik Vučić razgovarao s komandantom Nacionalne garde Ohaja",https://www.kurir.rs/vesti/politika/10105658/vucic-s-komandantom-nacionalne-garde-ohaja,,nothing,1.0,"{""vilifying_opponents"": 0.0, ""vilifying_neighbours"": 0.0, ""personality_cult"": 0.0, ""vilifying_eu"": 0.0, ""nothing"": 1.0}",rung0-dummy,,,,
Kurir,2026-09-16,"JEFTINA DEMAGOGIJA BLOKADERA! Analitičari: Umesto mladih snaga, ""studentska"" lista poturila istrošene kadrove koji opet hoće u vlast",https://www.kurir.rs/vesti/politika/10105358/Studentska-lista-Demagogija-ili-stvarna-snaga-mladosti,,nothing,1.0,"{""vilifying_opponents"": 0.0, ""vilifying_neighbours"": 0.0, ""personality_cult"": 0.0, ""vilifying_eu"": 0.0, ""nothing"": 1.0}",rung0-dummy,,,,
Kurir,2026-09-15,"""STUDENTSKA LISTA"" JE NAJVEĆA PREVARA U ISTORIJI SRBIJE! Ana Brnabić o odbijanju da izađu na debatu s Vučićem: Za to hrabrosti nema",https://www.kurir.rs/vesti/politika/10105577/brnabic-o-odbijanju-predstavnika-tzv-studentske-liste-da-izadju-na-duel-s-vucicem,,nothing,1.0,"{""vilifying_opponents"": 0.0, ""vilifying_neighbours"": 0.0, ""personality_cult"": 0.0, ""vilifying_eu"": 0.0, ""nothing"": 1.0}",rung0-dummy,,,,
Kurir,2026-09-15,"""BIO JE AGRESIVAN, PRAVIO HAOS, POZVALI SU POLICIJU"" Obrknežev otkriva pravo lice Ilije Srdanovića: ""Sramota me da ponovim šta je govorio starijim ljudima""",https://www.kurir.rs/vesti/politika/10105507/obrknezev-otkriva-pravo-lice-srdanovica,,nothing,1.0,"{""vilifying_opponents"": 0.0, ""vilifying_neighbours"": 0.0, ""personality_cult"": 0.0, ""vilifying_eu"": 0.0, ""nothing"": 1.0}",rung0-dummy,,,,
Kurir,2026-09-15,"DOSAD SE PRIJAVILO 1.650.000 GRAĐANA Mali: Naredne nedelje kreće isplata 6.000 dinara - evo ko dobija novac automatski, a ko mora da se prijavi",https://www.kurir.rs/vesti/politika/10105568/isplata-6-000-dinara-naredne-nedelje-sinisa-mali-objasnio-detalje-i-prijavu,,nothing,1.0,"{""vilifying_opponents"": 0.0, ""vilifying_neighbours"": 0.0, ""personality_cult"": 0.0, ""vilifying_eu"": 0.0, ""nothing"": 1.0}",rung0-dummy,,,,
Kurir,2026-09-15,"KO JE RASTURIO KOALICIJU ĆUTE, ALEKSIĆA I PARANDILOVIĆA? Jasno je čija je ""nevidljiva ruka"" iza toga ZAMISLITE TOTALITARIZAM KAD BI SE STUDENTI DOČEPALI VLASTI",https://www.kurir.rs/vesti/politika/10105537/koalicija-cute-aleksica-i-parandilovica-pukla-pod-pritiskom-tzv-studentske-liste,,nothing,1.0,"{""vilifying_opponents"": 0.0, ""vilifying_neighbours"": 0.0, ""personality_cult"": 0.0, ""vilifying_eu"": 0.0, ""nothing"": 1.0}",rung0-dummy,,,,
Kurir,2026-09-15,"""LAŽNA AFERA 'ZVUČNI TOP' SLUŽILA DA SE VUČIĆ POLITIČKI UBIJE"" Specijalna emisija razbila blokaderske laži: Država došla do dokaza ko je i kako to plasirao",https://www.kurir.rs/vesti/politika/10105534/lazna-afera-o-zvucnom-topu-specijalna-emisija-na-tv-pink,,nothing,1.0,"{""vilifying_opponents"": 0.0, ""vilifying_neighbours"": 0.0, ""personality_cult"": 0.0, ""vilifying_eu"": 0.0, ""nothing"": 1.0}",rung0-dummy,,,,
Kurir,2026-09-15,"SIMBOL SLOBODE S KALEMEGDANA PORAŽEN NA BLOKIRANOJ ULICI! Kako su blokaderi ponizili Pobednika i pretvorili ga u ranjenog, tužnog nosača kutije",https://www.kurir.rs/vesti/politika/10105379/blokaderi-pobednik-studentska-lista,,nothing,1.0,"{""vilifying_opponents"": 0.0, ""vilifying_neighbours"": 0.0, ""personality_cult"": 0.0, ""vilifying_eu"": 0.0, ""nothing"": 1.0}",rung0-dummy,,,,
Kurir,2026-09-15,"SRDANOVIĆ ODBIO VUČIĆEV POZIV NA DUEL, PREDSEDNIK GA RASTURIO: A samo sam hteo da sučelimo mišljenja i ideje - NISU SMELI (VIDEO)",https://www.kurir.rs/vesti/politika/10105473/aleksandar-vucic-o-iliji-srdanovicu,,nothing,1.0,"{""vilifying_opponents"": 0.0, ""vilifying_neighbours"": 0.0, ""personality_cult"": 0.0, ""vilifying_eu"": 0.0, ""nothing"": 1.0}",rung0-dummy,,,,
Kurir,2026-09-15,VUČIĆ SUTRA S VUDRAFOM: Predsednik Srbije sastaće se sa komandantom Nacionalne garde Ohaja,https://www.kurir.rs/vesti/politika/10105462/vucic-sutra-sa-komandantom-nacionalne-garde-ohaja-metjuom-vudrafom,,nothing,1.0,"{""vilifying_opponents"": 0.0, ""vilifying_neighbours"": 0.0, ""personality_cult"": 0.0, ""vilifying_eu"": 0.0, ""nothing"": 1.0}",rung0-dummy,,,,
Kurir,2026-09-15,"SRPSKE TROBOJKE PREPLAVILE BEOGRAD! Praznik slobode i jedinstva u znaku jasne poruke: Srbija gradi i ide napred, podele je neće zaustaviti! (FOTO)",https://www.kurir.rs/vesti/politika/10105459/dan-srpskog-jedinstva-slobode-i-nacionalne-zastave-beograda-u-znaku-trobojke,,nothing,1.0,"{""vilifying_opponents"": 0.0, ""vilifying_neighbours"": 0.0, ""personality_cult"": 0.0, ""vilifying_eu"": 0.0, ""nothing"": 1.0}",rung0-dummy,,,,
Kurir,2026-09-15,"""MOSTOVI SU SIMBOL POVEZIVANJA, A NE BLOKADA I MRŽNJE"" Vučević sa studentom Balaćem obišao radove u Novom Sadu pa poslao moćnu poruku (VIDEO)",https://www.kurir.rs/vesti/politika/10104868/vucevic-u-novom-sadu-novi-mostovi-spajaju-ljude-ne-razdvajaju,,nothing,1.0,"{""vilifying_opponents"": 0.0, ""vilifying_neighbours"": 0.0, ""personality_cult"": 0.0, ""vilifying_eu"": 0.0, ""nothing"": 1.0}",rung0-dummy,,,,
Kurir,2026-09-15,PICULA I BARTULICA SNAŽNIJE NEGO IKAD PODRŽALI STUDENTSKU LISTU Brnabić im žestoko odbrusila: Neće nam naređivati oni koji slave genocid - neće dok se mi pitamo,https://www.kurir.rs/vesti/politika/10105439/ana-brnabic-o-stranim-pritiscima-na-srbiju-odgovorila-piculi,,nothing,1.0,"{""vilifying_opponents"": 0.0, ""vilifying_neighbours"": 0.0, ""personality_cult"": 0.0, ""vilifying_eu"": 0.0, ""nothing"": 1.0}",rung0-dummy,,,,
Kurir,2026-09-15,"""UZ NAROD, UZ SRBIJU!"" Đerlek razgovarao sa meštanima sela Belosavca: Kosovo i Metohija su Srbija i od toga nikada nećemo odustati",https://www.kurir.rs/vesti/politika/10105435/mirsad-djerlek-u-selu-belosavci,,nothing,1.0,"{""vilifying_opponents"": 0.0, ""vilifying_neighbours"": 0.0, ""personality_cult"": 0.0, ""vilifying_eu"": 0.0, ""nothing"": 1.0}",rung0-dummy,,,,
Kurir,2026-09-15,"VUČIĆ USKORO KREĆE U OBILAZAK SRBIJE U KAMP KUĆICI Razgovor sa ljudima najveći prioritet! ""Ići ću u najudaljenija sela, svaki grad da posetim"" VIDEO",https://www.kurir.rs/vesti/politika/10105410/vucic-krece-u-obilazak-srbije-u-kamp-kucici,,nothing,1.0,"{""vilifying_opponents"": 0.0, ""vilifying_neighbours"": 0.0, ""personality_cult"": 0.0, ""vilifying_eu"": 0.0, ""nothing"": 1.0}",rung0-dummy,,,,
Kurir,2026-09-15,"SVE O POŠTENJU I INTEGRITETU KUMOVA: Kako su Poledica i Jolović vodili Sindikat dok su se nizala hapšenja, falsifikati i TRAGEDIJE! (FOTO)",https://www.kurir.rs/vesti/politika/10105402/mirko-poledica-i-nikola-jolovic-skandali-i-hapsenja-u-sindikatu-nezavisnost,,nothing,1.0,"{""vilifying_opponents"": 0.0, ""vilifying_neighbours"": 0.0, ""personality_cult"": 0.0, ""vilifying_eu"": 0.0, ""nothing"": 1.0}",rung0-dummy,,,,
Kurir,2026-09-15,SDP PREDALA LISTU ZA PARLAMENTARNE IZBORE: Od osnivača zatraženo da Rasim Ljajić bude nosilac liste,https://www.kurir.rs/vesti/politika/10104705/sdp-predala-listu-za-parlamentarne-izbore-nosilac-rasim-ljajic,,nothing,1.0,"{""vilifying_opponents"": 0.0, ""vilifying_neighbours"": 0.0, ""personality_cult"": 0.0, ""vilifying_eu"": 0.0, ""nothing"": 1.0}",rung0-dummy,,,,
Kurir,2026-09-15,SVI ĆUTINI PRINCIPI PADOŠE U VODU! Pogazio sve što je pričao - evo kako je govorio dok nije PRELETEO (VIDEO),https://www.kurir.rs/vesti/politika/10105394/cutini-principi-padose-u-vodu,,nothing,1.0,"{""vilifying_opponents"": 0.0, ""vilifying_neighbours"": 0.0, ""personality_cult"": 0.0, ""vilifying_eu"": 0.0, ""nothing"": 1.0}",rung0-dummy,,,,
Kurir,2026-09-15,"OVO SU TA ""NOVA LICA"" BLOKADERA? Najavljivali umne glave i ljude van sistema, a na listu stavili bivšu radnicu MINISTARSTVA! (VIDEO)",https://www.kurir.rs/vesti/politika/10105386/studentska-lista-blokadera-dragana-djordjevic-i-nova-lica-na-politickoj-sceni,,nothing,1.0,"{""vilifying_opponents"": 0.0, ""vilifying_neighbours"": 0.0, ""personality_cult"": 0.0, ""vilifying_eu"": 0.0, ""nothing"": 1.0}",rung0-dummy,,,,
Kurir,2026-09-15,"KO JE SRDANOVIĆ, NOSILAC STUDENTSKE LISTE Bio u SNS pa se naljutio kad je izvisio za funkciju! Bahatio se, kršio radnu obavezu! I takvi treba da vode Srbiju?",https://www.kurir.rs/vesti/politika/10105383/ilija-srdanovic-kontroverzni-lekar-i-politicki-aktivista,,nothing,1.0,"{""vilifying_opponents"": 0.0, ""vilifying_neighbours"": 0.0, ""personality_cult"": 0.0, ""vilifying_eu"": 0.0, ""nothing"": 1.0}",rung0-dummy,,,,
Kurir,2026-09-15,"NAJSTARIJA POLITIČKA PREVARA! Kako je moguće da je ""studentska lista"" starija od Vučićeve za ČAK 1.750 GODINA?! Kao u onom vicu - sve se može kad lažeš",https://www.kurir.rs/vesti/politika/10104977/studentska-lista-nastarija-politicka-prevara,,nothing,1.0,"{""vilifying_opponents"": 0.0, ""vilifying_neighbours"": 0.0, ""personality_cult"": 0.0, ""vilifying_eu"": 0.0, ""nothing"": 1.0}",rung0-dummy,,,,
Kurir,2026-09-15,"""PROŠLE GODINE IZGUBILI SMO 12.000 DIPLOMA"" Stručnjaci za Kurir: Za blokadere nije opcija da budu konstruktivna opozicija",https://www.kurir.rs/vesti/politika/10105321/kako-blokaderi-nazaduju-drustvo-u-srbiji,,nothing,1.0,"{""vilifying_opponents"": 0.0, ""vilifying_neighbours"": 0.0, ""personality_cult"": 0.0, ""vilifying_eu"": 0.0, ""nothing"": 1.0}",rung0-dummy,,,,
Kurir,2026-09-15,"""JEDINSTVO SE DOKAZUJE DELIMA I BRIGOM O SVAKOM ČOVEKU"" Vučević sa meštanima Niške Banje i Svrljiga: Nijedno mesto u Srbiji nije zaboravljeno!",https://www.kurir.rs/vesti/politika/10105326/milos-vucevic-sa-mestanima-niske-banje-i-svrljiga,,nothing,1.0,"{""vilifying_opponents"": 0.0, ""vilifying_neighbours"": 0.0, ""personality_cult"": 0.0, ""vilifying_eu"": 0.0, ""nothing"": 1.0}",rung0-dummy,,,,
Kurir,2026-09-15,"""LISTA IM JE PUNA LJUDI BLISKIH SA DARKOM GLIŠIĆEM, TU JE I ĆERKA POSLANIKA PUPS-a"" Jovanov o studentskoj listi nakon saznanja da je na njoj i članica SNS",https://www.kurir.rs/vesti/politika/10105259/milenko-jovanov-se-oglasio-nakon-saznanja-da-je-na-studentskoj-listi-clanica-sns,,nothing,1.0,"{""vilifying_opponents"": 0.0, ""vilifying_neighbours"": 0.0, ""personality_cult"": 0.0, ""vilifying_eu"": 0.0, ""nothing"": 1.0}",rung0-dummy,,,,
Kurir,2026-09-15,"KAKO MALI PERICA ZAMIŠLJA DRŽAVU! Program ""studentske liste"" prepisan iz bajke: Obećavaju sve, ne objašnjavaju ništa, sve će biti bolje, a kako - NEMAJU POJMA!",https://www.kurir.rs/vesti/politika/10105228/program-studentske-liste-bajka-spisak-zelja-pusta-obecanja,,nothing,1.0,"{""vilifying_opponents"": 0.0, ""vilifying_neighbours"": 0.0, ""personality_cult"": 0.0, ""vilifying_eu"": 0.0, ""nothing"": 1.0}",rung0-dummy,,,,
Kurir,2026-09-15,"""VELIKI I VAŽAN KORAK ZA SRBIJU I REGION"" Đurđević Stamenkovski i Tamara Vučić otvorile Institut za rani razvoj deteta i inkluziju na Bežanijskoj kosi (FOTO)",https://www.kurir.rs/vesti/politika/10105211/djurdjevic-stamenkovski-i-tamara-vucic-otvorile-institu-za-rani-razvoj-deteta-i-inkluziju,,nothing,1.0,"{""vilifying_opponents"": 0.0, ""vilifying_neighbours"": 0.0, ""personality_cult"": 0.0, ""vilifying_eu"": 0.0, ""nothing"": 1.0}",rung0-dummy,,,,
Kurir,2026-09-15,"ZABORAVILI PAPIR, A HTELI BI DA VODE DRŽAVU? Stručnjaci o blokaderima nakon predaje liste: ""Jasan je upliv stranog novca kako bi sproveli obojenu revoluciju""",https://www.kurir.rs/vesti/politika/10105075/aleksandra-stanisaljevic-i-dejan-lisica-blokaderska-lista-nema-plan-za-drzavu,,nothing,1.0,"{""vilifying_opponents"": 0.0, ""vilifying_neighbours"": 0.0, ""personality_cult"": 0.0, ""vilifying_eu"": 0.0, ""nothing"": 1.0}",rung0-dummy,,,,
Kurir,2026-09-15,BLOKADERI DOBIJAJU NAREĐENJA DA VREĐAJU: Stručnjaci za Kurir otkrivaju ko stoji iza profila koji seju mržnju na mrežama i kako da otkrijete identitet botova,https://www.kurir.rs/vesti/politika/10104860/drustvene-mreze-su-postale-epicentar-politickih-sukoba,,nothing,1.0,"{""vilifying_opponents"": 0.0, ""vilifying_neighbours"": 0.0, ""personality_cult"": 0.0, ""vilifying_eu"": 0.0, ""nothing"": 1.0}",rung0-dummy,,,,
Kurir,2026-09-15,"NA ŠANGAJSKOJ LISTI BEZ DRUŠTVENIH NAUKA - BAŠ TAMO GDE SU BILE NAJŽEŠĆE BLOKADE! Šta je to ako ne dokaz da su blokaderi - od rektora do ""studenata"" - KRIVCI",https://www.kurir.rs/vesti/politika/10105128/dokaz-da-su-blokaderi-krivi-za-pad-bg-univerziteta-na-sangajskoj-listi,,nothing,1.0,"{""vilifying_opponents"": 0.0, ""vilifying_neighbours"": 0.0, ""personality_cult"": 0.0, ""vilifying_eu"": 0.0, ""nothing"": 1.0}",rung0-dummy,,,,
Kurir,2026-09-15,"""MOŽDA NE BI TREBALO NIKOME DA DRŽI PREDAVANJA O PROTOKOLU"" Starović poklopio Konakovića nakon zabrane preleta Macutu: Zahtev predat znatno pre istoka roka!",https://www.kurir.rs/vesti/politika/10105123/starovic-poklopio-konakovica,,nothing,1.0,"{""vilifying_opponents"": 0.0, ""vilifying_neighbours"": 0.0, ""personality_cult"": 0.0, ""vilifying_eu"": 0.0, ""nothing"": 1.0}",rung0-dummy,,,,
Kurir,2026-09-15,"I ĆUTA POKLEKNUO POD PRITISKOM BLOKADERA - NE IDE NA IZBORE! Koalicija ""Narodna Srbija"" se raspala pre nego što je i nastala! Miroslav Aleksić ostao sam",https://www.kurir.rs/vesti/politika/10105066/ekoloski-ustanak-ne-izlazi-na-izbore,,nothing,1.0,"{""vilifying_opponents"": 0.0, ""vilifying_neighbours"": 0.0, ""personality_cult"": 0.0, ""vilifying_eu"": 0.0, ""nothing"": 1.0}",rung0-dummy,,,,
Kurir,2026-09-15,ČOVEK KOJI TUČE ŽENE PRVI NA TZV. STUDENTSKOJ LISTI: Ilija Srdanović štampačem gađao koleginice?!,https://www.kurir.rs/vesti/politika/10104802/ilija-srdanovic-nasilje-i-skandali-prvog-na-studentskoj-listi,,nothing,1.0,"{""vilifying_opponents"": 0.0, ""vilifying_neighbours"": 0.0, ""personality_cult"": 0.0, ""vilifying_eu"": 0.0, ""nothing"": 1.0}",rung0-dummy,,,,
Kurir,2026-09-15,"BLOKADERI SE SMEJU DOK PREBROJAVU UMRLICE - ""JEDAN GLAS MANJE ZA VUČIĆA""! Horor snimak kruži mrežama: Raduju se tuđoj smrti kao političkom poenu",https://www.kurir.rs/vesti/politika/10105032/blokaderi-se-smeju-dok-prebrojavaju-umrlice,,nothing,1.0,"{""vilifying_opponents"": 0.0, ""vilifying_neighbours"": 0.0, ""personality_cult"": 0.0, ""vilifying_eu"": 0.0, ""nothing"": 1.0}",rung0-dummy,,,,
Kurir,2026-09-15,PREDSEDNIK VUČIĆ Danas smo se okupili da proslavimo naše uskrsnuće i našu slobodu! Odlikovani vatrogasci koji su se lavovski borili u Deliblatskoj peščari!,https://www.kurir.rs/vesti/politika/10104848/aleksandar-vucic-odlikovanja-dan-srpskog-jedinstva-slobode-i-nacionalne-zastave,,nothing,1.0,"{""vilifying_opponents"": 0.0, ""vilifying_neighbours"": 0.0, ""personality_cult"": 0.0, ""vilifying_eu"": 0.0, ""nothing"": 1.0}",rung0-dummy,,,,
Kurir,2026-09-15,PARANDILOVIĆ NE IZLAZI NA IZBORE! Potpuni raspad u redovima opozicije: Pokušaće da ubedi i Aleksića i Ćutu da se i oni povuku?!,https://www.kurir.rs/vesti/politika/10104975/parandilovic-odustaje-od-izbora-raspad-opozicije,,nothing,1.0,"{""vilifying_opponents"": 0.0, ""vilifying_neighbours"": 0.0, ""personality_cult"": 0.0, ""vilifying_eu"": 0.0, ""nothing"": 1.0}",rung0-dummy,,,,
Kurir,2026-09-15,ODLOŽENO ROČIŠTE U POSTUPKU PROTIV SRBA OPTUŽENIH ZA RATNI ZLOČIN: Odbrana nije dobila spise predmeta,https://www.kurir.rs/vesti/politika/10104938/odlozeno-rociste-u-postupku-protiv-srba-optuzenih-za-ratni-zlocin,,nothing,1.0,"{""vilifying_opponents"": 0.0, ""vilifying_neighbours"": 0.0, ""personality_cult"": 0.0, ""vilifying_eu"": 0.0, ""nothing"": 1.0}",rung0-dummy,,,,
Kurir,2026-09-15,VUČIĆ RAZGOVARAO SA EMANUELOM ŽIOFREOM: Predsednik otkrio detalje važnog susreta (FOTO),https://www.kurir.rs/vesti/politika/10104929/detalji-sastanka-vucica-sa-emanuelom-ziofreom,,nothing,1.0,"{""vilifying_opponents"": 0.0, ""vilifying_neighbours"": 0.0, ""personality_cult"": 0.0, ""vilifying_eu"": 0.0, ""nothing"": 1.0}",rung0-dummy,,,,
Kurir,2026-09-15,"VELIČANSTVENI PRIZORI IZ NOVOG SADA! Da se naježiš! Ovako omladina slavi Dan srpskog jedinstva, slobode i nacionalne zastave (VIDEO)",https://www.kurir.rs/vesti/politika/10104918/proslava-dana-srpskog-jedinstva-u-novom-sadu,,nothing,1.0,"{""vilifying_opponents"": 0.0, ""vilifying_neighbours"": 0.0, ""personality_cult"": 0.0, ""vilifying_eu"": 0.0, ""nothing"": 1.0}",rung0-dummy,,,,
Kurir,2026-09-15,"JOŠ JEDAN ""USPEH"" BLOKADERA! Univerzitet u Beogradu ponovo pao na Šangajskoj listi: Sunovrat I U NAUČNIM POLJIMA!",https://www.kurir.rs/vesti/politika/10104885/univerzitet-u-beogradu-ponovo-pada-na-sangajskoj-listi,,nothing,1.0,"{""vilifying_opponents"": 0.0, ""vilifying_neighbours"": 0.0, ""personality_cult"": 0.0, ""vilifying_eu"": 0.0, ""nothing"": 1.0}",rung0-dummy,,,,
Kurir,2026-09-15,"""MNOGO JE PRIMERA POPUT KOSOVA I METOHIJE"": Sergej Lavrov: Zapad voli selektivno da tumači Povelju UN",https://www.kurir.rs/vesti/politika/10104863/sergej-lavrov-mnogi-primeri-poput-kosova-i-metohije,,nothing,1.0,"{""vilifying_opponents"": 0.0, ""vilifying_neighbours"": 0.0, ""personality_cult"": 0.0, ""vilifying_eu"": 0.0, ""nothing"": 1.0}",rung0-dummy,,,,
Kurir,2026-09-15,VELIKA VEST ZA SRBIJU! DOBILI SMO FINALE LIGE EVROPE 2029. U FUDBALU! Vučiću se na licu vide i ponos i sreća: Igraće se na Nacionalnom stadionu u Surčinu! VIDEO,https://www.kurir.rs/vesti/politika/10104883/vucic-beograd-domacin-finala-lige-evrope-2029,,nothing,1.0,"{""vilifying_opponents"": 0.0, ""vilifying_neighbours"": 0.0, ""personality_cult"": 0.0, ""vilifying_eu"": 0.0, ""nothing"": 1.0}",rung0-dummy,,,,
Kurir,2026-09-15,"""SRBIJU NIJE MOGUĆE POKORITI SILOM"" Marija Zaharova: Srpski narod pokazao je ogromno herojstvo, posle svih iskušenja postao je jači",https://www.kurir.rs/vesti/politika/10104798/zaharova-srbija-nije-pokorena-silom,,nothing,1.0,"{""vilifying_opponents"": 0.0, ""vilifying_neighbours"": 0.0, ""personality_cult"": 0.0, ""vilifying_eu"": 0.0, ""nothing"": 1.0}",rung0-dummy,,,,
Kurir,2026-09-15,VLADAN PETROV: Zajednička sednica ustavnih sudova Srbije i Republike Srpske je istorijski događaj,https://www.kurir.rs/vesti/politika/10104773/istorijska-zajednicka-sednica-ustavnih-sudova-srbije-i-rs,,nothing,1.0,"{""vilifying_opponents"": 0.0, ""vilifying_neighbours"": 0.0, ""personality_cult"": 0.0, ""vilifying_eu"": 0.0, ""nothing"": 1.0}",rung0-dummy,,,,
Kurir,2026-09-15,"OVO JE ZA ŠEĆER I VODU! ""STUDENTI"" SU 1.750 GODINA STARIJI OD VUČIĆEVE LISTE?! Verovali ili ne, ""polovnjaci"" će da nas vode u budućnost!",https://www.kurir.rs/vesti/politika/10104813/blokaderska-lista-starija-od-vuciceve-1-750-godina,,nothing,1.0,"{""vilifying_opponents"": 0.0, ""vilifying_neighbours"": 0.0, ""personality_cult"": 0.0, ""vilifying_eu"": 0.0, ""nothing"": 1.0}",rung0-dummy,,,,
Kurir,2026-09-15,"REPORTERKA N1 SE OSRAMOTILA UŽIVO! Umesto ""Bože pravde"", za novinarku blokaderske televizije himna je ""Tamo daleko""! (VIDEO)",https://www.kurir.rs/vesti/politika/10104788/reporterka-n1-se-osramotila-za-nju-je-himna-srbije-mars-na-drinu,,nothing,1.0,"{""vilifying_opponents"": 0.0, ""vilifying_neighbours"": 0.0, ""personality_cult"": 0.0, ""vilifying_eu"": 0.0, ""nothing"": 1.0}",rung0-dummy,,,,
Kurir,2026-09-15,SUTRAŠNJA PRESUDA U HAGU ZA VOĐE ZLOČINAČKE OVK PRETI DA ZAPALI KOSOVO I METOHIJU! Srbi na udaru ako ekstremisti krenu u pohod,https://www.kurir.rs/vesti/politika/10104284/presuda-vodjama-ovk-opasnost-za-srbe-na-kosovu,,nothing,1.0,"{""vilifying_opponents"": 0.0, ""vilifying_neighbours"": 0.0, ""personality_cult"": 0.0, ""vilifying_eu"": 0.0, ""nothing"": 1.0}",rung0-dummy,,,,
Kurir,2026-09-15,RIK UTVRDIO FINANSIJSKI PLAN: Donete odluke vezane za rad i sprovođenje izbora,https://www.kurir.rs/vesti/politika/10104698/na-sednici-rik-utvrdjen-finansijski-plan-za-sprovodjenje-parlamentarnih-izbora,,nothing,1.0,"{""vilifying_opponents"": 0.0, ""vilifying_neighbours"": 0.0, ""personality_cult"": 0.0, ""vilifying_eu"": 0.0, ""nothing"": 1.0}",rung0-dummy,,,,
Kurir,2026-09-15,"TROJANSKI STUDENTI Pune 2 godine u perfidnoj predstavi narodu je nuđena iluzija o nepokolebljivom, i rodoljubivom buntu, a evo šta je zapravo u konju!",https://www.kurir.rs/vesti/politika/10104646/trojanski-studenti,,nothing,1.0,"{""vilifying_opponents"": 0.0, ""vilifying_neighbours"": 0.0, ""personality_cult"": 0.0, ""vilifying_eu"": 0.0, ""nothing"": 1.0}",rung0-dummy,,,,
Kurir,2026-09-15,OTIMAJU FAKULTETE DO IZBORA: PLENUMAŠI UNIVERZITET PRETVARAJU U POLITIČKI ŠTAB! Umesto povratka u amfiteatre blokaderi planiraju obustavu nastave do 25. oktobra,https://www.kurir.rs/vesti/politika/10104200/blokaderi-planiraju-da-univerzitet-pretvore-u-politicki-stab,,nothing,1.0,"{""vilifying_opponents"": 0.0, ""vilifying_neighbours"": 0.0, ""personality_cult"": 0.0, ""vilifying_eu"": 0.0, ""nothing"": 1.0}",rung0-dummy,,,,
Kurir,2026-09-15,"""NAŠA TROBOJKA SIMBOL JE SLOBODE I PONOSA"" Predsednik Vučić čestitao Dan srpskog jedinstva, slobode i nacionalne zastave: Obaveza nam je da čuvamo Srbiju",https://www.kurir.rs/vesti/politika/10104583/dan-srpskog-jedinstva-slobode-i-nacionalne-zastave,,nothing,1.0,"{""vilifying_opponents"": 0.0, ""vilifying_neighbours"": 0.0, ""personality_cult"": 0.0, ""vilifying_eu"": 0.0, ""nothing"": 1.0}",rung0-dummy,,,,
Kurir,2026-09-14,"OVO JE ZA RIPLIJA! ""STUDENTI"" SA STUDENTSKE LISTE NIKAD STARIJI! Generacija koja šatro gradi budućnost ČAK 7 GODINA STARIJA od Vučićeve liste!",https://www.kurir.rs/vesti/politika/10104494/prosecna-starost-kandidata-na-studentskoj-listi-50-66-godina,,nothing,1.0,"{""vilifying_opponents"": 0.0, ""vilifying_neighbours"": 0.0, ""personality_cult"": 0.0, ""vilifying_eu"": 0.0, ""nothing"": 1.0}",rung0-dummy,,,,
Kurir,2026-09-14,"""MENI NAREĐUJU GRAĐANI SRBIJE, A NE KOMINTERNA I TAJNE ORGANIZACIJE!"" Vučić žestoko poručio: Ponosan sam što sam predvodio otpor tiraniji spolja! (VIDEO)",https://www.kurir.rs/vesti/politika/10104575/aleksandar-vucic-izjava-ponosan-sam-na-otpor-tiraniji-nametnutoj-spolja-i-odbranu-srbije,,nothing,1.0,"{""vilifying_opponents"": 0.0, ""vilifying_neighbours"": 0.0, ""personality_cult"": 0.0, ""vilifying_eu"": 0.0, ""nothing"": 1.0}",rung0-dummy,,,,
Kurir,2026-09-14,"""DŽABE SU SE NADALI DA NEĆEMO DOĆI, TU SMO!"" Macut poslao moćnu poruku iz Banjaluke: Drina nas ne razdvaja nego spaja, Srbija će uvek biti uz Srpsku!",https://www.kurir.rs/vesti/politika/10104567/djuro-macut-u-banjaluci-obracanje-na-dan-srpskog-jedinstva-i-sastanak-sa-minicem,,nothing,1.0,"{""vilifying_opponents"": 0.0, ""vilifying_neighbours"": 0.0, ""personality_cult"": 0.0, ""vilifying_eu"": 0.0, ""nothing"": 1.0}",rung0-dummy,,,,
Kurir,2026-09-14,"POSLE ISTRAGE O ""ZVUČNOM TOPU"" SLEDE POSTUPCI, TUŽILAC MARKOVIĆ OBEĆAO: Svi vinovnici biće procesuirani, niko se neće izvući",https://www.kurir.rs/vesti/politika/10104553/posle-istrage-o-zvucnom-topu-slede-postupci,,nothing,1.0,"{""vilifying_opponents"": 0.0, ""vilifying_neighbours"": 0.0, ""personality_cult"": 0.0, ""vilifying_eu"": 0.0, ""nothing"": 1.0}",rung0-dummy,,,,
Kurir,2026-09-14,"ŠTA JE SRBIJA TRPELA SKORO 2 GODINE?! Sve sami nobelovci: Blokaderka uzela megafon, pa šokirala nepismenošću pred RIK-om - ""SVE SE PROVERUJE"" (VIDEO)",https://www.kurir.rs/vesti/politika/10104536/blokaderka-ispred-rik-a-unutra-se-upravo-proveruje-svaki-pojedinacno-vas-potpis,,nothing,1.0,"{""vilifying_opponents"": 0.0, ""vilifying_neighbours"": 0.0, ""personality_cult"": 0.0, ""vilifying_eu"": 0.0, ""nothing"": 1.0}",rung0-dummy,,,,
Kurir,2026-09-14,"""DONELI SMO 'SAMO' 225.000 POTPISA!"" Lista Ujedinjena Srbija počistila blokadere za 4 sata! ""Pukli"" na STVARNOM TESTU, Vučević im očitao lekciju iz realnosti",https://www.kurir.rs/vesti/politika/10104525/lista-aleksandar-vucic-skupila-225-000-potpisa-za-nekoliko-sati-blokaderi-70-000-za-dva-dana,,nothing,1.0,"{""vilifying_opponents"": 0.0, ""vilifying_neighbours"": 0.0, ""personality_cult"": 0.0, ""vilifying_eu"": 0.0, ""nothing"": 1.0}",rung0-dummy,,,,
Kurir,2026-09-14,"KO SE SVE NALAZI NA BLOKADERSKOJ LISTI? Od 250 ljudi, čak 230 je za sankcije Rusiji, priznanje tzv. Kosova i satiranje svega što nas čini Srbima (FOTO)",https://www.kurir.rs/vesti/politika/10104515/ko-je-sve-na-blokaderskoj-listi,,nothing,1.0,"{""vilifying_opponents"": 0.0, ""vilifying_neighbours"": 0.0, ""personality_cult"": 0.0, ""vilifying_eu"": 0.0, ""nothing"": 1.0}",rung0-dummy,,,,
Kurir,2026-09-14,"ETO KO VEĆINSKU SRBIJU SA PODSMEHOM NAZIVA ""ĆACIJIMA"" Ovakav amaterizam se ne pamti u političkom životu Srbije! Nisu sposobni ni osnovnu proceduru da sprovedu",https://www.kurir.rs/vesti/politika/10104513/studenti-vecinsku-srbiju-nazivaju-cacijima-a-nisu-sposobni-ni-proceduru-da-sprovedu,,nothing,1.0,"{""vilifying_opponents"": 0.0, ""vilifying_neighbours"": 0.0, ""personality_cult"": 0.0, ""vilifying_eu"": 0.0, ""nothing"": 1.0}",rung0-dummy,,,,
Kurir,2026-09-14,"""KAO U TORU VAS TERAJU DA POTPISUJETE LISTU KOJU NISTE NI VIDELI"" Vučić: Ne znate ni ko je prvi, ni drugi, ni treći! Zbog svega vam je bio potreban ""zvučni top""",https://www.kurir.rs/vesti/politika/10104478/vucic-o-studentskoj-listi-ne-znate-ni-ko-je-prvi-ni-ko-je-drugi,,nothing,1.0,"{""vilifying_opponents"": 0.0, ""vilifying_neighbours"": 0.0, ""personality_cult"": 0.0, ""vilifying_eu"": 0.0, ""nothing"": 1.0}",rung0-dummy,,,,
Kurir,2026-09-14,BRUKA VEĆ NA PRVOM KORAKU! Blokaderi hteli 500.000 potpisa pa jedva iscedili 75 hiljada za 72 sata! A onda u RIK-u nastao TOTALNI HAOS! BOLNI UDARAC REALNOSTI!,https://www.kurir.rs/vesti/politika/10104477/blokaderi-predali-75-hiljada-potpisa-rik-u-i-zaboravili-papir-o-osnivanju-grupe-gradjana,,nothing,1.0,"{""vilifying_opponents"": 0.0, ""vilifying_neighbours"": 0.0, ""personality_cult"": 0.0, ""vilifying_eu"": 0.0, ""nothing"": 1.0}",rung0-dummy,,,,
Kurir,2026-09-14,"""NJIHOV UPLIV JE VIŠE NEGO OČIGLEDAN"" Stručnjaci analiziraju lažni ""huk"": Sve je izmišljeno sa jednim ciljem!",https://www.kurir.rs/vesti/politika/10104467/kako-su-dezinformacije-mogle-izazvati-haos-u-srbiji,,nothing,1.0,"{""vilifying_opponents"": 0.0, ""vilifying_neighbours"": 0.0, ""personality_cult"": 0.0, ""vilifying_eu"": 0.0, ""nothing"": 1.0}",rung0-dummy,,,,
Kurir,2026-09-14,"OVAKVI BI DA VODE DRŽAVU? Blokaderi napravili cirkus već na predaji liste, ne mogu da nađu najvažniji papir! KAKVA BRUKA! Zbog ovog snimka se smeje cela Srbija",https://www.kurir.rs/vesti/politika/10104465/blokaderi-zaboravili-vazan-papir-za-predaju-liste,,nothing,1.0,"{""vilifying_opponents"": 0.0, ""vilifying_neighbours"": 0.0, ""personality_cult"": 0.0, ""vilifying_eu"": 0.0, ""nothing"": 1.0}",rung0-dummy,,,,
Kurir,2026-09-14,"""TVRDNJE KONAKOVIĆA SU NEISTINITE I ZLONAMERNE"" Oglasila se Vlada Srbije: Demantovali ministra BiH, evo kada je zahtev za prelet aviona zapravo poslat",https://www.kurir.rs/vesti/politika/10104449/vlada-srbije-odbacuje-tvrdnje-o-preletu-aviona-djure-macuta,,nothing,1.0,"{""vilifying_opponents"": 0.0, ""vilifying_neighbours"": 0.0, ""personality_cult"": 0.0, ""vilifying_eu"": 0.0, ""nothing"": 1.0}",rung0-dummy,,,,
Kurir,2026-09-14,"SKANDAL U ŽIVOM PROGRAMU! Rektorka blokaderka otvoreno priznala: ""Ranije nismo bili ponosni na srpsku zastavu!""",https://www.kurir.rs/vesti/politika/10104427/rektorka-mirjana-nikolic-izjavila-da-blokaderi-ranije-nisu-bili-ponosni-na-srpsku-zastavu,,nothing,1.0,"{""vilifying_opponents"": 0.0, ""vilifying_neighbours"": 0.0, ""personality_cult"": 0.0, ""vilifying_eu"": 0.0, ""nothing"": 1.0}",rung0-dummy,,,,
Kurir,2026-09-14,"VUČIĆ OTKRIO DATUM KAD PODNOSI OSTAVKU NA MESTO PREDSEDNIKA: Najduže sam bio predsednik Srbije, verno služio građanima",https://www.kurir.rs/vesti/politika/10104409/kada-vucic-podnosi-ostavku,,nothing,1.0,"{""vilifying_opponents"": 0.0, ""vilifying_neighbours"": 0.0, ""personality_cult"": 0.0, ""vilifying_eu"": 0.0, ""nothing"": 1.0}",rung0-dummy,,,,
Kurir,2026-09-14,"""TO NIJE BILO NI '46, NI '47, DOK JE JOŠ KOMINTERNA ZAPOVEDALA"" Vučić izneo predviđanja za izbore, otkrio i kad podnosi ostavku: Sve ispod 50% biću nezadovoljan",https://www.kurir.rs/vesti/politika/10104331/predsednik-vucic-u-nacionalnom-dnevniku,,nothing,1.0,"{""vilifying_opponents"": 0.0, ""vilifying_neighbours"": 0.0, ""personality_cult"": 0.0, ""vilifying_eu"": 0.0, ""nothing"": 1.0}",rung0-dummy,,,,
Kurir,2026-09-14,VUČIĆ O NAJAVI NOVIH BLOKADA FAKULTETA: To je direktno protivzakonito! Srećan sam što smem da predam i vodim listu protiv onih koji bi da nam vrate tiraniju,https://www.kurir.rs/vesti/politika/10104405/vucic-o-blokadama-fakulteta-to-je-protivzakonito,,nothing,1.0,"{""vilifying_opponents"": 0.0, ""vilifying_neighbours"": 0.0, ""personality_cult"": 0.0, ""vilifying_eu"": 0.0, ""nothing"": 1.0}",rung0-dummy,,,,
Kurir,2026-09-14,"""TAKO NIJE BILO NI '46. KAD JE ZAPOVEDALA KOMINTERNA!"" Vučić žestoko odbrusio: Neće nama niko iz inostranstva govoriti šta je najbolje za Srbiju!",https://www.kurir.rs/vesti/politika/10104401/poredjenje-sa-kominternom-vuciceva-poruka-o-demokratiji,,nothing,1.0,"{""vilifying_opponents"": 0.0, ""vilifying_neighbours"": 0.0, ""personality_cult"": 0.0, ""vilifying_eu"": 0.0, ""nothing"": 1.0}",rung0-dummy,,,,
Kurir,2026-09-14,"""MONTIRALI SU HUK POLETANJA AVIONA!"" Vučić razbio najprljaviju fabriku laži: Jovanjica, Safari i ""zvučni top"" napravljeni da od mene naprave monstruma!",https://www.kurir.rs/vesti/politika/10104398/aleksandar-vucic-o-montiranom-snimku-afere-zvucni-top-i-dehumanizaciji,,nothing,1.0,"{""vilifying_opponents"": 0.0, ""vilifying_neighbours"": 0.0, ""personality_cult"": 0.0, ""vilifying_eu"": 0.0, ""nothing"": 1.0}",rung0-dummy,,,,
Kurir,2026-09-14,"""KLJUČNE REČI ZAPADNOG MEJNSTRIMA IZ 90-IH O SRBIMA NA BROJU"" Gujon o pisanju francuskog portala: Da nije tako verovatno Nova S ne bi ni prenela članak",https://www.kurir.rs/vesti/politika/10103218/arno-gujon-o-pisanju-francuskog-portala,,nothing,1.0,"{""vilifying_opponents"": 0.0, ""vilifying_neighbours"": 0.0, ""personality_cult"": 0.0, ""vilifying_eu"": 0.0, ""nothing"": 1.0}",rung0-dummy,,,,
Kurir,2026-09-14,"""NEMA ODLAGANJA ŠKOLSKE GODINE NA FAKULTETIMA ZBOG IZBORA"" Ministarstvo prosvete: Zakon zabranjuje političko delovanje u obrazovnim institucijama!",https://www.kurir.rs/vesti/politika/10104216/ministarstvo-prosvete-nema-odlaganja-skolske-godine-na-fakultetima-zbog-izbora,,nothing,1.0,"{""vilifying_opponents"": 0.0, ""vilifying_neighbours"": 0.0, ""personality_cult"": 0.0, ""vilifying_eu"": 0.0, ""nothing"": 1.0}",rung0-dummy,,,,
Kurir,2026-09-14,"IZGLASANO U SKUPŠTINI TZV. KOSOVA Tanja Vujović iz Srpske liste potpredsednik Skupštine, Aljbin Kurti ponovo premijer u Vladi",https://www.kurir.rs/vesti/politika/10104303/tanja-vujovic-potpredsednik-skupstine-kosova-aljbin-kurti-ponovo-premijer,,nothing,1.0,"{""vilifying_opponents"": 0.0, ""vilifying_neighbours"": 0.0, ""personality_cult"": 0.0, ""vilifying_eu"": 0.0, ""nothing"": 1.0}",rung0-dummy,,,,
Kurir,2026-09-14,"U 12 SATI Vučić sutra dodeljuje odlikovanja povodom Dana srpskog jedinstva, slobode i nacionalne zastave",https://www.kurir.rs/vesti/politika/10104304/urucivanje-odlikovanja-povodom-dana-srpskog-jedinstva,,nothing,1.0,"{""vilifying_opponents"": 0.0, ""vilifying_neighbours"": 0.0, ""personality_cult"": 0.0, ""vilifying_eu"": 0.0, ""nothing"": 1.0}",rung0-dummy,,,,
Kurir,2026-09-14,"SARAJEVO ZABRANILO MACUTU PRELET PREKO BIH: U Banjaluku idem autom, važno mi je da zajedno obeležimo Dan srpskog jedinstva",https://www.kurir.rs/vesti/politika/10104255/sarajevo-zabranilo-macutu-prelet-rpeko-bih-on-u-banjaluku-ide-autom,,nothing,1.0,"{""vilifying_opponents"": 0.0, ""vilifying_neighbours"": 0.0, ""personality_cult"": 0.0, ""vilifying_eu"": 0.0, ""nothing"": 1.0}",rung0-dummy,,,,
Kurir,2026-09-14,"""IZNENAĐUJE ME SAMODESTRUKTIVNOST BLOKADERA"" Prof. dr Dejan Miletić bez dileme: Strategija da na muku društva dođete do cilja je jadna!",https://www.kurir.rs/vesti/politika/10104252/prof-dr-miletic-o-manipulacijama-opozicije-gde-je-odgovornost,,nothing,1.0,"{""vilifying_opponents"": 0.0, ""vilifying_neighbours"": 0.0, ""personality_cult"": 0.0, ""vilifying_eu"": 0.0, ""nothing"": 1.0}",rung0-dummy,,,,
Kurir,2026-09-14,"Istina je pobedila, zvučni top nije upotrebljen: Jelena Žarić Kovačević o saopštenju Višeg javnog tužilaštva",https://www.kurir.rs/vesti/politika/10104238/zvucni-top-zaric-kovacevic,,nothing,1.0,"{""vilifying_opponents"": 0.0, ""vilifying_neighbours"": 0.0, ""personality_cult"": 0.0, ""vilifying_eu"": 0.0, ""nothing"": 1.0}",rung0-dummy,,,,
Kurir,2026-09-14,"NEST'O! ""NE MOŽEMO DA NAĐEMO NESTOROVIĆA"" Borislav Antonijević: Ne javlja nam se već sedam dana od zadnjeg sastanka, od prošlog utorka (VIDEO)",https://www.kurir.rs/vesti/politika/10104189/mi-snaga-naroda-ne-mozemo-da-nadjemo-branimira-nestorovica,,nothing,1.0,"{""vilifying_opponents"": 0.0, ""vilifying_neighbours"": 0.0, ""personality_cult"": 0.0, ""vilifying_eu"": 0.0, ""nothing"": 1.0}",rung0-dummy,,,,
Kurir,2026-09-14,PETKOVIĆ PISAO OEBS-u: Zatražio od šefa misije u Prištini da obezbedi da izbori za Skupštinu Srbije budu održani i na KiM,https://www.kurir.rs/vesti/politika/10104123/petar-petkovic-pisao-oebsu-zatrazio-od-sefa-misije-da-izbori-budu-odrzani-i-na-kim,,nothing,1.0,"{""vilifying_opponents"": 0.0, ""vilifying_neighbours"": 0.0, ""personality_cult"": 0.0, ""vilifying_eu"": 0.0, ""nothing"": 1.0}",rung0-dummy,,,,
Kurir,2026-09-14,"""REZULTATI SE NE MOGU ZAUSTAVITI"" Vučević sa građanima u Novom Sadu: Za razliku od blokadera, koji nude podele, mržnju i nasilje, mi nudimo konkretne rezultate",https://www.kurir.rs/vesti/politika/10104027/milos-vucevic-razgovarao-sa-gradjanima-u-novom-sadu,,nothing,1.0,"{""vilifying_opponents"": 0.0, ""vilifying_neighbours"": 0.0, ""personality_cult"": 0.0, ""vilifying_eu"": 0.0, ""nothing"": 1.0}",rung0-dummy,,,,
Kurir,2026-09-14,PREDSEDNIK SRBIJE PRIMIO AKREDITIVNA PISMA NOVIH AMBASADORA ŠPANIJE I AZERBEJDŽANA: I još njih osam na nerezidencijalnoj osnovi (FOTO),https://www.kurir.rs/vesti/politika/10103624/vucic-prima-akreditivna-pisma-novih-ambasadora-azerbejdzana-i-spanije,,nothing,1.0,"{""vilifying_opponents"": 0.0, ""vilifying_neighbours"": 0.0, ""personality_cult"": 0.0, ""vilifying_eu"": 0.0, ""nothing"": 1.0}",rung0-dummy,,,,
Kurir,2026-09-14,"LAŽNI HUK JE BIO PSIHOLOŠKA OPERACIJA KOJA JE TREBALO DA SRUŠI CELU SRBIJU: Aferu ""zvučni top"" montirali da bi ostvarili lične i političke ciljeve",https://www.kurir.rs/vesti/politika/10104100/lazni-huk-je-bio-psiholoska-operacija-koja-je-trebala-da-srusi-srbiju,,nothing,1.0,"{""vilifying_opponents"": 0.0, ""vilifying_neighbours"": 0.0, ""personality_cult"": 0.0, ""vilifying_eu"": 0.0, ""nothing"": 1.0}",rung0-dummy,,,,
Kurir,2026-09-14,"GUJON IZ JEKATERINBURGA: Srbija je ostala jedini most između Evrope i Rusije, nismo podlegli demonizaciji ruskog naroda",https://www.kurir.rs/vesti/politika/10103718/arno-gujon-srbija-ne-prihvata-demonizaciju-rusije,,nothing,1.0,"{""vilifying_opponents"": 0.0, ""vilifying_neighbours"": 0.0, ""personality_cult"": 0.0, ""vilifying_eu"": 0.0, ""nothing"": 1.0}",rung0-dummy,,,,
Kurir,2026-09-14,"SRBIJA JE NA UDARU, JER NIKAD NIJE BILA JAČA Zvučni top je laž, iza svega stoje kancerogene grupe i pakleni plan protiv predsednika Vučića",https://www.kurir.rs/vesti/politika/10104080/drzave-zapadne-evrope-umesane-su-u-navodno-koriscenje-zvucnog-topa,,nothing,1.0,"{""vilifying_opponents"": 0.0, ""vilifying_neighbours"": 0.0, ""personality_cult"": 0.0, ""vilifying_eu"": 0.0, ""nothing"": 1.0}",rung0-dummy,,,,
Kurir,2026-09-14,"Cvetković: Uzurpatorom SPO baviće se nadležni organi! ""Doprinećemo pobedi Ujedinjene Srbije""",https://www.kurir.rs/vesti/politika/10104091/spo-sukob-izbori-cvetkovic,,nothing,1.0,"{""vilifying_opponents"": 0.0, ""vilifying_neighbours"": 0.0, ""personality_cult"": 0.0, ""vilifying_eu"": 0.0, ""nothing"": 1.0}",rung0-dummy,,,,
Kurir,2026-09-14,"SVETSKA PROGNOZA JE JASNA - VUČIĆ 67 ODSTO, A ĐOKIĆ 0,7! Najpoznatija berza na svetu otkrila ko ima najveće šanse da bude novi premijer Srbije",https://www.kurir.rs/vesti/politika/10104004/polymarket-vucic-vodi-sa-67-sansi-za-premijera-srbije,,nothing,1.0,"{""vilifying_opponents"": 0.0, ""vilifying_neighbours"": 0.0, ""personality_cult"": 0.0, ""vilifying_eu"": 0.0, ""nothing"": 1.0}",rung0-dummy,,,,
Kurir,2026-09-14,"VUČEVIĆ I REBRAČA ZASELI NA KLUPICU PA NAVALILI! S košarkaškom legendom na bureku, kucnuli se i jogurtom: Živeli! Pa se sladili pobedničkim bombonicama (VIDEO)",https://www.kurir.rs/vesti/politika/10104061/vucevic-i-rebraca-doruckuju-burek,,nothing,1.0,"{""vilifying_opponents"": 0.0, ""vilifying_neighbours"": 0.0, ""personality_cult"": 0.0, ""vilifying_eu"": 0.0, ""nothing"": 1.0}",rung0-dummy,,,,
Kurir,2026-09-14,"OGROMNA ZASTAVA OVK NA ZGRADI OPŠTINE LIPLJAN! Postavio je gradonačelnik Ahmeti, oglasila se Američka ambasada: Upozorava na 16. septembar, dan presude Tačiju",https://www.kurir.rs/vesti/politika/10104014/ogromna-zastava-ovk-postavljena-na-zgradi-opstine-lipljan,,nothing,1.0,"{""vilifying_opponents"": 0.0, ""vilifying_neighbours"": 0.0, ""personality_cult"": 0.0, ""vilifying_eu"": 0.0, ""nothing"": 1.0}",rung0-dummy,,,,
Kurir,2026-09-14,"NAJAVA NOVOG HAOSA! PLENUMAŠI IZGLASALI BLOKADE FAKULTETA DO IZBORA! Ministar Stanković: Sve će biti tretirano u skladu sa zakonom, poslaćemo inspekciju",https://www.kurir.rs/vesti/politika/10103942/blokade-fakulteta-tokom-izbora-reakcija-ministra-stankovica,,nothing,1.0,"{""vilifying_opponents"": 0.0, ""vilifying_neighbours"": 0.0, ""personality_cult"": 0.0, ""vilifying_eu"": 0.0, ""nothing"": 1.0}",rung0-dummy,,,,
Kurir,2026-09-14,"""SAD KAD SU UHVAĆENI U LAŽI NAPADAJU NAŠE INSTITUCIJE I DRŽAVU"" Ana Brnabić objasnila zašto Sandro Goci i dalje brani lažnu aferu ""zvučni top""",https://www.kurir.rs/vesti/politika/10103918/Ana-Brnabic-o-aferi-zvucni-top-Laz-i-napadi-na-institucije,,nothing,1.0,"{""vilifying_opponents"": 0.0, ""vilifying_neighbours"": 0.0, ""personality_cult"": 0.0, ""vilifying_eu"": 0.0, ""nothing"": 1.0}",rung0-dummy,,,,
Kurir,2026-09-09,"""BLOKADERI SU TI KOJI PUCAJU NA LJUDE I MALTRETIRAJU IH"" Brnabićeva odgovorila Veselinoviću: Na ovim izborima borimo se za slobodnu Srbiju, bez podela i mržnje!",https://www.kurir.rs/vesti/politika/10099759/ana-brnabic-odgovorila-dobrici-veselinovicu,,nothing,1.0,"{""vilifying_opponents"": 0.0, ""vilifying_neighbours"": 0.0, ""personality_cult"": 0.0, ""vilifying_eu"": 0.0, ""nothing"": 1.0}",rung0-dummy,vilifying_opponents,hand,,
Kurir,2026-09-09,"BLOKADERI NI SAMI NE ZNAJU KOGA ŽELE! Na čelu ""studentske liste"" sada Dejan Bodiroga, koji je ""maseratijem"" jurio 174 tamo gde je dozvoljeno 80 km/h?!",https://www.kurir.rs/vesti/politika/10099789/Studentska-lista-Kontroverze-oko-Bodiroge,,nothing,1.0,"{""vilifying_opponents"": 0.0, ""vilifying_neighbours"": 0.0, ""personality_cult"": 0.0, ""vilifying_eu"": 0.0, ""nothing"": 1.0}",rung0-dummy,vilifying_opponents,hand,,
Kurir,2026-09-09,"""BODIROGA? JAOOO, PA ON TRI REČENICE NE UME DA KAŽE IZ GLAVE, JEDVA SREDNJU ZAVRŠIO"" Rat među blokaderima: Nemilice sipaju uvrede na račun ""prvaka"" svoje liste",https://www.kurir.rs/vesti/politika/10099797/blokaderi-vredjaju-stepen-obrazovanja-dejana-bodiroge,,nothing,1.0,"{""vilifying_opponents"": 0.0, ""vilifying_neighbours"": 0.0, ""personality_cult"": 0.0, ""vilifying_eu"": 0.0, ""nothing"": 1.0}",rung0-dummy,vilifying_opponents,hand,,
Kurir,2026-09-09,"VUČIĆ DANAS U PARIZU! Predsednik na poziv Emanuela Makrona dolazi da govori na važnom samitu o svemiru, stiže skoro 120 stranih delegacija",https://www.kurir.rs/vesti/politika/10099762/vucic-u-parizu-na-poziv-makrona-predsednik-srbije-ucestvuje-na-velikom-samitu-o-svemiru,,nothing,1.0,"{""vilifying_opponents"": 0.0, ""vilifying_neighbours"": 0.0, ""personality_cult"": 0.0, ""vilifying_eu"": 0.0, ""nothing"": 1.0}",rung0-dummy,nothing,hand,,
Kurir,2026-09-09,"RADNIČKA PARTIJA STALA UZ VUČIĆA! Na izbore izlaze sa listom ""Ujedinjena Srbija"", fokus će biti na platama, penzijama i radnim mestima",https://www.kurir.rs/vesti/politika/10099742/radnicka-partija-izlazi-na-izbore-sa-listom-ujedinjena-srbija-i-podrzava-vucica-za-mandatara,,nothing,1.0,"{""vilifying_opponents"": 0.0, ""vilifying_neighbours"": 0.0, ""personality_cult"": 0.0, ""vilifying_eu"": 0.0, ""nothing"": 1.0}",rung0-dummy,nothing,hand,,
Kurir,2026-09-09,OPASNA ANTISRPSKA KAMPANJA: Lider SNS Miloš Vučević reagovao na sramne napade iz Hrvatske i zahtev da se patrijarhu Porfiriju zabrani ulazak u EU!,https://www.kurir.rs/vesti/politika/10099712/milos-vucevic-o-zabrani-kretanja-patrijarha-porfirija,,nothing,1.0,"{""vilifying_opponents"": 0.0, ""vilifying_neighbours"": 0.0, ""personality_cult"": 0.0, ""vilifying_eu"": 0.0, ""nothing"": 1.0}",rung0-dummy,vilifying_eu,hand,,
Kurir,2026-09-14,"DONACIJE ZA PRIVATNI DUG OD 35.000 EVRA?! Zbor Novog Pazara zove građane da uplate novac blokaderu, a on DUGUJE ZA STRUJU I KIRIJU VLASNICI LOKALA (FOTO)",https://www.kurir.rs/vesti/politika/10103903/donacije-za-aladina-paucinca-novi-pazar-zbor-blokaderi,,nothing,1.0,"{""vilifying_opponents"": 0.0, ""vilifying_neighbours"": 0.0, ""personality_cult"": 0.0, ""vilifying_eu"": 0.0, ""nothing"": 1.0}",rung0-dummy,vilifying_opponents,claude-sonnet-5,,
Kurir,2026-09-14,"""NIJE TO PALO S NEBA I NIKO NE DOBIJA ŠTO NIJE ZASLUŽIO"" Poruka Vučića penzionerima i borcima! Objasnio i šta strancima uvek pokazuje sa terase Palate Srbija",https://www.kurir.rs/vesti/politika/10103882/vucic-o-jednokratnoj-novcanoj-pomoci-i-povecanju-plata-socijalnim-radnicima,,nothing,1.0,"{""vilifying_opponents"": 0.0, ""vilifying_neighbours"": 0.0, ""personality_cult"": 0.0, ""vilifying_eu"": 0.0, ""nothing"": 1.0}",rung0-dummy,nothing,claude-sonnet-5,,
Kurir,2026-09-14,"""OPOZICIJA NE MOŽE DA PRIKUPI POTPISE"" Buknuo pravi rat između DS i SSP zbog izlaska na izbore: ""ŽAO MI VAS JE...""",https://www.kurir.rs/vesti/politika/10103835/demokrate-optuzuju-opoziciju-da-ne-moze-da-sakupi-potpise,,nothing,1.0,"{""vilifying_opponents"": 0.0, ""vilifying_neighbours"": 0.0, ""personality_cult"": 0.0, ""vilifying_eu"": 0.0, ""nothing"": 1.0}",rung0-dummy,vilifying_opponents,claude-sonnet-5,,
Kurir,2026-09-14,"PIJANOM BLOKADERU SE CRNO PIŠE ZBOG LAŽNE DOJAVE BOMBE: Detalji drame na letu Air Serbia, preti mu robija i kazna do 100.000 evra?!",https://www.kurir.rs/vesti/politika/10103741/kakva-kazna-sledi-za-blokadera-koji-je-dojavio-laznu-bombu,,nothing,1.0,"{""vilifying_opponents"": 0.0, ""vilifying_neighbours"": 0.0, ""personality_cult"": 0.0, ""vilifying_eu"": 0.0, ""nothing"": 1.0}",rung0-dummy,vilifying_opponents,claude-sonnet-5,,
Kurir,2026-09-14,"DOKAZANO: Prvi snimak Radio puls Grocka dokazuje da su tri najviše šerovana snimka montirana dodavanjem “huka” kako bi se spinovala priča o ""zvučnom topu""",https://www.kurir.rs/vesti/politika/10103699/kako-je-spinovana-lazna-afera-zvucni-top,,nothing,1.0,"{""vilifying_opponents"": 0.0, ""vilifying_neighbours"": 0.0, ""personality_cult"": 0.0, ""vilifying_eu"": 0.0, ""nothing"": 1.0}",rung0-dummy,vilifying_opponents,claude-sonnet-5,,
Kurir,2026-09-14,"""NAJSTRAŠNIJA LAŽ U POSLEDNJOJ DECENIJI, ZAMALO SU IZAZVALI GRAĐANSKI RAT"" Vučić se obratio građanima i otkrio šta je SUŠTINA laži o zvučnom topu (VIDEO)",https://www.kurir.rs/vesti/politika/10103723/vucic-o-lazima-o-zvucnom-topu,,nothing,1.0,"{""vilifying_opponents"": 0.0, ""vilifying_neighbours"": 0.0, ""personality_cult"": 0.0, ""vilifying_eu"": 0.0, ""nothing"": 1.0}",rung0-dummy,vilifying_opponents,claude-sonnet-5,,
Kurir,2026-09-14,"ZA FEDERALNU TV IZ SARAJEVA BLOKADERKA KONAČNO OTKRILA KOJI IM JE PROGRAM I NAČIN DELOVANJA Pre izbora ćute o Mladiću, a onda priznaju da su Srbi zločinci?!",https://www.kurir.rs/vesti/politika/10103702/blokaderka-o-ratku-mladicu-i-nameri-blokadera,,nothing,1.0,"{""vilifying_opponents"": 0.0, ""vilifying_neighbours"": 0.0, ""personality_cult"": 0.0, ""vilifying_eu"": 0.0, ""nothing"": 1.0}",rung0-dummy,vilifying_opponents,claude-sonnet-5,,
Kurir,2026-09-14,"""ISKRENI OPOZICIONARI, SVAKO OČEKUJE NEKI BENEFIT"" Milić ""pohvalio"" Ćutu, Parandilovića i Aleksića, a zapravo rekao istinu: To je najklasičniji interes! (VIDEO)",https://www.kurir.rs/vesti/politika/10103680/dragan-milic-o-opoziciji-svako-ocekuje-neki-benefit,,nothing,1.0,"{""vilifying_opponents"": 0.0, ""vilifying_neighbours"": 0.0, ""personality_cult"": 0.0, ""vilifying_eu"": 0.0, ""nothing"": 1.0}",rung0-dummy,vilifying_opponents,claude-sonnet-5,,
Kurir,2026-09-14,1.530.000 PRIJAVILO SE ZA 6.000 DINARA! Mali ima još sjajnih vesti: Od 1. decembra veće plate i penzije! Penzionerima po 6.000 leglo još jutros u 5!,https://www.kurir.rs/vesti/politika/10103643/milion-i-po-gradjana-srbije-prijavilo-se-za-6-000-dinara-drzavne-pomoci,,nothing,1.0,"{""vilifying_opponents"": 0.0, ""vilifying_neighbours"": 0.0, ""personality_cult"": 0.0, ""vilifying_eu"": 0.0, ""nothing"": 1.0}",rung0-dummy,nothing,claude-sonnet-5,,
Kurir,2026-09-14,"STRUČNJACI VEŠTAČILI KAKO JE MONTIRAN LAŽNI HUK: Čak 50 puta pojačali zvuk da bi predstavili kao ""zvučni top"" i lažno optužili Vučića da je pucao na svoj narod",https://www.kurir.rs/vesti/politika/10103260/cak-50-puta-pojacali-zvuk-da-bi-predstavili-kao-zvucni-top-i-optuzili-vucica-da-je-pucao-na-narod,,nothing,1.0,"{""vilifying_opponents"": 0.0, ""vilifying_neighbours"": 0.0, ""personality_cult"": 0.0, ""vilifying_eu"": 0.0, ""nothing"": 1.0}",rung0-dummy,vilifying_opponents,claude-sonnet-5,,
Kurir,2026-09-13,TAČNO U 18.30 SATI! Vučić večeras u Nacionalnom dnevniku: Predsednik govori o svim aktuelnim temama,https://www.kurir.rs/vesti/politika/10103570/vucic-gost-nacionalnog-dnevnika-tv-pink,,nothing,1.0,"{""vilifying_opponents"": 0.0, ""vilifying_neighbours"": 0.0, ""personality_cult"": 0.0, ""vilifying_eu"": 0.0, ""nothing"": 1.0}",rung0-dummy,nothing,claude-sonnet-5,,
Kurir,2026-09-13,"""IZBORI SU JEDINO MERILO NARODNE VOLJE"" Đilasu zasmetalo okupljanje patriotskih snaga, Vučević mu održao lekciju: Konstrukcije propalog bloka ne iznenađuju",https://www.kurir.rs/vesti/politika/10103289/milos-vucevic-odgovorio-draganu-djilasu,,nothing,1.0,"{""vilifying_opponents"": 0.0, ""vilifying_neighbours"": 0.0, ""personality_cult"": 0.0, ""vilifying_eu"": 0.0, ""nothing"": 1.0}",rung0-dummy,vilifying_opponents,claude-sonnet-5,,
Kurir,2026-09-13,"NEVEROVATNA SILA NA PEŠTERU! Vučić se poklonio srpskoj zastavi, pa jasno poručio: ""Hoćemo sami da čuvamo svoje nebo"" Evo koju je ocenu dobila Vojska Srbije",https://www.kurir.rs/vesti/politika/10103532/vucic-na-taktickoj-vezbi-vojske-srbije,,nothing,1.0,"{""vilifying_opponents"": 0.0, ""vilifying_neighbours"": 0.0, ""personality_cult"": 0.0, ""vilifying_eu"": 0.0, ""nothing"": 1.0}",rung0-dummy,personality_cult,claude-sonnet-5,,
Kurir,2026-09-13,ĐURO MACUT POSETIO TRSTENIK Dom zdravlja pravi primer efikasnog zdravstvenog zbrinjavanja,https://www.kurir.rs/vesti/politika/10103505/djuro-macut-posetio-trstenik,,nothing,1.0,"{""vilifying_opponents"": 0.0, ""vilifying_neighbours"": 0.0, ""personality_cult"": 0.0, ""vilifying_eu"": 0.0, ""nothing"": 1.0}",rung0-dummy,nothing,claude-sonnet-5,,
Kurir,2026-09-13,"ŠIRIMO ""GARANCIJU ZA MLADE"" NA SVAKO SELO I GRAD! Ministarka Đurđević Stamenkovski poslala jaku poruku omladini: Nemamo vremena za čekanje!",https://www.kurir.rs/vesti/politika/10103493/milica-djurdjevic-stamenkovski-najavila-sirenje-programa-garancija-za-mlade-na-celu-srbiju-od-2027,,nothing,1.0,"{""vilifying_opponents"": 0.0, ""vilifying_neighbours"": 0.0, ""personality_cult"": 0.0, ""vilifying_eu"": 0.0, ""nothing"": 1.0}",rung0-dummy,nothing,claude-sonnet-5,,
Kurir,2026-09-13,"PSIHOLOŠKA OPERACIJA ""LAŽNI HUK"": Od spina o 4.000 ljudi s posledicama ""zvučnog topa"", lekarsko uverenje donelo samo njih 38! JEDAN SE ŽALIO NA HEMOROIDE!?",https://www.kurir.rs/vesti/politika/10103179/psiholoska-operacija-lazni-huk-od-spina-od-4000-ljudi-sa-posledicama-zvucnog-topa-spali-na-38,,nothing,1.0,"{""vilifying_opponents"": 0.0, ""vilifying_neighbours"": 0.0, ""personality_cult"": 0.0, ""vilifying_eu"": 0.0, ""nothing"": 1.0}",rung0-dummy,vilifying_opponents,claude-sonnet-5,,
Kurir,2026-09-13,"LEPA BRENA ZA ČETIRI OSOBE, ČUJ MENE GODINE Panović urnisao blokadere: Setite se Vučića i Malog u kolima i Brenine pesme, te četiri godine nisu lake (VIDEO)",https://www.kurir.rs/vesti/politika/10103147/zoran-panovic-porucio-blokaderima-cetiri-godine-nisu-lake,,nothing,1.0,"{""vilifying_opponents"": 0.0, ""vilifying_neighbours"": 0.0, ""personality_cult"": 0.0, ""vilifying_eu"": 0.0, ""nothing"": 1.0}",rung0-dummy,vilifying_opponents,claude-sonnet-5,,
Kurir,2026-09-13,"""U SVEMU ŠTO SMO SVIH OVIH GODINA RADILI VODILA NAS JE JEDNA MISAO"" Vučić sumirao radnu nedelju: Bilo je teških trenutaka ali smo uvek znali zbog čega se borimo",https://www.kurir.rs/vesti/politika/10103472/vucic-sumirao-radnu-nedelju-srbija,,nothing,1.0,"{""vilifying_opponents"": 0.0, ""vilifying_neighbours"": 0.0, ""personality_cult"": 0.0, ""vilifying_eu"": 0.0, ""nothing"": 1.0}",rung0-dummy,personality_cult,claude-sonnet-5,,
Kurir,2026-09-13,"KOMPLETNA LISTA ""ALEKSANDAR VUČIĆ - UJEDINJENA SRBIJA"" Otkriveni svi kandidati! Vučić na prvom mestu, a evo ko ga sledi",https://www.kurir.rs/vesti/politika/10103395/ko-su-kandidati-na-listi-aleksandar-vucic-ujedinjena-srbija,,nothing,1.0,"{""vilifying_opponents"": 0.0, ""vilifying_neighbours"": 0.0, ""personality_cult"": 0.0, ""vilifying_eu"": 0.0, ""nothing"": 1.0}",rung0-dummy,nothing,claude-sonnet-5,,
Kurir,2026-09-13,"SKANDALOZAN SNIMAK DIVLJAŠTVA NA ULICI! Blokaderska profesorka drsko napala aktiviste SNS: Baca papire i duva u pištaljku, misli da se tako dolazi na VLAST!",https://www.kurir.rs/vesti/politika/10103409/ljubica-oparnica-snimljena-kako-baca-papire-na-aktiviste-sns-tokom-ulicnog-napada,,nothing,1.0,"{""vilifying_opponents"": 0.0, ""vilifying_neighbours"": 0.0, ""personality_cult"": 0.0, ""vilifying_eu"": 0.0, ""nothing"": 1.0}",rung0-dummy,vilifying_opponents,claude-sonnet-5,,
Kurir,2026-09-13,"""DOBIO SAM INFORMACIJU DA JE NOVI PAZAR DAO USLOV DA MORATE BITI IZBAČENI S LISTE"" Razgovor Mila Lompara i Dragana Milića kako su ih preveslali blokaderi VIDEO",https://www.kurir.rs/vesti/politika/10103195/milo-lompar-i-dragan-milic-razgovor-studentska-lista,,nothing,1.0,"{""vilifying_opponents"": 0.0, ""vilifying_neighbours"": 0.0, ""personality_cult"": 0.0, ""vilifying_eu"": 0.0, ""nothing"": 1.0}",rung0-dummy,vilifying_opponents,claude-sonnet-5,,
Kurir,2026-09-13,"NOVA DIMENZIJA MRŽNJE I PROSTAKLUKA! Blokaderi sad udarili na RIK i zaposlene: Umesto političkog programa, poručili: Sve ćemo ih... (FOTO)",https://www.kurir.rs/vesti/politika/10103308/blokaderi-psuju-i-rik,,nothing,1.0,"{""vilifying_opponents"": 0.0, ""vilifying_neighbours"": 0.0, ""personality_cult"": 0.0, ""vilifying_eu"": 0.0, ""nothing"": 1.0}",rung0-dummy,vilifying_opponents,claude-sonnet-5,,
Kurir,2026-09-13,"""DO POBEDE"" Brnabić sa narodom u Stepojevcu: Srbija poslednjih 14 godina NEPREPOZNATLJIVA - napreduje u svim oblastima! Vučić može da nas vodi u nove pobede",https://www.kurir.rs/vesti/politika/10103361/ana-brnabic-o-napretku-srbije-u-stepojevcu,,nothing,1.0,"{""vilifying_opponents"": 0.0, ""vilifying_neighbours"": 0.0, ""personality_cult"": 0.0, ""vilifying_eu"": 0.0, ""nothing"": 1.0}",rung0-dummy,personality_cult,claude-sonnet-5,,
Kurir,2026-09-13,"RASPAD U PARANDILOVIĆEVOJ STRANCI Predsednik Opštinskog odbora u Bajinoj Bašti podneo ostavku, a onda svi odbornici istupili iz stranke!",https://www.kurir.rs/vesti/politika/10103329/raspad-u-parandilovicevoj-stranci-odbornici-istupili-iz-stranke,,nothing,1.0,"{""vilifying_opponents"": 0.0, ""vilifying_neighbours"": 0.0, ""personality_cult"": 0.0, ""vilifying_eu"": 0.0, ""nothing"": 1.0}",rung0-dummy,vilifying_opponents,claude-sonnet-5,,
Kurir,2026-09-13,"RIK PROGLASIO LISTU ""ALEKSANDAR VUČIĆ - UJEDINJENA SRBIJA"": Biće pod rednim brojem jedan",https://www.kurir.rs/vesti/politika/10103336/proglasena-izborna-lista-aleksandar-vucic-ujedinjena-srbija,,nothing,1.0,"{""vilifying_opponents"": 0.0, ""vilifying_neighbours"": 0.0, ""personality_cult"": 0.0, ""vilifying_eu"": 0.0, ""nothing"": 1.0}",rung0-dummy,nothing,claude-sonnet-5,,
Kurir,2026-09-13,"SKANDAL! BEGUNAC RADIĆ SA NEPOZNATE LOKACIJE DAJE IZJAVE ZA BLOKADERSKE MEDIJE! Osumnjičeni za aferu ""zvučni top"" komentariše istragu protiv samog sebe",https://www.kurir.rs/vesti/politika/10103321/aleksandar-radic-begunac-komentarise-istragu,,nothing,1.0,"{""vilifying_opponents"": 0.0, ""vilifying_neighbours"": 0.0, ""personality_cult"": 0.0, ""vilifying_eu"": 0.0, ""nothing"": 1.0}",rung0-dummy,vilifying_opponents,claude-sonnet-5,,
Kurir,2026-09-13,"VUČIĆ SUTRA PRIMA AKREDITIVNA PISMA Predsednik sa novim ambasadorima Azerbejdžana i Španije, ali i 8 drugih zemalja",https://www.kurir.rs/vesti/politika/10103305/vucic-sutra-prima-akreditivna-pisma-ambasadora,,nothing,1.0,"{""vilifying_opponents"": 0.0, ""vilifying_neighbours"": 0.0, ""personality_cult"": 0.0, ""vilifying_eu"": 0.0, ""nothing"": 1.0}",rung0-dummy,nothing,claude-sonnet-5,,
Kurir,2026-09-13,"""OVO JE VAŠ DOM I TAKO ĆE OSTATI ZAUVEK"" Brnabić u Skupštini ugostila decu iz Republike Srpske u susret Danu srpskog jedinstva, slobode i nacionalne zastave",https://www.kurir.rs/vesti/politika/10103295/ana-brnabic-ugostila-decu-iz-republike-srpske,,nothing,1.0,"{""vilifying_opponents"": 0.0, ""vilifying_neighbours"": 0.0, ""personality_cult"": 0.0, ""vilifying_eu"": 0.0, ""nothing"": 1.0}",rung0-dummy,nothing,claude-sonnet-5,,
Kurir,2026-09-13,"""MILANOVA DOKTRINA JE..."" Nije slučajno što je predsednik Vučić od načelnika Generalštaba na poklon dobio baš tenk! (VIDEO)",https://www.kurir.rs/vesti/politika/10103268/vucic-od-generala-mojsilovica-dobio-maketu-tenka-na-poklon,,nothing,1.0,"{""vilifying_opponents"": 0.0, ""vilifying_neighbours"": 0.0, ""personality_cult"": 0.0, ""vilifying_eu"": 0.0, ""nothing"": 1.0}",rung0-dummy,vilifying_neighbours,claude-sonnet-5,,
Kurir,2026-09-13,"""SAMO UJEDINJENI MOŽEMO DA SAČUVAMO STABILNOST"" Vučević u Novom Slankamenu: Razlike među nama ne smeju biti povod za nove podele",https://www.kurir.rs/vesti/politika/10103230/milos-vucevic-u-slankamenu-sa-gradjanima,,nothing,1.0,"{""vilifying_opponents"": 0.0, ""vilifying_neighbours"": 0.0, ""personality_cult"": 0.0, ""vilifying_eu"": 0.0, ""nothing"": 1.0}",rung0-dummy,nothing,claude-sonnet-5,,
Kurir,2026-09-13,"SAZNAJEMO, SASLUŠAN OSUMNJIČENI ZA NAPAD NA DEKANA FILOZOFSKOG SINANIJA: Priznao sve, osuđivan čak 8 puta za različita krivična dela!",https://www.kurir.rs/vesti/politika/10103254/saslusan-osumnjiceni-za-napad-na-dekana-filozofskog-sinanija,,nothing,1.0,"{""vilifying_opponents"": 0.0, ""vilifying_neighbours"": 0.0, ""personality_cult"": 0.0, ""vilifying_eu"": 0.0, ""nothing"": 1.0}",rung0-dummy,nothing,claude-sonnet-5,,
Kurir,2026-09-13,"BLOKADERSKI N1 NASTAVLJA DA ŠIRI LAŽI I SATANIZUJE DRŽAVU! Ignorišu dokaze, manipulušu: IZVRĆU ODLUKE SUDA U STRAZBURU KOJI JE REKAO DA NIJE BILO ZVUČNOG TOPA",https://www.kurir.rs/vesti/politika/10103250/n1-nastavlja-lazi-o-zvucnom-topu,,nothing,1.0,"{""vilifying_opponents"": 0.0, ""vilifying_neighbours"": 0.0, ""personality_cult"": 0.0, ""vilifying_eu"": 0.0, ""nothing"": 1.0}",rung0-dummy,vilifying_opponents,claude-sonnet-5,,
Kurir,2026-09-13,UDARNO: Radić i Šolakova propaganda mesecima sprovodili psihološke operacije nad građanima Srbije,https://www.kurir.rs/vesti/politika/10103222/radic-i-solakova-propaganda-mesecima-sprovodili-priholoske-operacije-nad-gradjanima-srbije,,nothing,1.0,"{""vilifying_opponents"": 0.0, ""vilifying_neighbours"": 0.0, ""personality_cult"": 0.0, ""vilifying_eu"": 0.0, ""nothing"": 1.0}",rung0-dummy,vilifying_opponents,claude-sonnet-5,,
Kurir,2026-09-13,"TUŽILAŠTVO STAVILO TAČKU NA AFERU ""ZVUČNI TOP"" Milomir Marić za Kurir: To je deo plana za preuzimanje vlasti preko ulice",https://www.kurir.rs/vesti/politika/10103214/sta-se-zaista-dogodilo-15-marta-2025-godine,,nothing,1.0,"{""vilifying_opponents"": 0.0, ""vilifying_neighbours"": 0.0, ""personality_cult"": 0.0, ""vilifying_eu"": 0.0, ""nothing"": 1.0}",rung0-dummy,vilifying_opponents,claude-sonnet-5,,
Kurir,2026-09-13,"""BLOKADE NE SMEJU BITI MODEL POLITIČKOG DELOVANJA U PROSVETI"" Dejan Vuk Stanković za Kurir: Iskreno se nadam da se prethodna školska godina neće ponoviti",https://www.kurir.rs/vesti/politika/10103070/dejan-vuk-stankovic-intervju-za-kurir,,nothing,1.0,"{""vilifying_opponents"": 0.0, ""vilifying_neighbours"": 0.0, ""personality_cult"": 0.0, ""vilifying_eu"": 0.0, ""nothing"": 1.0}",rung0-dummy,vilifying_opponents,claude-sonnet-5,,
Kurir,2026-09-13,"Srpska trobojka treba da se vijori svuda! Ministarka Stamenkovski se oglasila uoči obeležavanja Dana srpskog jedinstva, slobode i nacionalne zastave",https://www.kurir.rs/vesti/politika/10103205/dan-srpskog-jedinstva-u-banjaluci-oglasila-se-ministarka-milica-djurdjevic-stamenkovski,,nothing,1.0,"{""vilifying_opponents"": 0.0, ""vilifying_neighbours"": 0.0, ""personality_cult"": 0.0, ""vilifying_eu"": 0.0, ""nothing"": 1.0}",rung0-dummy,nothing,claude-sonnet-5,,
Kurir,2026-09-13,"""KOLIKO SU MRŽNJE POSEJALI NA OSNOVU ZASTRAŠUJUĆE LAŽI I MONTIRANOG SNIMKA"" Predsednik Vučić o lažnoj aferi ""zvučni top"" i novim saznanjima tužilaštva",https://www.kurir.rs/vesti/politika/10103203/predsednik-aleksandar-vucic-o-laznoj-aferi-zvucni-top,,nothing,1.0,"{""vilifying_opponents"": 0.0, ""vilifying_neighbours"": 0.0, ""personality_cult"": 0.0, ""vilifying_eu"": 0.0, ""nothing"": 1.0}",rung0-dummy,vilifying_opponents,claude-sonnet-5,,
Kurir,2026-09-13,"MARGETIĆ JE BLOKADERIMA ""TREĆE OKO"" IZ HRVATSKE! Ana Brnabić o pretnjama hrvatskog ""novinara"": Od prženja i flambiranja stigli su do vešanja na ulicama",https://www.kurir.rs/vesti/politika/10103183/ana-brnabic-o-pretnjama-domagoja-margetica,,nothing,1.0,"{""vilifying_opponents"": 0.0, ""vilifying_neighbours"": 0.0, ""personality_cult"": 0.0, ""vilifying_eu"": 0.0, ""nothing"": 1.0}",rung0-dummy,vilifying_neighbours,claude-sonnet-5,,
Kurir,2026-09-13,"""VRLO DOBRO! VEOMA SAM PONOSAN! HOĆEMO MIR I STABILNOST"" Vučić: Hoćemo sami da čuvamo svoje nebo! Mogli ste da vidite robotizovani napad bez ijednog čoveka",https://www.kurir.rs/vesti/politika/10103066/predsednik-vucic-na-vojnoj-vezbi-pobednik-2026,,nothing,1.0,"{""vilifying_opponents"": 0.0, ""vilifying_neighbours"": 0.0, ""personality_cult"": 0.0, ""vilifying_eu"": 0.0, ""nothing"": 1.0}",rung0-dummy,personality_cult,claude-sonnet-5,,
Kurir,2026-09-13,"KAKO JE NALEPLJEN LAŽNI ZVUK NA SNIMAK KOJI JE TREBALO DA UNIŠTI SRBIJU I NAPRAVI OD VUČIĆA ZVER KOJA PUCA U DECU: Pogledajte hronologiju, SVE OTKRIVENO (VIDEO)",https://www.kurir.rs/vesti/politika/10103131/kako-je-nalepljen-lazni-zvuk-na-snimak-zvucnog-topa-cilj-unistiti-vucica-i-srbiju,,nothing,1.0,"{""vilifying_opponents"": 0.0, ""vilifying_neighbours"": 0.0, ""personality_cult"": 0.0, ""vilifying_eu"": 0.0, ""nothing"": 1.0}",rung0-dummy,vilifying_opponents,claude-sonnet-5,,
Kurir,2026-09-13,"MARGETIĆ IZ HRVATSKE PODRŽAO BLOKADERE, PRETI SRBIMA VEŠANJEM, A VUČIĆU SUDBINOM ČAUŠESKOG: ""Moja lična osveta je da vas jurim, biću vam za vratom"" (VIDEO)",https://www.kurir.rs/vesti/politika/10103116/domagoj-margetic-poziva-na-vesanje-i-krvoprolice-u-beogradu,,nothing,1.0,"{""vilifying_opponents"": 0.0, ""vilifying_neighbours"": 0.0, ""personality_cult"": 0.0, ""vilifying_eu"": 0.0, ""nothing"": 1.0}",rung0-dummy,vilifying_neighbours,claude-sonnet-5,,
Kurir,2026-09-13,"KURIR OTKRIVA KO JE I ZAŠTO MONTIRAO LAŽNI HUK ""ZVUČNOG TOPA"": Vučić je monstrum, pucao je u našu decu! Evo kako je pakovana OPASNA PSIHOLOŠKA OPERACIJA",https://www.kurir.rs/vesti/politika/10103072/kurir-otkriva-ko-je-i-zasto-montirao-lazni-huk-zvucnog-topa,,nothing,1.0,"{""vilifying_opponents"": 0.0, ""vilifying_neighbours"": 0.0, ""personality_cult"": 0.0, ""vilifying_eu"": 0.0, ""nothing"": 1.0}",rung0-dummy,vilifying_opponents,claude-sonnet-5,,
Kurir,2025-04-19,"SKANDALOZNE REČI BIVŠEG REKTORA! ""Ljudi koji podržavaju blokade su BOLJI, BOGATIJI I OBRAZOVANIJI!"" Zar ovako govori ugledni profesor, zar se ovako deli narod?!",https://www.kurir.rs/vesti/politika/9646873/skandalozne-reci-bivseg-rektora-ljudi-koji-pdorzavaju-blokade-su-bolji-bogatiji-i-obrazovaniji,,nothing,1.0,"{""vilifying_opponents"": 0.0, ""vilifying_neighbours"": 0.0, ""personality_cult"": 0.0, ""vilifying_eu"": 0.0, ""nothing"": 1.0}",rung0-dummy,vilifying_opponents,claude-sonnet-5,,
Kurir,2026-06-02,POTVRDA DA SMO MI SRBIJA Đurđević Stamenkovski o odnosima s Rusijom: Zajednička istorija nas obavezuje da i u teškim vremenima ne zaboravimo zajedničko nasleđe,https://www.kurir.rs/vesti/politika/10012292/milica-djurdjevic-stamenkovski-o-vezama-sa-rusijom-i-neuvodjenju-sankcija,,nothing,1.0,"{""vilifying_opponents"": 0.0, ""vilifying_neighbours"": 0.0, ""personality_cult"": 0.0, ""vilifying_eu"": 0.0, ""nothing"": 1.0}",rung0-dummy,nothing,claude-sonnet-5,,
Kurir,2025-04-29,GRGUR: Napad na dekana je napad na državu ,https://www.kurir.rs/vesti/politika/9656230/grgur-o-napadu-na-drida,,nothing,1.0,"{""vilifying_opponents"": 0.0, ""vilifying_neighbours"": 0.0, ""personality_cult"": 0.0, ""vilifying_eu"": 0.0, ""nothing"": 1.0}",rung0-dummy,vilifying_opponents,claude-sonnet-5,,
Kurir,2026-05-29,"SRBIJA I KINA JAČAJU VOJNU SARADNJU: Mihailović i Radić o novoj opremi i nastavku modernizacije : ""Mnogi su bili skeptični upravo zbog propagande""",https://www.kurir.rs/vesti/politika/10008646/srbija-i-kina-jacaju-vojnu-sradanju-stize-nova-oprema-i-nastavak-modernizacije,,nothing,1.0,"{""vilifying_opponents"": 0.0, ""vilifying_neighbours"": 0.0, ""personality_cult"": 0.0, ""vilifying_eu"": 0.0, ""nothing"": 1.0}",rung0-dummy,nothing,claude-sonnet-5,,
Kurir,2025-06-08,"IZBORI U ZAJEČARU I KOSJERIĆU Lista ""Ne damo Srbiju - Aleksandar Vučić"" odnela pobedu na oba mesta! Ovo su rezultati (FOTO)",https://www.kurir.rs/vesti/politika/9692834/rezultati-izbora-u-kosjericu-i-zajecaru,,nothing,1.0,"{""vilifying_opponents"": 0.0, ""vilifying_neighbours"": 0.0, ""personality_cult"": 0.0, ""vilifying_eu"": 0.0, ""nothing"": 1.0}",rung0-dummy,nothing,claude-sonnet-5,,
Kurir,2025-04-29,"""MAŠTAM DA ODEM NA MARS, A TO NE ZNAČI DA ĆU STVARNO DA ODEM"" Vučić : Nervoza je velika kod blokadera i opozicije, znaju koliko padaju",https://www.kurir.rs/vesti/politika/9656222/vucic-o-blokaderima-i-opoziciji,,nothing,1.0,"{""vilifying_opponents"": 0.0, ""vilifying_neighbours"": 0.0, ""personality_cult"": 0.0, ""vilifying_eu"": 0.0, ""nothing"": 1.0}",rung0-dummy,vilifying_opponents,claude-sonnet-5,,
Kurir,2025-04-05,"STUDENTI KOJI HOĆE DA UČE UPUTILI PISMO PREDSEDNIKU EVROPSKOG SUDA ZA LJUDSKA PRAVA U STRAZBURU: ""Naše pravo na obrazovanje je i dalje onemogućeno!""",https://www.kurir.rs/vesti/politika/9634000/studenti-koji-hoce-da-uce-uputili-pismo-predsedniku-evropskog-suda-za-ljudska-prava-u-strazburu,,nothing,1.0,"{""vilifying_opponents"": 0.0, ""vilifying_neighbours"": 0.0, ""personality_cult"": 0.0, ""vilifying_eu"": 0.0, ""nothing"": 1.0}",rung0-dummy,vilifying_opponents,claude-sonnet-5,,
Kurir,2025-10-24,"VUČIĆ I ORBAN DOBITNICI NAGRADE ""PASTOR IŠTVAN“ ZA 2025. GODINU: Predsedniku Srbije priznanje za strateško partnerstvo Srbije i Mađarske",https://www.kurir.rs/vesti/politika/9811672/vucic-i-orban-dobitnici-nagrade-pastor-istvan-za-2025-godinu,,nothing,1.0,"{""vilifying_opponents"": 0.0, ""vilifying_neighbours"": 0.0, ""personality_cult"": 0.0, ""vilifying_eu"": 0.0, ""nothing"": 1.0}",rung0-dummy,nothing,claude-sonnet-5,,
Kurir,2025-07-01,"""U KOJOJ SE REVOLUCIJI LJUDI RAZBEŽE KADA DOĐE POLICIJA?"" Jovanov: Žele da drugi pate i trpe, maltretiraju ljude koji su krenuli na posao ili bolnicu",https://www.kurir.rs/vesti/politika/9712667/ovanov-blokaderi-zele-da-drugi-pate-i-trpe-maltretiraju-ljude-koji-su-krenuli-na-posao-ili-bolnicu,,nothing,1.0,"{""vilifying_opponents"": 0.0, ""vilifying_neighbours"": 0.0, ""personality_cult"": 0.0, ""vilifying_eu"": 0.0, ""nothing"": 1.0}",rung0-dummy,vilifying_opponents,claude-sonnet-5,,
Kurir,2026-06-28,VUČEVIĆ OSUDIO HAPŠENJE SRBA NA GAZIMESTANU: Međunarodna zajednica hitno da reaguje na kontinuirano ugnjetavanje,https://www.kurir.rs/vesti/politika/10034837/milos-vucevic-osudio-hapsenje-srba-na-gazimestanu,,nothing,1.0,"{""vilifying_opponents"": 0.0, ""vilifying_neighbours"": 0.0, ""personality_cult"": 0.0, ""vilifying_eu"": 0.0, ""nothing"": 1.0}",rung0-dummy,vilifying_neighbours,claude-sonnet-5,,
Kurir,2025-06-01,"""PONIŠTILI SMO POTPUNO ČIST KONKURS REM-A DA ZAUSTAVIMO BLOKADU RTS-A"" Bakarec priznao na Kurir televiziji, Bjelica odgovorila: Krivi ste, kasnili ste mesecima!",https://www.kurir.rs/vesti/politika/9686042/bakarec-i-bjelica-u-sukobu-na-kurir-televiziji-o-raspisivanju-rem-ovog-konkursa,,nothing,1.0,"{""vilifying_opponents"": 0.0, ""vilifying_neighbours"": 0.0, ""personality_cult"": 0.0, ""vilifying_eu"": 0.0, ""nothing"": 1.0}",rung0-dummy,nothing,claude-sonnet-5,,
Kurir,2025-07-31,IGOR POPOVIĆ OSTAJE U PRITVORU Apelacioni sud odbio žalbu! Delević: Ozbiljno kršenje procesnih garancija i načela hitnosti,https://www.kurir.rs/vesti/politika/9738946/igor-popovic-ostaje-u-pritvoru,,nothing,1.0,"{""vilifying_opponents"": 0.0, ""vilifying_neighbours"": 0.0, ""personality_cult"": 0.0, ""vilifying_eu"": 0.0, ""nothing"": 1.0}",rung0-dummy,nothing,claude-sonnet-5,,
Kurir,2025-04-21,"""BIO JE PRIMER ČOVEKA OD VERE"": Macut izrazio saučešće povodom smrti pape Franje",https://www.kurir.rs/vesti/politika/9648233/macut-izrazio-saucesce-povodom-smrti-pape-franje,,nothing,1.0,"{""vilifying_opponents"": 0.0, ""vilifying_neighbours"": 0.0, ""personality_cult"": 0.0, ""vilifying_eu"": 0.0, ""nothing"": 1.0}",rung0-dummy,nothing,claude-sonnet-5,,
Kurir,2025-04-24,"KO JE CAR, KO LEGENDA, A KO ""ARGH""?! Ana Brnabić pred izazovom ""jedna osoba - jedna reč"": Evo šta kaže o predsedniku Vučiću, a šta o Jokiću, Lepoj Breni... ",https://www.kurir.rs/vesti/politika/9651572/ana-brnabic-na-tiktoku-jedna-osoba-jedan-rec,,nothing,1.0,"{""vilifying_opponents"": 0.0, ""vilifying_neighbours"": 0.0, ""personality_cult"": 0.0, ""vilifying_eu"": 0.0, ""nothing"": 1.0}",rung0-dummy,nothing,claude-sonnet-5,,
Kurir,2025-07-06,"EVO KAKVA JE TRENUTNA SITUACIJA U BEOGRADU: Blokaderi i tokom noći maltretirali građane, oglasio se GSP",https://www.kurir.rs/vesti/politika/9716134/evo-kakva-je-trenutna-situacija-na-ulicama-u-beogradu-posle-blokada,,nothing,1.0,"{""vilifying_opponents"": 0.0, ""vilifying_neighbours"": 0.0, ""personality_cult"": 0.0, ""vilifying_eu"": 0.0, ""nothing"": 1.0}",rung0-dummy,vilifying_opponents,claude-sonnet-5,,
Kurir,2025-04-23,VUČIĆ DOBIO POZIV - IDE NA SAHRANU PAPE FRANJE: Predsednik uprkos zgusnutom rasporedu u subotu u Vatikanu,https://www.kurir.rs/vesti/politika/9650409/vucic-ide-na-sahranu-papa-franje,,nothing,1.0,"{""vilifying_opponents"": 0.0, ""vilifying_neighbours"": 0.0, ""personality_cult"": 0.0, ""vilifying_eu"": 0.0, ""nothing"": 1.0}",rung0-dummy,nothing,claude-sonnet-5,,
Kurir,2026-05-25,"''NJEMU VIŠE NIJE VAŽNO KOJI SU STRANCI, SAMO DA IM SLUŽI'' Brnabić žestoko odgovorila Srđanu Milivojeviću: Vučić služi samo svom narodu i svojoj zemlji",https://www.kurir.rs/vesti/politika/10004273/ana-brnabic-odgovorila-na-iksu-na-prozivke-srdjana-milivojevica,,nothing,1.0,"{""vilifying_opponents"": 0.0, ""vilifying_neighbours"": 0.0, ""personality_cult"": 0.0, ""vilifying_eu"": 0.0, ""nothing"": 1.0}",rung0-dummy,personality_cult,claude-sonnet-5,,
Kurir,2025-06-14,PREDSEDNIK VUČIĆ: Učinićemo sve da Srbiju ponovo podignemo na pobedničko postolje,https://www.kurir.rs/vesti/politika/9697910/vucic-ucinicemo-sve-da-srbiju-ponovo-podignemo-na-pobednicko-postolje,,nothing,1.0,"{""vilifying_opponents"": 0.0, ""vilifying_neighbours"": 0.0, ""personality_cult"": 0.0, ""vilifying_eu"": 0.0, ""nothing"": 1.0}",rung0-dummy,personality_cult,claude-sonnet-5,,
Kurir,2025-06-08,"BLOKADERI KREĆU U KOLONI KA KOSJERIĆU DA PRAVE NEREDE Znaju da ih narod neće, pa spremaju haos! Motoristi i ""veterani"" krenuli iz Beograda (FOTO)",https://www.kurir.rs/vesti/politika/9692806/blokaderi-krenuli-u-kosjeric-da-prave-nerede,,nothing,1.0,"{""vilifying_opponents"": 0.0, ""vilifying_neighbours"": 0.0, ""personality_cult"": 0.0, ""vilifying_eu"": 0.0, ""nothing"": 1.0}",rung0-dummy,vilifying_opponents,claude-sonnet-5,,
Kurir,2025-10-31,KURIR SAZNAJE: Uhapšen Miša Bačulov! Planirao da lažira svoje trovanje i optuži Aleksandra Vučića i vrh države,https://www.kurir.rs/vesti/politika/9817808/uhapsen-misa-baculov,,nothing,1.0,"{""vilifying_opponents"": 0.0, ""vilifying_neighbours"": 0.0, ""personality_cult"": 0.0, ""vilifying_eu"": 0.0, ""nothing"": 1.0}",rung0-dummy,vilifying_opponents,claude-sonnet-5,,
Kurir,2025-06-30,"ODGOVORNI STE ZA ŽIVOTE GRAĐANA DO KOJIH NE MOŽE DA DOĐE HITNA, ZA SVE ČIJI LEKARI NE MOGU DA STIGNU NA OPERACIJE: Ministarstvo zdravlja upozorilo blokadere",https://www.kurir.rs/vesti/politika/9711123/ministarstvo-zdravlja-blokade-direktno-ugrozavaju-zivote-i-zdravlje-gradjana-srbije,,nothing,1.0,"{""vilifying_opponents"": 0.0, ""vilifying_neighbours"": 0.0, ""personality_cult"": 0.0, ""vilifying_eu"": 0.0, ""nothing"": 1.0}",rung0-dummy,vilifying_opponents,claude-sonnet-5,,
Kurir,2025-07-07,"DEKAN FDU UGOSTIO HRVATSKU NOVINARKU KOJA SLAVI USTAŠTVO: Pavlović na blokirani fakultet doveo ženu koja ne skida majicu sa natpisom ""Za dom spremni""",https://www.kurir.rs/vesti/politika/9717026/pavlovic-na-fakultet-u-blokadi-doveo-zenu-koja-ne-skida-majicu-sa-natpisom-za-dom-spremni,,nothing,1.0,"{""vilifying_opponents"": 0.0, ""vilifying_neighbours"": 0.0, ""personality_cult"": 0.0, ""vilifying_eu"": 0.0, ""nothing"": 1.0}",rung0-dummy,vilifying_opponents,claude-sonnet-5,,
Kurir,2025-10-01,NEĆE BLOKADERI UMOBOLNIM AKCIJAMA IZAZVATI ONO ŠTO ŽELE - GRAĐANSKI RAT! Milenko Jovanov osudio napad na Sandru Božić: Kukavički i sraman čin,https://www.kurir.rs/vesti/politika/9790626/milenko-jovanov-osudio-napad-na-sandru-bozic,,nothing,1.0,"{""vilifying_opponents"": 0.0, ""vilifying_neighbours"": 0.0, ""personality_cult"": 0.0, ""vilifying_eu"": 0.0, ""nothing"": 1.0}",rung0-dummy,vilifying_opponents,claude-sonnet-5,,
Kurir,2025-04-09,"VUČIĆ IZ PARIZA O STUDENTSKIM ZAHTEVIMA: Ja sam kriv za sve! Tražite moju ostavku, dobićete referendum! Deco, nije terorizam za vas, vratite se učenju",https://www.kurir.rs/vesti/politika/9637319/vucic-stigao-u-pariz,,nothing,1.0,"{""vilifying_opponents"": 0.0, ""vilifying_neighbours"": 0.0, ""personality_cult"": 0.0, ""vilifying_eu"": 0.0, ""nothing"": 1.0}",rung0-dummy,vilifying_opponents,claude-sonnet-5,,
Kurir,2026-06-29,"""OVO JE BORBA ZA LJUDE, NE POSTOJI NIŠTA VAŽNIJE OD OVOGA"" Predsednik Vučić pokazao kako se brine o svom narodu (VIDEO)",https://www.kurir.rs/vesti/politika/10035165/predsednik-vucic-o-mobilnim-ambulantama,,nothing,1.0,"{""vilifying_opponents"": 0.0, ""vilifying_neighbours"": 0.0, ""personality_cult"": 0.0, ""vilifying_eu"": 0.0, ""nothing"": 1.0}",rung0-dummy,personality_cult,claude-sonnet-5,,
Kurir,2025-06-28,"ZASTAVOM SRBIJE KRENUO NA POLICIJU! Blokaderi dobili ""zeleno"" svetlo za jezive napade - nasiljem, palicama i bakljama pokušali da ih razoružaju! (VIDEO)",https://www.kurir.rs/vesti/politika/9710268/blokaderi-krenuli-u-brutalan-napad-na-policiju-tokom-protesta-u-beogradu,,nothing,1.0,"{""vilifying_opponents"": 0.0, ""vilifying_neighbours"": 0.0, ""personality_cult"": 0.0, ""vilifying_eu"": 0.0, ""nothing"": 1.0}",rung0-dummy,vilifying_opponents,claude-sonnet-5,,
Kurir,2025-04-25,PREMIJER MACUT SE SASTAO REKTOROM UNIVERZITETA U NOVOM SADU: Od ovog dogovora korist će imati celokupna akademska zajednica u Srbiji,https://www.kurir.rs/vesti/politika/9652658/premijer-macut-se-sastao-rektorom-univerziteta-u-novom-sadu,,nothing,1.0,"{""vilifying_opponents"": 0.0, ""vilifying_neighbours"": 0.0, ""personality_cult"": 0.0, ""vilifying_eu"": 0.0, ""nothing"": 1.0}",rung0-dummy,nothing,claude-sonnet-5,,
Kurir,2025-07-17,PREMIJER MACUT: 1. septembar će se obeležavati kao Dan nesvrstanih,https://www.kurir.rs/vesti/politika/9726676/premijer-macut-1-septembar-ce-se-obelezavati-kao-dan-nesvrstanih,,nothing,1.0,"{""vilifying_opponents"": 0.0, ""vilifying_neighbours"": 0.0, ""personality_cult"": 0.0, ""vilifying_eu"": 0.0, ""nothing"": 1.0}",rung0-dummy,nothing,claude-sonnet-5,,
Kurir,2025-10-23,"""TRETIRALI SU ME KAO KRIMINALCA!"" Ministarka Mesarović doživela poniženje na hrvatskoj granici: Samo mene od cele delegacije izveli iz automobila ",https://www.kurir.rs/vesti/politika/9810476/adrijana-mesarovic-skandal-na-hrvatskoj-granici,,nothing,1.0,"{""vilifying_opponents"": 0.0, ""vilifying_neighbours"": 0.0, ""personality_cult"": 0.0, ""vilifying_eu"": 0.0, ""nothing"": 1.0}",rung0-dummy,vilifying_neighbours,claude-sonnet-5,,
Kurir,2025-04-20,RADIO-TELEVIZIJI SRBIJE OMOGUĆITI USLOVE ZA REDOVAN RAD! Ministar Bratina: Pad RTS pod pritiskom blokadera bi imao smisao DRŽAVNOG UDARA,https://www.kurir.rs/vesti/politika/9647590/boris-bratina-pozvao-na-deblokadu-rts,,nothing,1.0,"{""vilifying_opponents"": 0.0, ""vilifying_neighbours"": 0.0, ""personality_cult"": 0.0, ""vilifying_eu"": 0.0, ""nothing"": 1.0}",rung0-dummy,vilifying_opponents,claude-sonnet-5,,
Kurir,2025-10-01,"BRNABIĆ SAZVALA SEDNICU SKUPŠTINE SRBIJE: Parlament zaseda 7. oktobra u 10 sati, na dnevnom redu od 47 tačaka i Predlog zakona o legalizaciji",https://www.kurir.rs/vesti/politika/9789928/sednica-skupstine-srbije-7-oktobra-na-dnevnom-redu-legalizacija,,nothing,1.0,"{""vilifying_opponents"": 0.0, ""vilifying_neighbours"": 0.0, ""personality_cult"": 0.0, ""vilifying_eu"": 0.0, ""nothing"": 1.0}",rung0-dummy,nothing,claude-sonnet-5,,
Kurir,2025-04-05,"""OVO JE BITKA ZA SRBIJU"" Vladimir Đukanović:  Veoma je teško boriti se, ali jedini način je da budeš uporniji",https://www.kurir.rs/vesti/politika/9633663/vladimir-djukanovic-veoma-je-tesko-boriti-se-ali-jedini-nacin-je-da-budes-uporniji,,nothing,1.0,"{""vilifying_opponents"": 0.0, ""vilifying_neighbours"": 0.0, ""personality_cult"": 0.0, ""vilifying_eu"": 0.0, ""nothing"": 1.0}",rung0-dummy,nothing,claude-sonnet-5,,
Kurir,2026-05-30,".Za Đilasa su i Švajcarci ludi?! Dao sebi za pravo da kritikuje diplomatski podvig predsednika Vučića u Kini, a isti sporazum potpisala i Švajcarska",https://www.kurir.rs/vesti/politika/10009667/prema-draganu-djilasu-svajcarska-je-luda,,nothing,1.0,"{""vilifying_opponents"": 0.0, ""vilifying_neighbours"": 0.0, ""personality_cult"": 0.0, ""vilifying_eu"": 0.0, ""nothing"": 1.0}",rung0-dummy,vilifying_opponents,claude-sonnet-5,,
Kurir,2026-05-14,"""IZGLEDA DA JE GOSPODIN ŠOŠKIĆ ZABORAVIO"" Ministar Mali crno na belo stavku po stavku o ""lekcijama"" nekadašnjeg guvernera NBS: Gde smo bili tada, a gde smo sad ",https://www.kurir.rs/vesti/politika/9995057/odgovor-sinise-malog-nekadasnjem-guverneru-nbs-dejanu-soskicu,,nothing,1.0,"{""vilifying_opponents"": 0.0, ""vilifying_neighbours"": 0.0, ""personality_cult"": 0.0, ""vilifying_eu"": 0.0, ""nothing"": 1.0}",rung0-dummy,vilifying_opponents,claude-sonnet-5,,
Kurir,2025-06-26,"""LAKO JE UNIŠTITI ZEMLJU, ALI JE TEŠKO OBNAVLJATI I GRADITI!"" Vučić obišao završne radove na tunelu Laz i Munjino brdo: ""Za 7 dana otvaram ovaj divni put!""",https://www.kurir.rs/vesti/politika/9708376/aleksandar-vucic-obisao-zavrsne-radove-na-tunelu-laz-i-munjino-brdo,,nothing,1.0,"{""vilifying_opponents"": 0.0, ""vilifying_neighbours"": 0.0, ""personality_cult"": 0.0, ""vilifying_eu"": 0.0, ""nothing"": 1.0}",rung0-dummy,personality_cult,claude-sonnet-5,,
Kurir,2025-07-21,"Odgovor na informaciju Nadežde Joveš Grbić na tekst u Kuriru ""VUČEVIĆ: DOBRO SAM, MAJKA I SESTRA SU UZNEMIRENE, IZVINJAVAM SE KOMŠIJAMA!""",https://www.kurir.rs/vesti/politika/9730035/Odgovor-na-informaciju-Nadezde-Joves-Grbic-na-tekst-u-Kuriru-VUCEVIC-DOBRO-SAM-MAJKA-I-SESTRA-SU-UZNEMIRENE-IZVINJAVAM-SE-KOMSIJAMA,,nothing,1.0,"{""vilifying_opponents"": 0.0, ""vilifying_neighbours"": 0.0, ""personality_cult"": 0.0, ""vilifying_eu"": 0.0, ""nothing"": 1.0}",rung0-dummy,nothing,claude-sonnet-5,,
Kurir,2025-10-16,SRBIJA IMA ZNAČAJNE REZERVE ENERGENATA Vulin: Ne sumnjam da će se uspešna saradnja sa Rusijom nastaviti,https://www.kurir.rs/vesti/politika/9804311/aleksandar-vulin-veruje-da-ce-se-nastaviti-saradnja-sa-rusijom,,nothing,1.0,"{""vilifying_opponents"": 0.0, ""vilifying_neighbours"": 0.0, ""personality_cult"": 0.0, ""vilifying_eu"": 0.0, ""nothing"": 1.0}",rung0-dummy,nothing,claude-sonnet-5,,
Kurir,2025-04-11,"OBRKNEŽEV TVRDI ""JOŠ JEDAN FAKULTET OD PONEDELJKA KREĆE SA RADOM"" Specijalna emisija ""Ne damo Srbiju"" na Kurir televiziji - plenum u Novom Sadu nadglasan?",https://www.kurir.rs/vesti/politika/9639816/specijalna-emisija-ne-damo-drzavu-na-kurir-televiziji-prenosi-atomsferu-sa-velikog-narodnog-skupa,,nothing,1.0,"{""vilifying_opponents"": 0.0, ""vilifying_neighbours"": 0.0, ""personality_cult"": 0.0, ""vilifying_eu"": 0.0, ""nothing"": 1.0}",rung0-dummy,vilifying_opponents,claude-sonnet-5,,
Kurir,2025-10-20,"PRVO OGLAŠAVANJE VUČIĆA NAKON PAKLENE ODLUKE EVROPE Razgovarao sa Orbanom u Budimpešti, pa poručio: TO JE JEDAN OD NAŠIH PRIORITETA! (FOTO)",https://www.kurir.rs/vesti/politika/9807794/aleksandar-vucic-i-viktor-orban-na-sastanku-u-budimpesti,,nothing,1.0,"{""vilifying_opponents"": 0.0, ""vilifying_neighbours"": 0.0, ""personality_cult"": 0.0, ""vilifying_eu"": 0.0, ""nothing"": 1.0}",rung0-dummy,vilifying_eu,claude-sonnet-5,,
Kurir,2025-06-03,ČAK I KRIK SE OGRADIO OD MARINIKINIH IZMIŠLJOTINA! Dojčinović: Najbolje što mogu da dobiju su LAJKOVI NA TVITERU,https://www.kurir.rs/vesti/politika/9687970/i-krik-se-ogradio-od-marinikinih-izmisljotina,,nothing,1.0,"{""vilifying_opponents"": 0.0, ""vilifying_neighbours"": 0.0, ""personality_cult"": 0.0, ""vilifying_eu"": 0.0, ""nothing"": 1.0}",rung0-dummy,vilifying_opponents,claude-sonnet-5,,
Kurir,2026-01-09,Kurir istražuje ko stoji iza tajnog projekta 'REMont' - Građanske inicijative preuzele su ulogu države i time podrile evropski put Srbije.,https://crta.plus/sr/updates/january-manipulations/#cluster-1,,nothing,1.0,"{""vilifying_opponents"": 0.0, ""vilifying_neighbours"": 0.0, ""personality_cult"": 0.0, ""vilifying_eu"": 0.0, ""nothing"": 1.0}",rung0-dummy,vilifying_opponents,crta,,1
Kurir,2026-01-12,Profiteri: Građanske inicijative kritikuju Srbiju dok uzimaju njen novac.,https://crta.plus/sr/updates/january-manipulations/#cluster-2,,nothing,1.0,"{""vilifying_opponents"": 0.0, ""vilifying_neighbours"": 0.0, ""personality_cult"": 0.0, ""vilifying_eu"": 0.0, ""nothing"": 1.0}",rung0-dummy,vilifying_opponents,crta,,2
Kurir,2026-01-14,"Dobijaju milion evra godišnje, a gde su rezultati? … donatorski milioni i nikakav doprinos …",https://crta.plus/sr/updates/january-manipulations/#cluster-3,,nothing,1.0,"{""vilifying_opponents"": 0.0, ""vilifying_neighbours"": 0.0, ""personality_cult"": 0.0, ""vilifying_eu"": 0.0, ""nothing"": 1.0}",rung0-dummy,vilifying_opponents,crta,,3
Srpski telegraf,2026-01-19,Brutalna kampanja blokadera… Glavna laž: Vučić nije čovek… dehumanizacija… 'obojena revolucija'.,https://crta.plus/sr/updates/january-manipulations/#cluster-4,,nothing,1.0,"{""vilifying_opponents"": 0.0, ""vilifying_neighbours"": 0.0, ""personality_cult"": 0.0, ""vilifying_eu"": 0.0, ""nothing"": 1.0}",rung0-dummy,vilifying_opponents,crta,,4
Kurir,2026-01-19,Tužioci traže podršku protiv Srbije… Dolovac preti nemačkom ambasadom!,https://crta.plus/sr/updates/january-manipulations/#cluster-5,,nothing,1.0,"{""vilifying_opponents"": 0.0, ""vilifying_neighbours"": 0.0, ""personality_cult"": 0.0, ""vilifying_eu"": 0.0, ""nothing"": 1.0}",rung0-dummy,vilifying_opponents,crta,,5
Alo!,2026-01-19,Tužioci traže podršku protiv Srbije… Dolovac preti nemačkom ambasadom!,https://crta.plus/sr/updates/january-manipulations/#cluster-5,,nothing,1.0,"{""vilifying_opponents"": 0.0, ""vilifying_neighbours"": 0.0, ""personality_cult"": 0.0, ""vilifying_eu"": 0.0, ""nothing"": 1.0}",rung0-dummy,vilifying_opponents,crta,,5
Informer,2026-01-13,Priprema se napad na Srpsku crkvu. Vartolomej izbacuje Srpsku pravoslavnu crkvu iz Crne Gore.,https://crta.plus/sr/updates/january-manipulations/#cluster-6,,nothing,1.0,"{""vilifying_opponents"": 0.0, ""vilifying_neighbours"": 0.0, ""personality_cult"": 0.0, ""vilifying_eu"": 0.0, ""nothing"": 1.0}",rung0-dummy,vilifying_neighbours,crta,,6
Večernje novosti,2026-01-13,Priprema se napad na Srpsku crkvu. Vartolomej izbacuje Srpsku pravoslavnu crkvu iz Crne Gore.,https://crta.plus/sr/updates/january-manipulations/#cluster-6,,nothing,1.0,"{""vilifying_opponents"": 0.0, ""vilifying_neighbours"": 0.0, ""personality_cult"": 0.0, ""vilifying_eu"": 0.0, ""nothing"": 1.0}",rung0-dummy,vilifying_neighbours,crta,,6
Alo!,2026-01-13,Priprema se napad na Srpsku crkvu. Vartolomej izbacuje Srpsku pravoslavnu crkvu iz Crne Gore.,https://crta.plus/sr/updates/january-manipulations/#cluster-6,,nothing,1.0,"{""vilifying_opponents"": 0.0, ""vilifying_neighbours"": 0.0, ""personality_cult"": 0.0, ""vilifying_eu"": 0.0, ""nothing"": 1.0}",rung0-dummy,vilifying_neighbours,crta,,6
TV B92,2026-01-13,Priprema se napad na Srpsku crkvu. Vartolomej izbacuje Srpsku pravoslavnu crkvu iz Crne Gore.,https://crta.plus/sr/updates/january-manipulations/#cluster-6,,nothing,1.0,"{""vilifying_opponents"": 0.0, ""vilifying_neighbours"": 0.0, ""personality_cult"": 0.0, ""vilifying_eu"": 0.0, ""nothing"": 1.0}",rung0-dummy,vilifying_neighbours,crta,,6
TV Prva,2026-01-13,Priprema se napad na Srpsku crkvu. Vartolomej izbacuje Srpsku pravoslavnu crkvu iz Crne Gore.,https://crta.plus/sr/updates/january-manipulations/#cluster-6,,nothing,1.0,"{""vilifying_opponents"": 0.0, ""vilifying_neighbours"": 0.0, ""personality_cult"": 0.0, ""vilifying_eu"": 0.0, ""nothing"": 1.0}",rung0-dummy,vilifying_neighbours,crta,,6
Politika,2026-01-10,Kako se delegacija EP sama pozvala u Beograd - Bes i nemoć 'kaznene ekspedicije' Tonina Picule.,https://crta.plus/sr/updates/january-manipulations/#cluster-7,,nothing,1.0,"{""vilifying_opponents"": 0.0, ""vilifying_neighbours"": 0.0, ""personality_cult"": 0.0, ""vilifying_eu"": 0.0, ""nothing"": 1.0}",rung0-dummy,vilifying_eu,crta,,7
Srpski telegraf,2026-01-24,Poseta… upamćena po sramoti - Opozicija tražila od EU: Dajte novac nama i Šolaku…,https://crta.plus/sr/updates/january-manipulations/#cluster-8,,nothing,1.0,"{""vilifying_opponents"": 0.0, ""vilifying_neighbours"": 0.0, ""personality_cult"": 0.0, ""vilifying_eu"": 0.0, ""nothing"": 1.0}",rung0-dummy,vilifying_eu,crta,,8
Srpski telegraf,2026-01-23,Picula i evroparlamentarci… tražili da ne ulaze u hol… želeći da izbegnu izložbu o žrtvama Jasenovca.,https://crta.plus/sr/updates/january-manipulations/#cluster-9,,nothing,1.0,"{""vilifying_opponents"": 0.0, ""vilifying_neighbours"": 0.0, ""personality_cult"": 0.0, ""vilifying_eu"": 0.0, ""nothing"": 1.0}",rung0-dummy,vilifying_eu,crta,,9
Alo!,2026-01-23,Picula i evroparlamentarci… tražili da ne ulaze u hol… želeći da izbegnu izložbu o žrtvama Jasenovca.,https://crta.plus/sr/updates/january-manipulations/#cluster-9,,nothing,1.0,"{""vilifying_opponents"": 0.0, ""vilifying_neighbours"": 0.0, ""personality_cult"": 0.0, ""vilifying_eu"": 0.0, ""nothing"": 1.0}",rung0-dummy,vilifying_eu,crta,,9
Politika,2026-01-23,Picula i evroparlamentarci… tražili da ne ulaze u hol… želeći da izbegnu izložbu o žrtvama Jasenovca.,https://crta.plus/sr/updates/january-manipulations/#cluster-9,,nothing,1.0,"{""vilifying_opponents"": 0.0, ""vilifying_neighbours"": 0.0, ""personality_cult"": 0.0, ""vilifying_eu"": 0.0, ""nothing"": 1.0}",rung0-dummy,vilifying_eu,crta,,9
Večernje novosti,2026-01-23,Picula i evroparlamentarci… tražili da ne ulaze u hol… želeći da izbegnu izložbu o žrtvama Jasenovca.,https://crta.plus/sr/updates/january-manipulations/#cluster-9,,nothing,1.0,"{""vilifying_opponents"": 0.0, ""vilifying_neighbours"": 0.0, ""personality_cult"": 0.0, ""vilifying_eu"": 0.0, ""nothing"": 1.0}",rung0-dummy,vilifying_eu,crta,,9
Kurir,2026-01-23,Picula i evroparlamentarci… tražili da ne ulaze u hol… želeći da izbegnu izložbu o žrtvama Jasenovca.,https://crta.plus/sr/updates/january-manipulations/#cluster-9,,nothing,1.0,"{""vilifying_opponents"": 0.0, ""vilifying_neighbours"": 0.0, ""personality_cult"": 0.0, ""vilifying_eu"": 0.0, ""nothing"": 1.0}",rung0-dummy,vilifying_eu,crta,,9
Informer,2026-01-23,Picula i evroparlamentarci… tražili da ne ulaze u hol… želeći da izbegnu izložbu o žrtvama Jasenovca.,https://crta.plus/sr/updates/january-manipulations/#cluster-9,,nothing,1.0,"{""vilifying_opponents"": 0.0, ""vilifying_neighbours"": 0.0, ""personality_cult"": 0.0, ""vilifying_eu"": 0.0, ""nothing"": 1.0}",rung0-dummy,vilifying_eu,crta,,9
TV Pink,2026-01-23,Picula i evroparlamentarci… tražili da ne ulaze u hol… želeći da izbegnu izložbu o žrtvama Jasenovca.,https://crta.plus/sr/updates/january-manipulations/#cluster-9,,nothing,1.0,"{""vilifying_opponents"": 0.0, ""vilifying_neighbours"": 0.0, ""personality_cult"": 0.0, ""vilifying_eu"": 0.0, ""nothing"": 1.0}",rung0-dummy,vilifying_eu,crta,,9
TV Prva,2026-01-23,Picula i evroparlamentarci… tražili da ne ulaze u hol… želeći da izbegnu izložbu o žrtvama Jasenovca.,https://crta.plus/sr/updates/january-manipulations/#cluster-9,,nothing,1.0,"{""vilifying_opponents"": 0.0, ""vilifying_neighbours"": 0.0, ""personality_cult"": 0.0, ""vilifying_eu"": 0.0, ""nothing"": 1.0}",rung0-dummy,vilifying_eu,crta,,9
TV B92,2026-01-23,Picula i evroparlamentarci… tražili da ne ulaze u hol… želeći da izbegnu izložbu o žrtvama Jasenovca.,https://crta.plus/sr/updates/january-manipulations/#cluster-9,,nothing,1.0,"{""vilifying_opponents"": 0.0, ""vilifying_neighbours"": 0.0, ""personality_cult"": 0.0, ""vilifying_eu"": 0.0, ""nothing"": 1.0}",rung0-dummy,vilifying_eu,crta,,9
Alo,2026-02-24,"Nakon napada na crkvu, blokaderi su se obrušili na vojsku; na skupu u Novom Sadu dočekali su srpskog oficira nacističkim pozdravom.",https://crta.plus/sr/updates/manipulacije-u-februaru/#cluster-10,,nothing,1.0,"{""vilifying_opponents"": 0.0, ""vilifying_neighbours"": 0.0, ""personality_cult"": 0.0, ""vilifying_eu"": 0.0, ""nothing"": 1.0}",rung0-dummy,vilifying_opponents,crta,,10
Srpski Telegraf,2026-02-24,"Nakon napada na crkvu, blokaderi su se obrušili na vojsku; na skupu u Novom Sadu dočekali su srpskog oficira nacističkim pozdravom.",https://crta.plus/sr/updates/manipulacije-u-februaru/#cluster-10,,nothing,1.0,"{""vilifying_opponents"": 0.0, ""vilifying_neighbours"": 0.0, ""personality_cult"": 0.0, ""vilifying_eu"": 0.0, ""nothing"": 1.0}",rung0-dummy,vilifying_opponents,crta,,10
TV Pink,2026-02-24,"Nakon napada na crkvu, blokaderi su se obrušili na vojsku; na skupu u Novom Sadu dočekali su srpskog oficira nacističkim pozdravom.",https://crta.plus/sr/updates/manipulacije-u-februaru/#cluster-10,,nothing,1.0,"{""vilifying_opponents"": 0.0, ""vilifying_neighbours"": 0.0, ""personality_cult"": 0.0, ""vilifying_eu"": 0.0, ""nothing"": 1.0}",rung0-dummy,vilifying_opponents,crta,,10
TV Prva,2026-02-24,"Nakon napada na crkvu, blokaderi su se obrušili na vojsku; na skupu u Novom Sadu dočekali su srpskog oficira nacističkim pozdravom.",https://crta.plus/sr/updates/manipulacije-u-februaru/#cluster-10,,nothing,1.0,"{""vilifying_opponents"": 0.0, ""vilifying_neighbours"": 0.0, ""personality_cult"": 0.0, ""vilifying_eu"": 0.0, ""nothing"": 1.0}",rung0-dummy,vilifying_opponents,crta,,10
Kurir,2026-02-18,Sramni udarac. Blokaderi su besmislenim nasiljem pogazili dva veka Matice srpske.,https://crta.plus/sr/updates/manipulacije-u-februaru/#cluster-11,,nothing,1.0,"{""vilifying_opponents"": 0.0, ""vilifying_neighbours"": 0.0, ""personality_cult"": 0.0, ""vilifying_eu"": 0.0, ""nothing"": 1.0}",rung0-dummy,vilifying_opponents,crta,,11
Politika,2026-02-18,Sramni udarac. Blokaderi su besmislenim nasiljem pogazili dva veka Matice srpske.,https://crta.plus/sr/updates/manipulacije-u-februaru/#cluster-11,,nothing,1.0,"{""vilifying_opponents"": 0.0, ""vilifying_neighbours"": 0.0, ""personality_cult"": 0.0, ""vilifying_eu"": 0.0, ""nothing"": 1.0}",rung0-dummy,vilifying_opponents,crta,,11
Večernje Novosti,2026-02-18,Sramni udarac. Blokaderi su besmislenim nasiljem pogazili dva veka Matice srpske.,https://crta.plus/sr/updates/manipulacije-u-februaru/#cluster-11,,nothing,1.0,"{""vilifying_opponents"": 0.0, ""vilifying_neighbours"": 0.0, ""personality_cult"": 0.0, ""vilifying_eu"": 0.0, ""nothing"": 1.0}",rung0-dummy,vilifying_opponents,crta,,11
Alo,2026-02-18,Sramni udarac. Blokaderi su besmislenim nasiljem pogazili dva veka Matice srpske.,https://crta.plus/sr/updates/manipulacije-u-februaru/#cluster-11,,nothing,1.0,"{""vilifying_opponents"": 0.0, ""vilifying_neighbours"": 0.0, ""personality_cult"": 0.0, ""vilifying_eu"": 0.0, ""nothing"": 1.0}",rung0-dummy,vilifying_opponents,crta,,11
B92,2026-02-18,Sramni udarac. Blokaderi su besmislenim nasiljem pogazili dva veka Matice srpske.,https://crta.plus/sr/updates/manipulacije-u-februaru/#cluster-11,,nothing,1.0,"{""vilifying_opponents"": 0.0, ""vilifying_neighbours"": 0.0, ""personality_cult"": 0.0, ""vilifying_eu"": 0.0, ""nothing"": 1.0}",rung0-dummy,vilifying_opponents,crta,,11
TV Prva,2026-02-18,Sramni udarac. Blokaderi su besmislenim nasiljem pogazili dva veka Matice srpske.,https://crta.plus/sr/updates/manipulacije-u-februaru/#cluster-11,,nothing,1.0,"{""vilifying_opponents"": 0.0, ""vilifying_neighbours"": 0.0, ""personality_cult"": 0.0, ""vilifying_eu"": 0.0, ""nothing"": 1.0}",rung0-dummy,vilifying_opponents,crta,,11
TV Pink,2026-02-18,Sramni udarac. Blokaderi su besmislenim nasiljem pogazili dva veka Matice srpske.,https://crta.plus/sr/updates/manipulacije-u-februaru/#cluster-11,,nothing,1.0,"{""vilifying_opponents"": 0.0, ""vilifying_neighbours"": 0.0, ""personality_cult"": 0.0, ""vilifying_eu"": 0.0, ""nothing"": 1.0}",rung0-dummy,vilifying_opponents,crta,,11
TV Informer,2026-02-18,Sramni udarac. Blokaderi su besmislenim nasiljem pogazili dva veka Matice srpske.,https://crta.plus/sr/updates/manipulacije-u-februaru/#cluster-11,,nothing,1.0,"{""vilifying_opponents"": 0.0, ""vilifying_neighbours"": 0.0, ""personality_cult"": 0.0, ""vilifying_eu"": 0.0, ""nothing"": 1.0}",rung0-dummy,vilifying_opponents,crta,,11
Kurir,2026-02-05,"Trojni pakt: Priština, Zagreb i Tirana ujedinjeni u mržnji prema Srbiji!",https://crta.plus/sr/updates/manipulacije-u-februaru/#cluster-12,,nothing,1.0,"{""vilifying_opponents"": 0.0, ""vilifying_neighbours"": 0.0, ""personality_cult"": 0.0, ""vilifying_eu"": 0.0, ""nothing"": 1.0}",rung0-dummy,vilifying_neighbours,crta,,12
Večernje Novosti,2026-02-05,"Trojni pakt: Priština, Zagreb i Tirana ujedinjeni u mržnji prema Srbiji!",https://crta.plus/sr/updates/manipulacije-u-februaru/#cluster-12,,nothing,1.0,"{""vilifying_opponents"": 0.0, ""vilifying_neighbours"": 0.0, ""personality_cult"": 0.0, ""vilifying_eu"": 0.0, ""nothing"": 1.0}",rung0-dummy,vilifying_neighbours,crta,,12
Alo,2026-02-06,Hrvatski novac se koristi za destabilizaciju Srbije.,https://crta.plus/sr/updates/manipulacije-u-februaru/#cluster-13,,nothing,1.0,"{""vilifying_opponents"": 0.0, ""vilifying_neighbours"": 0.0, ""personality_cult"": 0.0, ""vilifying_eu"": 0.0, ""nothing"": 1.0}",rung0-dummy,vilifying_neighbours,crta,,13
TV Pink,2026-03-03,"Stara mržnja, nova marioneta, isti rezultat. Niško raspeće kao simbol pada blokadera. Analitičari: Stvaraju društvenu psihozu po kojoj je ubojstvo Vučića legitimno",https://crta.plus/sr/updates/march-manipulations/#cluster-14,,nothing,1.0,"{""vilifying_opponents"": 0.0, ""vilifying_neighbours"": 0.0, ""personality_cult"": 0.0, ""vilifying_eu"": 0.0, ""nothing"": 1.0}",rung0-dummy,vilifying_opponents,crta,,14
Kurir,2026-03-03,"Stara mržnja, nova marioneta, isti rezultat. Niško raspeće kao simbol pada blokadera. Analitičari: Stvaraju društvenu psihozu po kojoj je ubojstvo Vučića legitimno",https://crta.plus/sr/updates/march-manipulations/#cluster-14,,nothing,1.0,"{""vilifying_opponents"": 0.0, ""vilifying_neighbours"": 0.0, ""personality_cult"": 0.0, ""vilifying_eu"": 0.0, ""nothing"": 1.0}",rung0-dummy,vilifying_opponents,crta,,14
Politika,2026-03-03,"Stara mržnja, nova marioneta, isti rezultat. Niško raspeće kao simbol pada blokadera. Analitičari: Stvaraju društvenu psihozu po kojoj je ubojstvo Vučića legitimno",https://crta.plus/sr/updates/march-manipulations/#cluster-14,,nothing,1.0,"{""vilifying_opponents"": 0.0, ""vilifying_neighbours"": 0.0, ""personality_cult"": 0.0, ""vilifying_eu"": 0.0, ""nothing"": 1.0}",rung0-dummy,vilifying_opponents,crta,,14
Alo,2026-03-03,"Stara mržnja, nova marioneta, isti rezultat. Niško raspeće kao simbol pada blokadera. Analitičari: Stvaraju društvenu psihozu po kojoj je ubojstvo Vučića legitimno",https://crta.plus/sr/updates/march-manipulations/#cluster-14,,nothing,1.0,"{""vilifying_opponents"": 0.0, ""vilifying_neighbours"": 0.0, ""personality_cult"": 0.0, ""vilifying_eu"": 0.0, ""nothing"": 1.0}",rung0-dummy,vilifying_opponents,crta,,14
TV Pink,2026-03-18,Kakvi ste vi ljudi - Blokaderi preterali - Ismejavaju suze bolesnog deteta!,https://crta.plus/sr/updates/march-manipulations/#cluster-15,,nothing,1.0,"{""vilifying_opponents"": 0.0, ""vilifying_neighbours"": 0.0, ""personality_cult"": 0.0, ""vilifying_eu"": 0.0, ""nothing"": 1.0}",rung0-dummy,vilifying_opponents,crta,,15
Alo,2026-03-18,Kakvi ste vi ljudi - Blokaderi preterali - Ismejavaju suze bolesnog deteta!,https://crta.plus/sr/updates/march-manipulations/#cluster-15,,nothing,1.0,"{""vilifying_opponents"": 0.0, ""vilifying_neighbours"": 0.0, ""personality_cult"": 0.0, ""vilifying_eu"": 0.0, ""nothing"": 1.0}",rung0-dummy,vilifying_opponents,crta,,15
Kurir,2026-03-18,Kakvi ste vi ljudi - Blokaderi preterali - Ismejavaju suze bolesnog deteta!,https://crta.plus/sr/updates/march-manipulations/#cluster-15,,nothing,1.0,"{""vilifying_opponents"": 0.0, ""vilifying_neighbours"": 0.0, ""personality_cult"": 0.0, ""vilifying_eu"": 0.0, ""nothing"": 1.0}",rung0-dummy,vilifying_opponents,crta,,15
TV Prva,2026-03-24,"Nedelju dana pred lokalne izbore, opozicija i blokaderi podeljeni više nego ikad, uz međusobne optužbe i sukobe uživo i na televiziji",https://crta.plus/sr/updates/march-manipulations/#cluster-16,,nothing,1.0,"{""vilifying_opponents"": 0.0, ""vilifying_neighbours"": 0.0, ""personality_cult"": 0.0, ""vilifying_eu"": 0.0, ""nothing"": 1.0}",rung0-dummy,vilifying_opponents,crta,,16
Alo,2026-03-24,"Nedelju dana pred lokalne izbore, opozicija i blokaderi podeljeni više nego ikad, uz međusobne optužbe i sukobe uživo i na televiziji",https://crta.plus/sr/updates/march-manipulations/#cluster-16,,nothing,1.0,"{""vilifying_opponents"": 0.0, ""vilifying_neighbours"": 0.0, ""personality_cult"": 0.0, ""vilifying_eu"": 0.0, ""nothing"": 1.0}",rung0-dummy,vilifying_opponents,crta,,16
Kurir,2026-03-24,"Nedelju dana pred lokalne izbore, opozicija i blokaderi podeljeni više nego ikad, uz međusobne optužbe i sukobe uživo i na televiziji",https://crta.plus/sr/updates/march-manipulations/#cluster-16,,nothing,1.0,"{""vilifying_opponents"": 0.0, ""vilifying_neighbours"": 0.0, ""personality_cult"": 0.0, ""vilifying_eu"": 0.0, ""nothing"": 1.0}",rung0-dummy,vilifying_opponents,crta,,16
Informer,2026-03-24,"Nedelju dana pred lokalne izbore, opozicija i blokaderi podeljeni više nego ikad, uz međusobne optužbe i sukobe uživo i na televiziji",https://crta.plus/sr/updates/march-manipulations/#cluster-16,,nothing,1.0,"{""vilifying_opponents"": 0.0, ""vilifying_neighbours"": 0.0, ""personality_cult"": 0.0, ""vilifying_eu"": 0.0, ""nothing"": 1.0}",rung0-dummy,vilifying_opponents,crta,,16
TV Prva,2026-03-11,"Prljava kampanja najčešće se pojavljuje kada nema jasnih programa i konkretnih politika, kažu analitičari uoči lokalnih izbora 29. marta. Nesuglasice između blokadera i opozicije sve su vidljivije",https://crta.plus/sr/updates/march-manipulations/#cluster-17,,nothing,1.0,"{""vilifying_opponents"": 0.0, ""vilifying_neighbours"": 0.0, ""personality_cult"": 0.0, ""vilifying_eu"": 0.0, ""nothing"": 1.0}",rung0-dummy,vilifying_opponents,crta,,17
Informer,2026-03-12,Zagreb smeta što srpska vojska nikad nije bila jača: Ustaše u panici zbog srpskih raketa! Šok u Zagrebu nakon što se pojavila fotografija moćnih raketa CM-400 AKG na avionima MiG,https://crta.plus/sr/updates/march-manipulations/#cluster-18,,nothing,1.0,"{""vilifying_opponents"": 0.0, ""vilifying_neighbours"": 0.0, ""personality_cult"": 0.0, ""vilifying_eu"": 0.0, ""nothing"": 1.0}",rung0-dummy,vilifying_neighbours,crta,,18
Večernje novosti,2026-03-12,Zagreb smeta što srpska vojska nikad nije bila jača: Ustaše u panici zbog srpskih raketa! Šok u Zagrebu nakon što se pojavila fotografija moćnih raketa CM-400 AKG na avionima MiG,https://crta.plus/sr/updates/march-manipulations/#cluster-18,,nothing,1.0,"{""vilifying_opponents"": 0.0, ""vilifying_neighbours"": 0.0, ""personality_cult"": 0.0, ""vilifying_eu"": 0.0, ""nothing"": 1.0}",rung0-dummy,vilifying_neighbours,crta,,18
Srpski telegraf,2026-03-12,Zagreb smeta što srpska vojska nikad nije bila jača: Ustaše u panici zbog srpskih raketa! Šok u Zagrebu nakon što se pojavila fotografija moćnih raketa CM-400 AKG na avionima MiG,https://crta.plus/sr/updates/march-manipulations/#cluster-18,,nothing,1.0,"{""vilifying_opponents"": 0.0, ""vilifying_neighbours"": 0.0, ""personality_cult"": 0.0, ""vilifying_eu"": 0.0, ""nothing"": 1.0}",rung0-dummy,vilifying_neighbours,crta,,18
Srpski telegraf,2026-03-15,Sve veći šok u Hrvatskoj - Histerija neprijatelja: Traže pomoć NATO-a zbog naših supermoćnih raketa,https://crta.plus/sr/updates/march-manipulations/#cluster-19,,nothing,1.0,"{""vilifying_opponents"": 0.0, ""vilifying_neighbours"": 0.0, ""personality_cult"": 0.0, ""vilifying_eu"": 0.0, ""nothing"": 1.0}",rung0-dummy,vilifying_neighbours,crta,,19
Informer,2026-03-18,"Sve opasniji signali iz Zagreba - Hrvati hoće da 'odrube glavu Vučiću'! - Ustaški mediji pišu da se nadaju da će predsednik Srbije biti ubijen kada 'blokaderi' dođu na vlast!? - Kampanju protiv Vučića nastavio je i Tonino Picula, koji je u Evropskom parlamentu izneo niz laži o našoj zemlji",https://crta.plus/sr/updates/march-manipulations/#cluster-20,,nothing,1.0,"{""vilifying_opponents"": 0.0, ""vilifying_neighbours"": 0.0, ""personality_cult"": 0.0, ""vilifying_eu"": 0.0, ""nothing"": 1.0}",rung0-dummy,vilifying_neighbours,crta,,20
Srpski telegraf,2026-03-21,Mračne veze hrvatske Službe za sigurnosno-obavještajne poslove i pojedinih srpskih funkcionera. Agro-mafija radi za Hrvate. Isisavaju milijarde za finansiranje blokadera.,https://crta.plus/sr/updates/march-manipulations/#cluster-21,,nothing,1.0,"{""vilifying_opponents"": 0.0, ""vilifying_neighbours"": 0.0, ""personality_cult"": 0.0, ""vilifying_eu"": 0.0, ""nothing"": 1.0}",rung0-dummy,vilifying_neighbours,crta,,21
TV Pink,2026-03-02,Priština ne prestaje s terorom; Paravan za odmazdu; Progon; Pet Srba uhapšeno u blizini Srbice,https://crta.plus/sr/updates/march-manipulations/#cluster-22,,nothing,1.0,"{""vilifying_opponents"": 0.0, ""vilifying_neighbours"": 0.0, ""personality_cult"": 0.0, ""vilifying_eu"": 0.0, ""nothing"": 1.0}",rung0-dummy,vilifying_neighbours,crta,,22
RTS 1,2026-03-02,Priština ne prestaje s terorom; Paravan za odmazdu; Progon; Pet Srba uhapšeno u blizini Srbice,https://crta.plus/sr/updates/march-manipulations/#cluster-22,,nothing,1.0,"{""vilifying_opponents"": 0.0, ""vilifying_neighbours"": 0.0, ""personality_cult"": 0.0, ""vilifying_eu"": 0.0, ""nothing"": 1.0}",rung0-dummy,vilifying_neighbours,crta,,22
Informer,2026-03-02,Priština ne prestaje s terorom; Paravan za odmazdu; Progon; Pet Srba uhapšeno u blizini Srbice,https://crta.plus/sr/updates/march-manipulations/#cluster-22,,nothing,1.0,"{""vilifying_opponents"": 0.0, ""vilifying_neighbours"": 0.0, ""personality_cult"": 0.0, ""vilifying_eu"": 0.0, ""nothing"": 1.0}",rung0-dummy,vilifying_neighbours,crta,,22
Alo,2026-03-15,Priština je doživela neuspeh - katastrofa na Kosovu i Metohiji i gašenje srpskih institucija sprečeni. Kurti je podbacio! Srbi neće postati stranci u sopstvenim kućama,https://crta.plus/sr/updates/march-manipulations/#cluster-23,,nothing,1.0,"{""vilifying_opponents"": 0.0, ""vilifying_neighbours"": 0.0, ""personality_cult"": 0.0, ""vilifying_eu"": 0.0, ""nothing"": 1.0}",rung0-dummy,vilifying_neighbours,crta,,23
Kurir,2026-04-21,"Namerno krši Zakon o visokom obrazovanju - Bezakonje - Političar Đokić, iz rektorske fotelje, lobira u Briselu protiv građana Srbije",https://crta.plus/sr/updates/april-manipulations/#cluster-24,,nothing,1.0,"{""vilifying_opponents"": 0.0, ""vilifying_neighbours"": 0.0, ""personality_cult"": 0.0, ""vilifying_eu"": 0.0, ""nothing"": 1.0}",rung0-dummy,vilifying_opponents,crta,,24
Informer,2026-04-21,"Namerno krši Zakon o visokom obrazovanju - Bezakonje - Političar Đokić, iz rektorske fotelje, lobira u Briselu protiv građana Srbije",https://crta.plus/sr/updates/april-manipulations/#cluster-24,,nothing,1.0,"{""vilifying_opponents"": 0.0, ""vilifying_neighbours"": 0.0, ""personality_cult"": 0.0, ""vilifying_eu"": 0.0, ""nothing"": 1.0}",rung0-dummy,vilifying_opponents,crta,,24
TV Prva,2026-04-21,"Namerno krši Zakon o visokom obrazovanju - Bezakonje - Političar Đokić, iz rektorske fotelje, lobira u Briselu protiv građana Srbije",https://crta.plus/sr/updates/april-manipulations/#cluster-24,,nothing,1.0,"{""vilifying_opponents"": 0.0, ""vilifying_neighbours"": 0.0, ""personality_cult"": 0.0, ""vilifying_eu"": 0.0, ""nothing"": 1.0}",rung0-dummy,vilifying_opponents,crta,,24
Informer,2026-04-03,Sve karte najzad otkrivene - Blokaderi nude Srbiji 'Đoku' - Vladan Đokić je prvi put otvoreno priznao da će biti kandidat blokadera na izborima...,https://crta.plus/sr/updates/april-manipulations/#cluster-25,,nothing,1.0,"{""vilifying_opponents"": 0.0, ""vilifying_neighbours"": 0.0, ""personality_cult"": 0.0, ""vilifying_eu"": 0.0, ""nothing"": 1.0}",rung0-dummy,vilifying_opponents,crta,,25
Politika,2026-04-17,"Luksuzni hoteli, prljava politika: od Brisela do Berlina, opozicija napada sopstvenu zemlju",https://crta.plus/sr/updates/april-manipulations/#cluster-26,,nothing,1.0,"{""vilifying_opponents"": 0.0, ""vilifying_neighbours"": 0.0, ""personality_cult"": 0.0, ""vilifying_eu"": 0.0, ""nothing"": 1.0}",rung0-dummy,vilifying_opponents,crta,,26
Srpski Telegraf,2026-04-17,"Luksuzni hoteli, prljava politika: od Brisela do Berlina, opozicija napada sopstvenu zemlju",https://crta.plus/sr/updates/april-manipulations/#cluster-26,,nothing,1.0,"{""vilifying_opponents"": 0.0, ""vilifying_neighbours"": 0.0, ""personality_cult"": 0.0, ""vilifying_eu"": 0.0, ""nothing"": 1.0}",rung0-dummy,vilifying_opponents,crta,,26
TV Informer,2026-04-17,"Luksuzni hoteli, prljava politika: od Brisela do Berlina, opozicija napada sopstvenu zemlju",https://crta.plus/sr/updates/april-manipulations/#cluster-26,,nothing,1.0,"{""vilifying_opponents"": 0.0, ""vilifying_neighbours"": 0.0, ""personality_cult"": 0.0, ""vilifying_eu"": 0.0, ""nothing"": 1.0}",rung0-dummy,vilifying_opponents,crta,,26
Alo,2026-04-20,"Srbomrsci u Barseloni, srpski opozicionari u društvu Kurtija, sramna kampanja",https://crta.plus/sr/updates/april-manipulations/#cluster-27,,nothing,1.0,"{""vilifying_opponents"": 0.0, ""vilifying_neighbours"": 0.0, ""personality_cult"": 0.0, ""vilifying_eu"": 0.0, ""nothing"": 1.0}",rung0-dummy,vilifying_opponents,crta,,27
Informer,2026-04-20,"Srbomrsci u Barseloni, srpski opozicionari u društvu Kurtija, sramna kampanja",https://crta.plus/sr/updates/april-manipulations/#cluster-27,,nothing,1.0,"{""vilifying_opponents"": 0.0, ""vilifying_neighbours"": 0.0, ""personality_cult"": 0.0, ""vilifying_eu"": 0.0, ""nothing"": 1.0}",rung0-dummy,vilifying_opponents,crta,,27
Kurir,2026-04-20,"Srbomrsci u Barseloni, srpski opozicionari u društvu Kurtija, sramna kampanja",https://crta.plus/sr/updates/april-manipulations/#cluster-27,,nothing,1.0,"{""vilifying_opponents"": 0.0, ""vilifying_neighbours"": 0.0, ""personality_cult"": 0.0, ""vilifying_eu"": 0.0, ""nothing"": 1.0}",rung0-dummy,vilifying_opponents,crta,,27
TV Prva,2026-04-20,"Srbomrsci u Barseloni, srpski opozicionari u društvu Kurtija, sramna kampanja",https://crta.plus/sr/updates/april-manipulations/#cluster-27,,nothing,1.0,"{""vilifying_opponents"": 0.0, ""vilifying_neighbours"": 0.0, ""personality_cult"": 0.0, ""vilifying_eu"": 0.0, ""nothing"": 1.0}",rung0-dummy,vilifying_opponents,crta,,27
Kurir,2026-04-28,Skandal kakav se ne pamti - Hrvati udaraju na Dejtonski sporazum: Žele li ustaše da podele Bosnu i Hercegovinu?!,https://crta.plus/sr/updates/april-manipulations/#cluster-28,,nothing,1.0,"{""vilifying_opponents"": 0.0, ""vilifying_neighbours"": 0.0, ""personality_cult"": 0.0, ""vilifying_eu"": 0.0, ""nothing"": 1.0}",rung0-dummy,vilifying_neighbours,crta,,28
Informer,2026-04-28,Skandal kakav se ne pamti - Hrvati udaraju na Dejtonski sporazum: Žele li ustaše da podele Bosnu i Hercegovinu?!,https://crta.plus/sr/updates/april-manipulations/#cluster-28,,nothing,1.0,"{""vilifying_opponents"": 0.0, ""vilifying_neighbours"": 0.0, ""personality_cult"": 0.0, ""vilifying_eu"": 0.0, ""nothing"": 1.0}",rung0-dummy,vilifying_neighbours,crta,,28
TV Informer,2026-04-28,Skandal kakav se ne pamti - Hrvati udaraju na Dejtonski sporazum: Žele li ustaše da podele Bosnu i Hercegovinu?!,https://crta.plus/sr/updates/april-manipulations/#cluster-28,,nothing,1.0,"{""vilifying_opponents"": 0.0, ""vilifying_neighbours"": 0.0, ""personality_cult"": 0.0, ""vilifying_eu"": 0.0, ""nothing"": 1.0}",rung0-dummy,vilifying_neighbours,crta,,28
Srpski Telegraf,2026-04-20,"Izabrali su svog kandidata; Operacija 'Đokić', nova akcija hrvatske obaveštajne službe (SOA) u Srbiji; Hrvati se mešaju u srpske izbore",https://crta.plus/sr/updates/april-manipulations/#cluster-29,,nothing,1.0,"{""vilifying_opponents"": 0.0, ""vilifying_neighbours"": 0.0, ""personality_cult"": 0.0, ""vilifying_eu"": 0.0, ""nothing"": 1.0}",rung0-dummy,vilifying_neighbours,crta,,29
TV Informer,2026-04-20,"Izabrali su svog kandidata; Operacija 'Đokić', nova akcija hrvatske obaveštajne službe (SOA) u Srbiji; Hrvati se mešaju u srpske izbore",https://crta.plus/sr/updates/april-manipulations/#cluster-29,,nothing,1.0,"{""vilifying_opponents"": 0.0, ""vilifying_neighbours"": 0.0, ""personality_cult"": 0.0, ""vilifying_eu"": 0.0, ""nothing"": 1.0}",rung0-dummy,vilifying_neighbours,crta,,29
Informer,2026-05-06,Nastavljaju da prose stranu podršku - Piculini ljudi ocrnjuju Srbiju u Briselu,https://crta.plus/sr/updates/may-manipulations/#cluster-30,,nothing,1.0,"{""vilifying_opponents"": 0.0, ""vilifying_neighbours"": 0.0, ""personality_cult"": 0.0, ""vilifying_eu"": 0.0, ""nothing"": 1.0}",rung0-dummy,vilifying_opponents,crta,,30
TV Prva,2026-05-15,"Krv prolivena zbog blokaderskog pohoda. Horor ispred Pravnog fakulteta, krv šiklja na sve strane dok blokaderi brutalno linčuju čoveka.",https://crta.plus/sr/updates/may-manipulations/#cluster-31,,nothing,1.0,"{""vilifying_opponents"": 0.0, ""vilifying_neighbours"": 0.0, ""personality_cult"": 0.0, ""vilifying_eu"": 0.0, ""nothing"": 1.0}",rung0-dummy,vilifying_opponents,crta,,31
TV Pink,2026-05-15,"Krv prolivena zbog blokaderskog pohoda. Horor ispred Pravnog fakulteta, krv šiklja na sve strane dok blokaderi brutalno linčuju čoveka.",https://crta.plus/sr/updates/may-manipulations/#cluster-31,,nothing,1.0,"{""vilifying_opponents"": 0.0, ""vilifying_neighbours"": 0.0, ""personality_cult"": 0.0, ""vilifying_eu"": 0.0, ""nothing"": 1.0}",rung0-dummy,vilifying_opponents,crta,,31
TV Informer,2026-05-15,"Krv prolivena zbog blokaderskog pohoda. Horor ispred Pravnog fakulteta, krv šiklja na sve strane dok blokaderi brutalno linčuju čoveka.",https://crta.plus/sr/updates/may-manipulations/#cluster-31,,nothing,1.0,"{""vilifying_opponents"": 0.0, ""vilifying_neighbours"": 0.0, ""personality_cult"": 0.0, ""vilifying_eu"": 0.0, ""nothing"": 1.0}",rung0-dummy,vilifying_opponents,crta,,31
Informer,2026-05-15,"Krv prolivena zbog blokaderskog pohoda. Horor ispred Pravnog fakulteta, krv šiklja na sve strane dok blokaderi brutalno linčuju čoveka.",https://crta.plus/sr/updates/may-manipulations/#cluster-31,,nothing,1.0,"{""vilifying_opponents"": 0.0, ""vilifying_neighbours"": 0.0, ""personality_cult"": 0.0, ""vilifying_eu"": 0.0, ""nothing"": 1.0}",rung0-dummy,vilifying_opponents,crta,,31
TV Pink,2026-05-25,Nasilje je suština blokadera; Srbija je podeljena između onih koji grade i onih koji ruše; to je njihov cilj,https://crta.plus/sr/updates/may-manipulations/#cluster-32,,nothing,1.0,"{""vilifying_opponents"": 0.0, ""vilifying_neighbours"": 0.0, ""personality_cult"": 0.0, ""vilifying_eu"": 0.0, ""nothing"": 1.0}",rung0-dummy,vilifying_opponents,crta,,32
TV Prva,2026-05-25,Nasilje je suština blokadera; Srbija je podeljena između onih koji grade i onih koji ruše; to je njihov cilj,https://crta.plus/sr/updates/may-manipulations/#cluster-32,,nothing,1.0,"{""vilifying_opponents"": 0.0, ""vilifying_neighbours"": 0.0, ""personality_cult"": 0.0, ""vilifying_eu"": 0.0, ""nothing"": 1.0}",rung0-dummy,vilifying_opponents,crta,,32
Kurir,2026-05-25,Nasilje je suština blokadera; Srbija je podeljena između onih koji grade i onih koji ruše; to je njihov cilj,https://crta.plus/sr/updates/may-manipulations/#cluster-32,,nothing,1.0,"{""vilifying_opponents"": 0.0, ""vilifying_neighbours"": 0.0, ""personality_cult"": 0.0, ""vilifying_eu"": 0.0, ""nothing"": 1.0}",rung0-dummy,vilifying_opponents,crta,,32
Večernje Novosti,2026-05-25,Nasilje je suština blokadera; Srbija je podeljena između onih koji grade i onih koji ruše; to je njihov cilj,https://crta.plus/sr/updates/may-manipulations/#cluster-32,,nothing,1.0,"{""vilifying_opponents"": 0.0, ""vilifying_neighbours"": 0.0, ""personality_cult"": 0.0, ""vilifying_eu"": 0.0, ""nothing"": 1.0}",rung0-dummy,vilifying_opponents,crta,,32
Informer,2026-05-25,Nasilje je suština blokadera; Srbija je podeljena između onih koji grade i onih koji ruše; to je njihov cilj,https://crta.plus/sr/updates/may-manipulations/#cluster-32,,nothing,1.0,"{""vilifying_opponents"": 0.0, ""vilifying_neighbours"": 0.0, ""personality_cult"": 0.0, ""vilifying_eu"": 0.0, ""nothing"": 1.0}",rung0-dummy,vilifying_opponents,crta,,32
TV B92,2026-05-20,Ovako brine o studentima - Školarine porasle zbog Đokića,https://crta.plus/sr/updates/may-manipulations/#cluster-33,,nothing,1.0,"{""vilifying_opponents"": 0.0, ""vilifying_neighbours"": 0.0, ""personality_cult"": 0.0, ""vilifying_eu"": 0.0, ""nothing"": 1.0}",rung0-dummy,vilifying_opponents,crta,,33
Informer,2026-05-20,Ovako brine o studentima - Školarine porasle zbog Đokića,https://crta.plus/sr/updates/may-manipulations/#cluster-33,,nothing,1.0,"{""vilifying_opponents"": 0.0, ""vilifying_neighbours"": 0.0, ""personality_cult"": 0.0, ""vilifying_eu"": 0.0, ""nothing"": 1.0}",rung0-dummy,vilifying_opponents,crta,,33
Srpski Telegraf,2026-05-20,Ovako brine o studentima - Školarine porasle zbog Đokića,https://crta.plus/sr/updates/may-manipulations/#cluster-33,,nothing,1.0,"{""vilifying_opponents"": 0.0, ""vilifying_neighbours"": 0.0, ""personality_cult"": 0.0, ""vilifying_eu"": 0.0, ""nothing"": 1.0}",rung0-dummy,vilifying_opponents,crta,,33
Informer,2026-05-22,Evo zašto studiranje postaje skuplje: Vladan Đokić troši školarine u Grčkoj,https://crta.plus/sr/updates/may-manipulations/#cluster-34,,nothing,1.0,"{""vilifying_opponents"": 0.0, ""vilifying_neighbours"": 0.0, ""personality_cult"": 0.0, ""vilifying_eu"": 0.0, ""nothing"": 1.0}",rung0-dummy,vilifying_opponents,crta,,34
Informer,2026-05-27,Lider takozvanih plenuma misli da je jači od države i zakona - Đokić vodi kampanju iz Rektorata sa strancima,https://crta.plus/sr/updates/may-manipulations/#cluster-35,,nothing,1.0,"{""vilifying_opponents"": 0.0, ""vilifying_neighbours"": 0.0, ""personality_cult"": 0.0, ""vilifying_eu"": 0.0, ""nothing"": 1.0}",rung0-dummy,vilifying_opponents,crta,,35
Alo!,2026-05-31,Albanci se pripremaju da ukradu izbore na Kosovu i Metohiji,https://crta.plus/sr/updates/may-manipulations/#cluster-36,,nothing,1.0,"{""vilifying_opponents"": 0.0, ""vilifying_neighbours"": 0.0, ""personality_cult"": 0.0, ""vilifying_eu"": 0.0, ""nothing"": 1.0}",rung0-dummy,vilifying_neighbours,crta,,36
Večernje Novosti,2026-05-29,Priština uporno nastavlja s terorom. Oduzimaju Srbima čak i železničke stanice.,https://crta.plus/sr/updates/may-manipulations/#cluster-37,,nothing,1.0,"{""vilifying_opponents"": 0.0, ""vilifying_neighbours"": 0.0, ""personality_cult"": 0.0, ""vilifying_eu"": 0.0, ""nothing"": 1.0}",rung0-dummy,vilifying_neighbours,crta,,37
Politika,2026-05-29,Priština uporno nastavlja s terorom. Oduzimaju Srbima čak i železničke stanice.,https://crta.plus/sr/updates/may-manipulations/#cluster-37,,nothing,1.0,"{""vilifying_opponents"": 0.0, ""vilifying_neighbours"": 0.0, ""personality_cult"": 0.0, ""vilifying_eu"": 0.0, ""nothing"": 1.0}",rung0-dummy,vilifying_neighbours,crta,,37
TV Pink,2026-05-29,Priština uporno nastavlja s terorom. Oduzimaju Srbima čak i železničke stanice.,https://crta.plus/sr/updates/may-manipulations/#cluster-37,,nothing,1.0,"{""vilifying_opponents"": 0.0, ""vilifying_neighbours"": 0.0, ""personality_cult"": 0.0, ""vilifying_eu"": 0.0, ""nothing"": 1.0}",rung0-dummy,vilifying_neighbours,crta,,37
Alo!,2026-05-21,Niko nije veći Kurti od njega: Srbi hapšeni po Rašićevoj listi,https://crta.plus/sr/updates/may-manipulations/#cluster-38,,nothing,1.0,"{""vilifying_opponents"": 0.0, ""vilifying_neighbours"": 0.0, ""personality_cult"": 0.0, ""vilifying_eu"": 0.0, ""nothing"": 1.0}",rung0-dummy,vilifying_neighbours,crta,,38
Kurir,2026-05-16,"Istorijsko obraćanje predsednika Vučića Crnoj Gori - Izvinite što vas volimo više nego vi nas! Srbija nije ukrala deo Crne Gore, vi ste priznali krađu našeg Kosova!",https://crta.plus/sr/updates/may-manipulations/#cluster-39,,nothing,1.0,"{""vilifying_opponents"": 0.0, ""vilifying_neighbours"": 0.0, ""personality_cult"": 0.0, ""vilifying_eu"": 0.0, ""nothing"": 1.0}",rung0-dummy,vilifying_neighbours,crta,,39
Srpski Telegraf,2026-05-18,Predsednik je jasan: Otcepljenje Crne Gore bilo je deo velike zavere usmerene na otimanje Kosova,https://crta.plus/sr/updates/may-manipulations/#cluster-40,,nothing,1.0,"{""vilifying_opponents"": 0.0, ""vilifying_neighbours"": 0.0, ""personality_cult"": 0.0, ""vilifying_eu"": 0.0, ""nothing"": 1.0}",rung0-dummy,vilifying_neighbours,crta,,40
TV Prva,2026-05-18,Predsednik je jasan: Otcepljenje Crne Gore bilo je deo velike zavere usmerene na otimanje Kosova,https://crta.plus/sr/updates/may-manipulations/#cluster-40,,nothing,1.0,"{""vilifying_opponents"": 0.0, ""vilifying_neighbours"": 0.0, ""personality_cult"": 0.0, ""vilifying_eu"": 0.0, ""nothing"": 1.0}",rung0-dummy,vilifying_neighbours,crta,,40
Informer,2026-05-22,Propali diktator opet buncа: Milo optužuje Srbe za genocid,https://crta.plus/sr/updates/may-manipulations/#cluster-41,,nothing,1.0,"{""vilifying_opponents"": 0.0, ""vilifying_neighbours"": 0.0, ""personality_cult"": 0.0, ""vilifying_eu"": 0.0, ""nothing"": 1.0}",rung0-dummy,vilifying_neighbours,crta,,41
TV Informer,2026-05-31,"Dok je Srbija napadnuta sa svih strana, država ubrzava razvoj i modernizaciju. Vojislav Šešelj: 'Hrvatska jasno eskalira situaciju u Crnoj Gori'",https://crta.plus/sr/updates/may-manipulations/#cluster-42,,nothing,1.0,"{""vilifying_opponents"": 0.0, ""vilifying_neighbours"": 0.0, ""personality_cult"": 0.0, ""vilifying_eu"": 0.0, ""nothing"": 1.0}",rung0-dummy,vilifying_neighbours,crta,,42
Informer,2026-05-30,Pretnje iz Zagreba: Hrvati hoće da zauzmu Sombor i Apatin,https://crta.plus/sr/updates/may-manipulations/#cluster-43,,nothing,1.0,"{""vilifying_opponents"": 0.0, ""vilifying_neighbours"": 0.0, ""personality_cult"": 0.0, ""vilifying_eu"": 0.0, ""nothing"": 1.0}",rung0-dummy,vilifying_neighbours,crta,,43
Srpski Telegraf,2026-05-19,"Zagrebova nova prljava igra - Hrvati kradu slavu Srbima. Hoće da pohrvaćuju: pismo, folklor i nošnje, groblja i spomenike, natpise, povelje, naučnike, umetnike i pisce, junake i sportiste",https://crta.plus/sr/updates/may-manipulations/#cluster-44,,nothing,1.0,"{""vilifying_opponents"": 0.0, ""vilifying_neighbours"": 0.0, ""personality_cult"": 0.0, ""vilifying_eu"": 0.0, ""nothing"": 1.0}",rung0-dummy,vilifying_neighbours,crta,,44
TV Prva,2026-06-02,Blokaderi skrnave svetinju - poštovanje čudotvornog Pojasa Presvete Bogorodice nazivaju fetišizmom.,https://crta.plus/sr/updates/june-manipulations/#cluster-45,,nothing,1.0,"{""vilifying_opponents"": 0.0, ""vilifying_neighbours"": 0.0, ""personality_cult"": 0.0, ""vilifying_eu"": 0.0, ""nothing"": 1.0}",rung0-dummy,vilifying_opponents,crta,,45
Informer,2026-06-02,Blokaderi skrnave svetinju - poštovanje čudotvornog Pojasa Presvete Bogorodice nazivaju fetišizmom.,https://crta.plus/sr/updates/june-manipulations/#cluster-45,,nothing,1.0,"{""vilifying_opponents"": 0.0, ""vilifying_neighbours"": 0.0, ""personality_cult"": 0.0, ""vilifying_eu"": 0.0, ""nothing"": 1.0}",rung0-dummy,vilifying_opponents,crta,,45
Kurir,2026-06-02,Blokaderi skrnave svetinju - poštovanje čudotvornog Pojasa Presvete Bogorodice nazivaju fetišizmom.,https://crta.plus/sr/updates/june-manipulations/#cluster-45,,nothing,1.0,"{""vilifying_opponents"": 0.0, ""vilifying_neighbours"": 0.0, ""personality_cult"": 0.0, ""vilifying_eu"": 0.0, ""nothing"": 1.0}",rung0-dummy,vilifying_opponents,crta,,45
Alo!,2026-06-02,Blokaderi skrnave svetinju - poštovanje čudotvornog Pojasa Presvete Bogorodice nazivaju fetišizmom.,https://crta.plus/sr/updates/june-manipulations/#cluster-45,,nothing,1.0,"{""vilifying_opponents"": 0.0, ""vilifying_neighbours"": 0.0, ""personality_cult"": 0.0, ""vilifying_eu"": 0.0, ""nothing"": 1.0}",rung0-dummy,vilifying_opponents,crta,,45
Srpski telegraf,2026-06-02,Blokaderi skrnave svetinju - poštovanje čudotvornog Pojasa Presvete Bogorodice nazivaju fetišizmom.,https://crta.plus/sr/updates/june-manipulations/#cluster-45,,nothing,1.0,"{""vilifying_opponents"": 0.0, ""vilifying_neighbours"": 0.0, ""personality_cult"": 0.0, ""vilifying_eu"": 0.0, ""nothing"": 1.0}",rung0-dummy,vilifying_opponents,crta,,45
TV Informer,2026-06-04,"Dok se narod klanja svetinji, blokaderi je ismevaju. Otuđeni od vere i svega srpskog, ponovo su prešli granicu.",https://crta.plus/sr/updates/june-manipulations/#cluster-46,,nothing,1.0,"{""vilifying_opponents"": 0.0, ""vilifying_neighbours"": 0.0, ""personality_cult"": 0.0, ""vilifying_eu"": 0.0, ""nothing"": 1.0}",rung0-dummy,vilifying_opponents,crta,,46
Alo!,2026-06-04,"Dok se narod klanja svetinji, blokaderi je ismevaju. Otuđeni od vere i svega srpskog, ponovo su prešli granicu.",https://crta.plus/sr/updates/june-manipulations/#cluster-46,,nothing,1.0,"{""vilifying_opponents"": 0.0, ""vilifying_neighbours"": 0.0, ""personality_cult"": 0.0, ""vilifying_eu"": 0.0, ""nothing"": 1.0}",rung0-dummy,vilifying_opponents,crta,,46
Večernje novosti,2026-06-20,"Lažni skandal sa 'zvučnim topom' unapred je isplaniran na plenumima, kao deo plana da se sruše predsednik i država i izazove građanski rat.",https://crta.plus/sr/updates/june-manipulations/#cluster-47,,nothing,1.0,"{""vilifying_opponents"": 0.0, ""vilifying_neighbours"": 0.0, ""personality_cult"": 0.0, ""vilifying_eu"": 0.0, ""nothing"": 1.0}",rung0-dummy,vilifying_opponents,crta,,47
Srpski telegraf,2026-06-20,"Lažni skandal sa 'zvučnim topom' unapred je isplaniran na plenumima, kao deo plana da se sruše predsednik i država i izazove građanski rat.",https://crta.plus/sr/updates/june-manipulations/#cluster-47,,nothing,1.0,"{""vilifying_opponents"": 0.0, ""vilifying_neighbours"": 0.0, ""personality_cult"": 0.0, ""vilifying_eu"": 0.0, ""nothing"": 1.0}",rung0-dummy,vilifying_opponents,crta,,47
Alo!,2026-06-20,"Lažni skandal sa 'zvučnim topom' unapred je isplaniran na plenumima, kao deo plana da se sruše predsednik i država i izazove građanski rat.",https://crta.plus/sr/updates/june-manipulations/#cluster-47,,nothing,1.0,"{""vilifying_opponents"": 0.0, ""vilifying_neighbours"": 0.0, ""personality_cult"": 0.0, ""vilifying_eu"": 0.0, ""nothing"": 1.0}",rung0-dummy,vilifying_opponents,crta,,47
Politika,2026-06-20,"Lažni skandal sa 'zvučnim topom' unapred je isplaniran na plenumima, kao deo plana da se sruše predsednik i država i izazove građanski rat.",https://crta.plus/sr/updates/june-manipulations/#cluster-47,,nothing,1.0,"{""vilifying_opponents"": 0.0, ""vilifying_neighbours"": 0.0, ""personality_cult"": 0.0, ""vilifying_eu"": 0.0, ""nothing"": 1.0}",rung0-dummy,vilifying_opponents,crta,,47
Informer,2026-06-20,"Lažni skandal sa 'zvučnim topom' unapred je isplaniran na plenumima, kao deo plana da se sruše predsednik i država i izazove građanski rat.",https://crta.plus/sr/updates/june-manipulations/#cluster-47,,nothing,1.0,"{""vilifying_opponents"": 0.0, ""vilifying_neighbours"": 0.0, ""personality_cult"": 0.0, ""vilifying_eu"": 0.0, ""nothing"": 1.0}",rung0-dummy,vilifying_opponents,crta,,47
TV Informer,2026-06-20,"Lažni skandal sa 'zvučnim topom' unapred je isplaniran na plenumima, kao deo plana da se sruše predsednik i država i izazove građanski rat.",https://crta.plus/sr/updates/june-manipulations/#cluster-47,,nothing,1.0,"{""vilifying_opponents"": 0.0, ""vilifying_neighbours"": 0.0, ""personality_cult"": 0.0, ""vilifying_eu"": 0.0, ""nothing"": 1.0}",rung0-dummy,vilifying_opponents,crta,,47
TV Prva,2026-06-20,"Lažni skandal sa 'zvučnim topom' unapred je isplaniran na plenumima, kao deo plana da se sruše predsednik i država i izazove građanski rat.",https://crta.plus/sr/updates/june-manipulations/#cluster-47,,nothing,1.0,"{""vilifying_opponents"": 0.0, ""vilifying_neighbours"": 0.0, ""personality_cult"": 0.0, ""vilifying_eu"": 0.0, ""nothing"": 1.0}",rung0-dummy,vilifying_opponents,crta,,47
TV B92,2026-06-20,"Lažni skandal sa 'zvučnim topom' unapred je isplaniran na plenumima, kao deo plana da se sruše predsednik i država i izazove građanski rat.",https://crta.plus/sr/updates/june-manipulations/#cluster-47,,nothing,1.0,"{""vilifying_opponents"": 0.0, ""vilifying_neighbours"": 0.0, ""personality_cult"": 0.0, ""vilifying_eu"": 0.0, ""nothing"": 1.0}",rung0-dummy,vilifying_opponents,crta,,47
TV Pink,2026-06-20,"Lažni skandal sa 'zvučnim topom' unapred je isplaniran na plenumima, kao deo plana da se sruše predsednik i država i izazove građanski rat.",https://crta.plus/sr/updates/june-manipulations/#cluster-47,,nothing,1.0,"{""vilifying_opponents"": 0.0, ""vilifying_neighbours"": 0.0, ""personality_cult"": 0.0, ""vilifying_eu"": 0.0, ""nothing"": 1.0}",rung0-dummy,vilifying_opponents,crta,,47
TV B92,2026-06-20,Vučić u specijalnoj emisiji o aferi 'zvučni top': Žurilo im se da izazovu građanski rat. Izvršili su atentat na moj lik i hteli da unište Srbiju.,https://crta.plus/sr/updates/june-manipulations/#cluster-48,,nothing,1.0,"{""vilifying_opponents"": 0.0, ""vilifying_neighbours"": 0.0, ""personality_cult"": 0.0, ""vilifying_eu"": 0.0, ""nothing"": 1.0}",rung0-dummy,vilifying_opponents,crta,,48
Kurir,2026-06-20,Vučić u specijalnoj emisiji o aferi 'zvučni top': Žurilo im se da izazovu građanski rat. Izvršili su atentat na moj lik i hteli da unište Srbiju.,https://crta.plus/sr/updates/june-manipulations/#cluster-48,,nothing,1.0,"{""vilifying_opponents"": 0.0, ""vilifying_neighbours"": 0.0, ""personality_cult"": 0.0, ""vilifying_eu"": 0.0, ""nothing"": 1.0}",rung0-dummy,vilifying_opponents,crta,,48
Večernje novosti,2026-06-20,Vučić u specijalnoj emisiji o aferi 'zvučni top': Žurilo im se da izazovu građanski rat. Izvršili su atentat na moj lik i hteli da unište Srbiju.,https://crta.plus/sr/updates/june-manipulations/#cluster-48,,nothing,1.0,"{""vilifying_opponents"": 0.0, ""vilifying_neighbours"": 0.0, ""personality_cult"": 0.0, ""vilifying_eu"": 0.0, ""nothing"": 1.0}",rung0-dummy,vilifying_opponents,crta,,48
Politika,2026-06-20,Vučić u specijalnoj emisiji o aferi 'zvučni top': Žurilo im se da izazovu građanski rat. Izvršili su atentat na moj lik i hteli da unište Srbiju.,https://crta.plus/sr/updates/june-manipulations/#cluster-48,,nothing,1.0,"{""vilifying_opponents"": 0.0, ""vilifying_neighbours"": 0.0, ""personality_cult"": 0.0, ""vilifying_eu"": 0.0, ""nothing"": 1.0}",rung0-dummy,vilifying_opponents,crta,,48
Alo!,2026-06-20,Vučić u specijalnoj emisiji o aferi 'zvučni top': Žurilo im se da izazovu građanski rat. Izvršili su atentat na moj lik i hteli da unište Srbiju.,https://crta.plus/sr/updates/june-manipulations/#cluster-48,,nothing,1.0,"{""vilifying_opponents"": 0.0, ""vilifying_neighbours"": 0.0, ""personality_cult"": 0.0, ""vilifying_eu"": 0.0, ""nothing"": 1.0}",rung0-dummy,vilifying_opponents,crta,,48
Srpski telegraf,2026-06-20,Vučić u specijalnoj emisiji o aferi 'zvučni top': Žurilo im se da izazovu građanski rat. Izvršili su atentat na moj lik i hteli da unište Srbiju.,https://crta.plus/sr/updates/june-manipulations/#cluster-48,,nothing,1.0,"{""vilifying_opponents"": 0.0, ""vilifying_neighbours"": 0.0, ""personality_cult"": 0.0, ""vilifying_eu"": 0.0, ""nothing"": 1.0}",rung0-dummy,vilifying_opponents,crta,,48
TV Informer,2026-06-21,Vučić stavlja tačku na izmišljotine: Podneo bih ostavku da je zvučni top korišćen.,https://crta.plus/sr/updates/june-manipulations/#cluster-49,,nothing,1.0,"{""vilifying_opponents"": 0.0, ""vilifying_neighbours"": 0.0, ""personality_cult"": 0.0, ""vilifying_eu"": 0.0, ""nothing"": 1.0}",rung0-dummy,vilifying_opponents,crta,,49
TV Pink,2026-06-21,Vučić stavlja tačku na izmišljotine: Podneo bih ostavku da je zvučni top korišćen.,https://crta.plus/sr/updates/june-manipulations/#cluster-49,,nothing,1.0,"{""vilifying_opponents"": 0.0, ""vilifying_neighbours"": 0.0, ""personality_cult"": 0.0, ""vilifying_eu"": 0.0, ""nothing"": 1.0}",rung0-dummy,vilifying_opponents,crta,,49
Informer,2026-06-21,Vučić stavlja tačku na izmišljotine: Podneo bih ostavku da je zvučni top korišćen.,https://crta.plus/sr/updates/june-manipulations/#cluster-49,,nothing,1.0,"{""vilifying_opponents"": 0.0, ""vilifying_neighbours"": 0.0, ""personality_cult"": 0.0, ""vilifying_eu"": 0.0, ""nothing"": 1.0}",rung0-dummy,vilifying_opponents,crta,,49
Srpski telegraf,2026-06-21,Vučić stavlja tačku na izmišljotine: Podneo bih ostavku da je zvučni top korišćen.,https://crta.plus/sr/updates/june-manipulations/#cluster-49,,nothing,1.0,"{""vilifying_opponents"": 0.0, ""vilifying_neighbours"": 0.0, ""personality_cult"": 0.0, ""vilifying_eu"": 0.0, ""nothing"": 1.0}",rung0-dummy,vilifying_opponents,crta,,49
Informer,2026-06-09,Aleksandar Vučić grmi: Osamnaest meseci pokušavaju da nam sruše državu! Ali neće uspeti.,https://crta.plus/sr/updates/june-manipulations/#cluster-50,,nothing,1.0,"{""vilifying_opponents"": 0.0, ""vilifying_neighbours"": 0.0, ""personality_cult"": 0.0, ""vilifying_eu"": 0.0, ""nothing"": 1.0}",rung0-dummy,vilifying_opponents,crta,,50
TV Informer,2026-06-10,Srušen mit blokadera o Vučićevoj izolaciji Srbije; diplomatska aktivnost demantuje kampanju blokadera.,https://crta.plus/sr/updates/june-manipulations/#cluster-51,,nothing,1.0,"{""vilifying_opponents"": 0.0, ""vilifying_neighbours"": 0.0, ""personality_cult"": 0.0, ""vilifying_eu"": 0.0, ""nothing"": 1.0}",rung0-dummy,vilifying_opponents,crta,,51
Alo!,2026-06-12,Propast ideje o jedinstvenoj listi - Blokaderi: Vučićeva pobeda sve izvesnija.,https://crta.plus/sr/updates/june-manipulations/#cluster-52,,nothing,1.0,"{""vilifying_opponents"": 0.0, ""vilifying_neighbours"": 0.0, ""personality_cult"": 0.0, ""vilifying_eu"": 0.0, ""nothing"": 1.0}",rung0-dummy,vilifying_opponents,crta,,52
Informer,2026-06-04,"Novi skandal koji je orkestrirala Podgorica. Crnogorci proteruju 87 Srba. Avion Er Srbije juče je bez objašnjenja vraćen za Beograd sa aerodroma u Tivtu, nakon što su putnici pretreseni do gole kože.",https://crta.plus/sr/updates/june-manipulations/#cluster-53,,nothing,1.0,"{""vilifying_opponents"": 0.0, ""vilifying_neighbours"": 0.0, ""personality_cult"": 0.0, ""vilifying_eu"": 0.0, ""nothing"": 1.0}",rung0-dummy,vilifying_neighbours,crta,,53
Večernje novosti,2026-06-04,"Novi skandal koji je orkestrirala Podgorica. Crnogorci proteruju 87 Srba. Avion Er Srbije juče je bez objašnjenja vraćen za Beograd sa aerodroma u Tivtu, nakon što su putnici pretreseni do gole kože.",https://crta.plus/sr/updates/june-manipulations/#cluster-53,,nothing,1.0,"{""vilifying_opponents"": 0.0, ""vilifying_neighbours"": 0.0, ""personality_cult"": 0.0, ""vilifying_eu"": 0.0, ""nothing"": 1.0}",rung0-dummy,vilifying_neighbours,crta,,53
TV Informer,2026-06-04,Bezgranična drskost. Crnogorski parlament i mediji u koordinisanom napadu na Srbe.,https://crta.plus/sr/updates/june-manipulations/#cluster-54,,nothing,1.0,"{""vilifying_opponents"": 0.0, ""vilifying_neighbours"": 0.0, ""personality_cult"": 0.0, ""vilifying_eu"": 0.0, ""nothing"": 1.0}",rung0-dummy,vilifying_neighbours,crta,,54
Večernje novosti,2026-06-02,Nova promocija 'Velike Albanije': 'Crni orao' nesmetano oštri kandže.,https://crta.plus/sr/updates/june-manipulations/#cluster-55,,nothing,1.0,"{""vilifying_opponents"": 0.0, ""vilifying_neighbours"": 0.0, ""personality_cult"": 0.0, ""vilifying_eu"": 0.0, ""nothing"": 1.0}",rung0-dummy,vilifying_neighbours,crta,,55
Politika,2026-06-04,Prištinski teror tokom izborne kampanje se nastavlja. Kurti i Rašić raspiruju izlive nasilja nad Srbima.,https://crta.plus/sr/updates/june-manipulations/#cluster-56,,nothing,1.0,"{""vilifying_opponents"": 0.0, ""vilifying_neighbours"": 0.0, ""personality_cult"": 0.0, ""vilifying_eu"": 0.0, ""nothing"": 1.0}",rung0-dummy,vilifying_neighbours,crta,,56
Blic,2026-06-30,Represija i progon Srba nakon hapšenja na Gazimestanu.,https://crta.plus/sr/updates/june-manipulations/#cluster-57,,nothing,1.0,"{""vilifying_opponents"": 0.0, ""vilifying_neighbours"": 0.0, ""personality_cult"": 0.0, ""vilifying_eu"": 0.0, ""nothing"": 1.0}",rung0-dummy,vilifying_neighbours,crta,,57
Večernje novosti,2026-06-30,Represija i progon Srba nakon hapšenja na Gazimestanu.,https://crta.plus/sr/updates/june-manipulations/#cluster-57,,nothing,1.0,"{""vilifying_opponents"": 0.0, ""vilifying_neighbours"": 0.0, ""personality_cult"": 0.0, ""vilifying_eu"": 0.0, ""nothing"": 1.0}",rung0-dummy,vilifying_neighbours,crta,,57
Politika,2026-06-30,Represija i progon Srba nakon hapšenja na Gazimestanu.,https://crta.plus/sr/updates/june-manipulations/#cluster-57,,nothing,1.0,"{""vilifying_opponents"": 0.0, ""vilifying_neighbours"": 0.0, ""personality_cult"": 0.0, ""vilifying_eu"": 0.0, ""nothing"": 1.0}",rung0-dummy,vilifying_neighbours,crta,,57
TV Pink,2026-07-22,"Nastavljena kampanja dehumanizacije predsednika Vučića. Tužiteljka u penziji Paunović najavila obračun sa predsednikom, njegovom porodicom i neistomišljenicima.",https://crta.plus/sr/updates/manipulacije-u-julu/#cluster-58,,nothing,1.0,"{""vilifying_opponents"": 0.0, ""vilifying_neighbours"": 0.0, ""personality_cult"": 0.0, ""vilifying_eu"": 0.0, ""nothing"": 1.0}",rung0-dummy,vilifying_opponents,crta,,58
TV Prva,2026-07-22,"U brutalnu kampanju dehumanizacije predsednika Srbije Aleksandra Vučića i njegove porodice uključila se i tužiteljka u penziji Jasmina Paunović, koja se nalazi na listi kandidata za poslanika sa studentske liste.",https://crta.plus/sr/updates/manipulacije-u-julu/#cluster-59,,nothing,1.0,"{""vilifying_opponents"": 0.0, ""vilifying_neighbours"": 0.0, ""personality_cult"": 0.0, ""vilifying_eu"": 0.0, ""nothing"": 1.0}",rung0-dummy,vilifying_opponents,crta,,59
Kurir,2026-07-23,"Šok izjava kandidatinje tzv. Studentske liste, dno dna! Jasmina Paunović: prvo posle izbora biće zatvaranje granica. Učestvovala u teorijama zavere i lažima o Vučiću.",https://crta.plus/sr/updates/manipulacije-u-julu/#cluster-60,,nothing,1.0,"{""vilifying_opponents"": 0.0, ""vilifying_neighbours"": 0.0, ""personality_cult"": 0.0, ""vilifying_eu"": 0.0, ""nothing"": 1.0}",rung0-dummy,vilifying_opponents,crta,,60
TV B92,2026-07-23,"Blokaderka Jasmina Paunović u napadu na predsednika Vučića iskazala mržnju, ksenofobiju, rasizam i mizoginiju, poručuje predsednica parlamenta Brnabić.",https://crta.plus/sr/updates/manipulacije-u-julu/#cluster-61,,nothing,1.0,"{""vilifying_opponents"": 0.0, ""vilifying_neighbours"": 0.0, ""personality_cult"": 0.0, ""vilifying_eu"": 0.0, ""nothing"": 1.0}",rung0-dummy,vilifying_opponents,crta,,61
TV Prva,2026-07-23,"Blokaderka Jasmina Paunović u napadu na predsednika Vučića iskazala mržnju, ksenofobiju, rasizam i mizoginiju, poručuje predsednica parlamenta Brnabić.",https://crta.plus/sr/updates/manipulacije-u-julu/#cluster-61,,nothing,1.0,"{""vilifying_opponents"": 0.0, ""vilifying_neighbours"": 0.0, ""personality_cult"": 0.0, ""vilifying_eu"": 0.0, ""nothing"": 1.0}",rung0-dummy,vilifying_opponents,crta,,61
Politika,2026-07-04,Brnabićeva i ministri u diplomatskoj ofanzivi - Blokaderi lažu da EU ukida isplate Srbiji.,https://crta.plus/sr/updates/manipulacije-u-julu/#cluster-62,,nothing,1.0,"{""vilifying_opponents"": 0.0, ""vilifying_neighbours"": 0.0, ""personality_cult"": 0.0, ""vilifying_eu"": 0.0, ""nothing"": 1.0}",rung0-dummy,vilifying_opponents,crta,,62
Informer,2026-07-13,Blokaderi promovišu 'genocid' u Srebrenici.,https://crta.plus/sr/updates/manipulacije-u-julu/#cluster-63,,nothing,1.0,"{""vilifying_opponents"": 0.0, ""vilifying_neighbours"": 0.0, ""personality_cult"": 0.0, ""vilifying_eu"": 0.0, ""nothing"": 1.0}",rung0-dummy,vilifying_opponents,crta,,63
Informer,2026-07-24,"Nova strašna izmišljotina iz plenumaške kuhinje, blokaderi lažu da je član SNS uhapšen u Liberiji.",https://crta.plus/sr/updates/manipulacije-u-julu/#cluster-64,,nothing,1.0,"{""vilifying_opponents"": 0.0, ""vilifying_neighbours"": 0.0, ""personality_cult"": 0.0, ""vilifying_eu"": 0.0, ""nothing"": 1.0}",rung0-dummy,vilifying_opponents,crta,,64
Informer,2026-07-07,Prljavi politički savez u Podgorici. Spajić i Mandić sklopili pakt s Milom protiv Srba.,https://crta.plus/sr/updates/manipulacije-u-julu/#cluster-65,,nothing,1.0,"{""vilifying_opponents"": 0.0, ""vilifying_neighbours"": 0.0, ""personality_cult"": 0.0, ""vilifying_eu"": 0.0, ""nothing"": 1.0}",rung0-dummy,vilifying_neighbours,crta,,65
Kurir,2026-07-07,Sramna odluka Podgorice. Antisrpski. I posle Mila - Milojko i Mandić: nema mesta srpskog jezika u Ustavu Crne Gore.,https://crta.plus/sr/updates/manipulacije-u-julu/#cluster-66,,nothing,1.0,"{""vilifying_opponents"": 0.0, ""vilifying_neighbours"": 0.0, ""personality_cult"": 0.0, ""vilifying_eu"": 0.0, ""nothing"": 1.0}",rung0-dummy,vilifying_neighbours,crta,,66
Srpski Telegraf,2026-07-21,"I ovo smo dočekali, Srbe bi na vrbe usred Crne Gore.",https://crta.plus/sr/updates/manipulacije-u-julu/#cluster-67,,nothing,1.0,"{""vilifying_opponents"": 0.0, ""vilifying_neighbours"": 0.0, ""personality_cult"": 0.0, ""vilifying_eu"": 0.0, ""nothing"": 1.0}",rung0-dummy,vilifying_neighbours,crta,,67
Kurir,2026-07-24,"Hrvatski mediji priznali - ekonomija je sve gora, dok Vučićeva Srbija beleži istorijski rast zarada i potpunu stabilnost.",https://crta.plus/sr/updates/manipulacije-u-julu/#cluster-68,,nothing,1.0,"{""vilifying_opponents"": 0.0, ""vilifying_neighbours"": 0.0, ""personality_cult"": 0.0, ""vilifying_eu"": 0.0, ""nothing"": 1.0}",rung0-dummy,vilifying_neighbours,crta,,68
Alo!,2026-07-24,"U Zagrebu panika zbog ekonomskog kraha, dok Srbija raste Hrvatska se davi.",https://crta.plus/sr/updates/manipulacije-u-julu/#cluster-69,,nothing,1.0,"{""vilifying_opponents"": 0.0, ""vilifying_neighbours"": 0.0, ""personality_cult"": 0.0, ""vilifying_eu"": 0.0, ""nothing"": 1.0}",rung0-dummy,vilifying_neighbours,crta,,69
Večernje Novosti,2026-07-04,"Hrvat, izvestilac EP, ne miruje - Picula ponovo udara na Srbiju.",https://crta.plus/sr/updates/manipulacije-u-julu/#cluster-70,,nothing,1.0,"{""vilifying_opponents"": 0.0, ""vilifying_neighbours"": 0.0, ""personality_cult"": 0.0, ""vilifying_eu"": 0.0, ""nothing"": 1.0}",rung0-dummy,vilifying_neighbours,crta,,70
Večernje Novosti,2026-07-30,"Najava suludnih mera, Kurtijeva vlast preko vodiča krade naše svetinje.",https://crta.plus/sr/updates/manipulacije-u-julu/#cluster-71,,nothing,1.0,"{""vilifying_opponents"": 0.0, ""vilifying_neighbours"": 0.0, ""personality_cult"": 0.0, ""vilifying_eu"": 0.0, ""nothing"": 1.0}",rung0-dummy,vilifying_neighbours,crta,,71
Politika,2026-07-30,"Najava suludnih mera, Kurtijeva vlast preko vodiča krade naše svetinje.",https://crta.plus/sr/updates/manipulacije-u-julu/#cluster-71,,nothing,1.0,"{""vilifying_opponents"": 0.0, ""vilifying_neighbours"": 0.0, ""personality_cult"": 0.0, ""vilifying_eu"": 0.0, ""nothing"": 1.0}",rung0-dummy,vilifying_neighbours,crta,,71
Alo,2026-07-30,"Najava suludnih mera, Kurtijeva vlast preko vodiča krade naše svetinje.",https://crta.plus/sr/updates/manipulacije-u-julu/#cluster-71,,nothing,1.0,"{""vilifying_opponents"": 0.0, ""vilifying_neighbours"": 0.0, ""personality_cult"": 0.0, ""vilifying_eu"": 0.0, ""nothing"": 1.0}",rung0-dummy,vilifying_neighbours,crta,,71
Kurir,2026-07-31,"Novi teror na KiM, Srbi, napolje! Naoružani Kurtijevi specijalci obezbeđivali rušenje srpske imovine na Gazivodama.",https://crta.plus/sr/updates/manipulacije-u-julu/#cluster-72,,nothing,1.0,"{""vilifying_opponents"": 0.0, ""vilifying_neighbours"": 0.0, ""personality_cult"": 0.0, ""vilifying_eu"": 0.0, ""nothing"": 1.0}",rung0-dummy,vilifying_neighbours,crta,,72
Večernje novosti,2026-07-31,"Novi teror na KiM, Srbi, napolje! Naoružani Kurtijevi specijalci obezbeđivali rušenje srpske imovine na Gazivodama.",https://crta.plus/sr/updates/manipulacije-u-julu/#cluster-72,,nothing,1.0,"{""vilifying_opponents"": 0.0, ""vilifying_neighbours"": 0.0, ""personality_cult"": 0.0, ""vilifying_eu"": 0.0, ""nothing"": 1.0}",rung0-dummy,vilifying_neighbours,crta,,72
Srpski Telegraf,2026-07-16,"Predsednik svakog dana drži političke lekcije: Vučić potura glavu gde drugi ne bi nogu. Put od Pariza do glavnog grada Ukrajine, gde je na samitu ponovo bio, slikovito rečeno, sam protiv svih, ući će u anale.",https://crta.plus/sr/updates/manipulacije-u-julu/#cluster-73,,nothing,1.0,"{""vilifying_opponents"": 0.0, ""vilifying_neighbours"": 0.0, ""personality_cult"": 0.0, ""vilifying_eu"": 0.0, ""nothing"": 1.0}",rung0-dummy,personality_cult,crta,,73
Srpski Telegraf,2026-07-14,"Ogromna počast za Srbiju i predsednika - mastermajnd (geo)politike - Vučić na paradi u Parizu jedini koji nije iz EU ili NATO - u isto vreme Đilas napao Makrona, evo šta mu smeta: nabavka borbenih aviona rafal, koncesija za aerodrom 'Nikola Tesla', saradnja vezana za nuklearnu energiju.",https://crta.plus/sr/updates/manipulacije-u-julu/#cluster-74,,nothing,1.0,"{""vilifying_opponents"": 0.0, ""vilifying_neighbours"": 0.0, ""personality_cult"": 0.0, ""vilifying_eu"": 0.0, ""nothing"": 1.0}",rung0-dummy,personality_cult,crta,,74
Kurir,2026-07-27,"Predsednik o lažima blokadera, bes naroda. Vučić: ljudi su mogli sve da trpe, ali napade na porodicu - neće.",https://crta.plus/sr/updates/manipulacije-u-julu/#cluster-75,,nothing,1.0,"{""vilifying_opponents"": 0.0, ""vilifying_neighbours"": 0.0, ""personality_cult"": 0.0, ""vilifying_eu"": 0.0, ""nothing"": 1.0}",rung0-dummy,personality_cult,crta,,75
Alo!,2026-07-28,"Veličina praštanja: Vučić poslao moćnu poruku muškarcu koji mu je pretio ubistvom. Zaveden je strašnim lažima, pokušaću da mu pomognem.",https://crta.plus/sr/updates/manipulacije-u-julu/#cluster-76,,nothing,1.0,"{""vilifying_opponents"": 0.0, ""vilifying_neighbours"": 0.0, ""personality_cult"": 0.0, ""vilifying_eu"": 0.0, ""nothing"": 1.0}",rung0-dummy,personality_cult,crta,,76
