,Naslov,Kategorija
0,"Spoljnotrgovinski deficit u junu 4,7 milijardi dolara",ekonomija
1,Svetske berze: Pretnje carinama ponovo u fokusu ulagača,ekonomija
2,Pregovori počeli,politika
3,"FIBA odredila sudije za EP: Srbija će imati dva predstavnika, a tu je i omraženi arbitar iz Pariza",sport
4,"Šok rezultat! Srbija ponizila Albaniju: Ovakvo ""odvaljivanje"" se ne pamti na Evropskim prvenstvima",sport
5,Podsetnik za Nagetse: Oglasili se iz Denvera zbog Jokićevog nastupa na Evrobasketu (FOTO),sport
6,VN Mađarske: Žestoka borba Meklarenovih vozača i pobeda Landa Norisa,sport
7,[ŠOK] Nemoguće šta se dešava... Nikad pre viđeno... JOJ,ekonomija
8,"Švajcarski sir na udaru: Tramp uvodi carinu od 39 odsto, proizvođači u šoku",ekonomija
9,Investicije rastu  ,ekonomija
10,Nenad Lalović novi potpredsednik Asocijacije međunarodnih federacija letnjih olimpijskih sportova,sport
11,Janković (CWP Europe): Očekuje se da bi prvi PPA ugovor mogao biti do kraja godine,ekonomija
12,Marionetski model po diktatu EU: Kako Dolovac i Nenadić sprovode scenario Laure Koveši u Srbiji,politika
13,Krčka se u Milanu: Vlasnici fudbalskog kluba sastavljaju košarkaški tim?,sport
14,Pokrenut projekat „eUprava za sve“,ekonomija
15,„Srbija carinom od 35 odsto kažnjena zbog parnterstva sa Rusijom“: Firme razmišljaju o preseljenju proizvodnje,ekonomija
16,Igrokaz?! Raspala opozicija se dodatno podelila,politika
17,Blagojević pred Radnički o aktuelnom trenutku: Nema prostora za euforiju,sport
18,Uskoro biznis klasa prvi put na srpskoj železnici: Predstoji modernizacija Gošinih vagona vredna 25 miliona evra,ekonomija
19,"Sprema se još jedan odlazak sa ""Marakane"" - Defanzivac čekira kartu za Skandinaviju",sport
20,New Legislation Targets Cryptocurrency Tax Evasion,ekonomija
21,Milica Delević nova generalna sekretarka Evropske banke za obnovu i razvoj,ekonomija
22,Na kom je mestu Orion telekom po broju korisnika u Srbiji?,ekonomija
23,Ako osvojimo Skudeto brijem bradu - Napoli predstavio Vanju,sport
24,Mali: Srbija zainteresovana za koncesiju dva aerodroma u Crnoj Gori,ekonomija
25,"Srednji kurs dinara za evro 117,1711 dinara",ekonomija
26,Unapred poznat rezultat meča Leh - Zvezda? Evo šta kaže veštačka inteligencija,sport
27,Kragujevac „digitalni gigant” Srbije: Ana Brnabić u poseti Data centru i gradilištu Inovacionog distrikta,ekonomija
28,Rad na preko 39 stepeni može biti koban: Da li treba uvesti obavezu prekida rada po ekstremno visokim temperaturama?,ekonomija
29,Petković sa ruskim ambasadorom o Popoviću,politika
30,Education Sector Embraces Hybrid Learning Models,sport
31,Healthcare Workers Rally for Better Pay and Conditions,politika
32,"Skandal neviđenih razmera: Oglasili se blokaderi zbog ""Oluje"", pravdaju Hrvate zbog brutalnog ubijanja Srba",politika
33,Bratstvo i prijateljstvo Zvezde i Olimpijakosa: Terzić poseban gost na Marinakosovom rođendanu (FOTO),sport
34,"Deca su se uznemirila, pojačali smo crtaće da se manje čuje buka! Žarko Mićin za Informer: Hvala policiji jer nije dozvolila ulaz u zgradu (VIDEO)",politika
35,Usvojene pojedine primedbe stručne javnosti na plan Beograda na vodi,ekonomija
36,Vladan Milojević sa dva napadača počinje meč protiv Leha,sport
37,Pošta Srbije pustila u rad robotizovani sistem za sortiranje pošiljki u Beogradu,ekonomija
38,Nimalo lak posao: Poznati potencijalni rivali Crvene zvezde u trećem kolu kvalifikacija za Ligu šampiona,sport
39,Svetske berze: Odnos Kina-SAD ponovo dominira tržištem,ekonomija
40,Jamalu „zapretili“ tužbom zato što je angažovao osobe sa patuljastim rastom za žurku,sport
41,Nikezić (SSP): Auto-put Beograd-Zrenjanin-Novi Sad skuplji od kineskog auto-puta kroz oblake,ekonomija
42,"SKANDAL! Nasilnici iz Novog Pazara pušteni na slobodu: Psovali, vređali, napadali policiju, a danas šetaju slobodno!",politika
43,Navijači Novog Pazara napali porodicu iz Poljske,sport
44,Debi gol  ,sport
45,Bomba u najavi! Aleksandar Mitrović ponovo crno-beli!,sport
46,Šta kaže ministar Đurić o presudi Dodiku?,politika
47,Zvezda saznala rivala u narednoj rundi: Srpski šampion ide u Poljsku,sport
48,Dižem se na šut za tri da ih slomim i... Kapiten Bogdanović prisetio se čuvenog meča u Lilu,sport
49,Na autobuskoj stanici otvoren šalter za kupovinu voznih karata,ekonomija
50,Berlin führt Tempo-30-Zonen in weiteren Bezirken ein  ,politika
51,Liverpul doveo napadača za preko 90 miliona evra,sport
52,Partiju odobrena privremena sloboda,sport
53,"Auuu, ovo odavno nismo videli - Pogledajte ko je prvi na tabeli Superlige",sport
54,Ekonomija raste  ,ekonomija
55,Ubedljiva pobeda Srbije: Sa Francuskom za prvo mestom u grupi,sport
56,"SDA Sandžaka reagovala zbog stiha pesme, pozvala Vučića da osudi",politika
57,Oglasio se i Vojislav Mihailović o pozivu princu Filipu Karađorđeviću,politika
58,"(VIDEO) Srpsku treba ugasiti, BiH mora da bude unitarna! Tajkunska novinarka napala Vučića: Zašto predsednik Srbije brani Dodika?!",politika
59,Europäische Zentralbank hebt Leitzins erneut an  ,ekonomija
60,Novi sistem parkiranja u Beogradu počeo da važi 14. jula: Naplaćivaće se i nedeljom,ekonomija
61,Markus Rašford blizu prelaska u Barselonu na pozajmicu,sport
62,Oglasio se Olimpijakos: Filip Petrušev promenio klub,sport
63,Pobediti Vučića pod Vučićevim uslovima?,politika
64,Škoti ne misle o Partizanu: Trener Hibernijana govorio pred meč sa crno-belima,sport
65,"Uz napade privatnog obezbeđenja na opoziciju, SNS iza ponoći izabrao gradonačelnika: Šta se sinoć dešavalo u Zaječaru?",politika
66,Mali: Sledi uvođenje e-bolovanja i osnivanje centralizovane baze podataka parafiskalnih nameta,ekonomija
67,"Završeni razgovori sa MMF-om: Rast ove godine tri odsto, deficit budžeta ne sme preko tri odsto BDP-a",ekonomija
68,"Macut ne zna gde je došao, tvrdi SSP",politika
69,"Cena evrodizela narednih sedam dana ostaje ista, benzin skuplji za dva dinara",ekonomija
70,Više od 10.000 hotela iz više od 25 evropskih zemalja pokrenulo zajedničku tužbu protiv Bukinga,ekonomija
71,"U Beogradu počeo prvi međunarodni sastanak o izložbi „EXPO 2027“, studenti protestuju",ekonomija
72,"Ter Štegen mora na operaciju leđa, van terena najmanje tri meseca",sport
73,"DOSTA ZLOČINA! Kolumna Dragana J. Vučićevića: Hapsi, Vučiću, hapsi!",politika
74,"Gojković: Dobila sam ogroman broj poruka podrške, ja sam se setila izraza zgubidanovići",politika
75,Imena na studentskoj listi: Da li je to uopšte važno za pobedu Vučića na izborima?,politika
76,Veliki su oni izdajnici! Tužilac za nadstrešnicu viđao se u Hrvatskoj sa poštovaocem Tompsona,politika
77,Ovako se brani dostojanstvo i narodna imovina: Jedna pristojna žena sama protiv bahatih blokadera-zgubidana (VIDEO),politika
78,Vlada Srbije zatražila odlaganje sankcija NIS-u na šest meseci,ekonomija
79,"Čeka se domino efekat napadača: Isak u Liverpul, Šeško u Njukasl... Mančester ostaje bez pojačanja",sport
80,Putevi Srbije: Proteklog vikenda najintenzivniji saobraćaj od početka letnje sezone,ekonomija
81,''Nisu sve civilne žrtve ratova jednako tretirane'' - Bivši poslanik Bundestaga: Nemci ne znaju za zločine nad Srbima u BiH,politika
82,"Vučić sa obeležavanja „Oluje“ o Kosovu i Republici Srpskoj: Molim vas da čuvate mir, dok sam predsednik živeće RS",politika
83,7 manje popularnih sportova koje treba da počnete da pratite,sport
84,Sportska drama  ,sport
85,Poljska će zapamtiti Zvezdu: Crveno-beli prekinuli niz od 10 evropskih mečeva bez poraza,sport
86,Ministarstvo poljoprivrede: U pripremi novi zakon o hrani za životinje,ekonomija
87,"Kamberi podneo nacrt rezolucije Skupštini o položaju Albanaca, objavio pismo Marte Kos",politika
88,Trofejni vaterpolista Srbije bez dlake na jeziku: Ovo nije ličilo ni na šta,sport
89,"Gotov idejni projekat, čekaju se lokacijski uslovi: Peta sednica grupe za izgradnju RHE Bistrica",ekonomija
90,"Srbija imala trgovinski suficit sa Nemačkom, prvi put u poslednjih 20 godina",ekonomija
91,"""Srbija je uz vas u ovim teškim trenucima"": Vučić se oglasio o helikopterskoj nesreći u Gani",politika
92,HAPSE DODIKA!? Sarajevo povlači potez kojim želi da izazove nemire,politika
93,"Junajted i Njukasl u ratu za Slovenca: ""Đavoli"" ne razmišljaju o Vlahoviću",sport
94,Da li je Srbija deo budžetske slagalice EU?,politika
95,Zvezdan Terzić pregovarao sa Tadićem o dolasku u Zvezdu: Bio bi najplaćeniji igrač u istoriji srpskog sporta,sport
96,N1: Orion Telekom da nas vrati u ponudu u skladu sa važećim ugovorom,ekonomija
97,"Đurić: Predložio sam da Tramp poseti Srbiju, vratićemo odnose na nekadašnji nivo",politika
98,CLS: Čemu služi preduzeće Beogradski park?,ekonomija
99,Kraj! Juventus definitivno prodaje Kostića: Zna se i cena,sport
100,Novi DSS upozorava na čerupanje imovine Energoprojekta,ekonomija
101,Kad i gde možete da gledate vaterpolo derbi Srbija – Italija na Svetskom prvenstvu?,sport
102,Luka Jović parafirao dvogodišnji ugovor sa Atinjanima,sport
103,Bogdan Karaičić novi trener Arisa,sport
104,"Kako građanska neposlušnost, na koju pozivaju studenti, može da utiče na ekonomiju?",ekonomija
105,(VIDEO) Šok priznanje zgubidana! Mila Pajić je organizovala blokade u Srbiji - zato je podržavaju Gruhonjić i Severina,politika
106,"Terzić: Ostvarili smo značajnu pobedu u Poljskoj, ali ništa nije završeno",sport
107,Svetske berze: Rezultati banaka podigli indekse do novih rekorda,ekonomija
108,Evropska komisija uvrstila projekat Jadar među projekte od strateškog značaja za EU,ekonomija
109,SRCE pita čime predsednik Srbije kupuje podršku Francuske,politika
110,Oglasio se ANS: Sraman napad na ekipu Informera - nasilje nad novinarima mora stati!,politika
111,Military Exercises Heighten Tensions in South China Sea,ekonomija
112,Žarko Mićin je za vas gospodin čovek i veliki rodoljub! Vladimir Đukanović odbrusio blokaderima koji napadaju kuće političkih neistomišljenika,politika
113,Vaterpolisti Španije posle penal serije pobedili Grčku i plasirali se u finale Svetskog prvenstva,sport
114,Srbija ove godine ostala bez 35 odsto košnica: Da li je sektor pčelarstva u krizi i kakav med jedemo?,ekonomija
115,"Poljoprivredna inspekcija kontrolisala poslastičarnice: Od 53, nepravilnosti utvrđene u 31 objektu",ekonomija
116,Ko će u Ligu šampiona - Zvezda ili Dinamo? Zvezdaše će razbesneti veštačka inteligencija,sport
117,Vučić o ustaškom divljanju na Poljudu: Kad dođe do pomračenja svi Hrvati postaju ustaše!,politika
118,Dačić: Prevarili su nas kada smo potpisivali Briselski sporazum,politika
119,Kako se kreću zarade za sezonske poslove u Srbiji?,ekonomija
120,Slovenija kandidat za domaćinstvo tri etape za Tur de Frans 2029.,sport
121,Srbija i pored dva crvena kartona slavila protiv Hrvatske na Svetskom prvenstvu,sport
122,Ogroman problem za Zvezdu - Crveno-beli silno oslabljeni u revanšu protiv Leha?,sport
123,(VIDEO) Odrodi sa dna kace! Smeta mu sve srpsko: Pavle Grbović kuka zbog nacionalnih udžbenika,politika
124,Poznato stanje fudbalera koji su umalo nastradali od groma u Loznici,sport
125,JANAF: Dobili smo licencu za transport nafte NIS-u do 27. avgusta,ekonomija
126,"Srpski košarkaši u šestoj brzini: ""Orlovi"" pregazili i Poljake iza zatvorenih vrata",sport
127,Fenerbahče našao zamenu za Gudurića: Stigao bek iz NBA lige,sport
128,(FOTO) Ana Ivanović uslikana između dva muškarca: Neka Švajni sad pukne od muke,sport
129,Tajkunski mediji tvrde da se reka ljudi sliva da blokira Novi Beograd: Pogledajte kakvo je pravo stanje stvari (FOTO/VIDEO),politika
130,Konzorcijum sedam firmi nadziraće gradnju železničke stanice Novi Beograd,ekonomija
131,"Majić plaši narod ""nepismenima"", a brani tužioce koji ne razlikuju krivično delo od službene dužnosti",politika
132,Biznis i finansije: Poreska politika u Srbiji nije podsticajna za domaća ulaganja,ekonomija
133,"Bajatović: Otežano poslovanje NIS-a, ali može da živi",ekonomija
134,"Očarana lažnom državom: Greta Tunberg bila na KiM, pa došla u Beograd da ruši Srbiju (FOTO)",politika
135,Humska proključala pred Hibernijan: Partizanovi klinci imaju karakter - Radnički pao nakon velikog preokreta (VIDEO),sport
136,Solarna elektrana Petka u Kostolcu puštena u probni rad,ekonomija
137,"Bez studije, publike i plana: Stadioni u Zaječaru, Loznici i Leskovcu od početka u minusu",ekonomija
138,“Ovo je samo početak”: Luka Dončić potpisao novi ugovor – 165 miliona dolara za tri sezone,sport
139,Siner i Alkaraz su još uvek daleko iza Đokovića: Britanac smatra da će rekordi srpskog tenisera biti teško dostižni,sport
140,Luka Banki skratio spisak za EP: Rival Srbije odjavio petoricu igrača,sport
141,Ne postoji „afera javor”: Grad Kragujevac demantuje navode objavljene u medijima oko sasušenih stabala na Trgu Radomira Putnika,ekonomija
142,Ministru Darku Glišiću pozlilo tokom gostovanja na TV Pink,politika
143,Fudbaleri Zvezde saznali ime protivnika u drugom kolu kvalifikacija za Ligu šampiona,sport
144,Vučić razgovarao s Makronom: Glavne teme situacija na Kosovu i u BiH,politika
145,"Klupko laži se odmotava, raskrinkavaju ih dokazi: Ovako se dvojac sa slike na kratko spasio odgovornosti za pad nadstrešnice!",politika
146,Misija Oebsa na Kosovu o hapšenju Popovića: Važno obezbediti pravičan i nepristrasan sudski postupak,politika
147,Napred AEK! Jović zapalio grčke navijače: Davaću golove kada je najvažnije,sport
148,"Oprez, ovaj sadržaj gledate na sopstvenu odgovornost: Evo kako izgleda pripadnik pobunjene ""elite"" (VIDEO)",politika
149,Srećan sam i ponosan na Radeta! Milojevićeva prva reakcija: Nema opuštanja,sport
150,"Vučić: Očekujem da stopa privrednog rasta ove godine pređe tri odsto, nadam se da nam poljoprivreda neće odmoći",ekonomija
151,Počela izgradnja druge zgrade Inovacionog distrikta u Kragujevcu,ekonomija
152,Počela izgradnja dalekovoda Obrenovac – Bajina Bašta od 400kV,ekonomija
153,Danas „poslednja prilika“ za konstituisanje Skupštine Kosova,politika
154,Burzanović umalo završio u Humskoj: Bjeković mi je rekao 'Sine ti si od zime igrač Partizana' (VIDEO),sport
155,CLS: GSP Beograd obustavio tender za nabavku 130 gasnih zglobnih autobusa,ekonomija
156,Ni posle 10 godina niko nije odgovarao za aferu “smrdljive zgrade”: Među izvođačima poznate građevinske firme bliske vlasti,ekonomija
157,"Novi potpis na ""Marakani"": Kangin zemljak je novi igrač Crvene zvezde (FOTO)",sport
158,Šumadijski blok 21: Zašto Kragujevac plaća 4.350 evra po sadnici crvenog javora ?,ekonomija
159,"Demo Beriša osudio napad na policiju u Novom Pazaru: Hitno reagovati, dolazi noć u kojoj bi moglo da dođe do neželjenih situacija",politika
160,Vučić izrazio saučešće povodom stradanja ministara vlade Gane,politika
161,Oglasila se Zvezda: Premijum sezonska karta predstavlja najpovoljniju opciju za navijače,sport
162,Kabinett billigt neue Digitalstrategie  ,politika
163,Infrastruktura železnice: Na železničkim stanicama između Beograda i Stare Pazove radi 27 liftova,ekonomija
164,Svi kapaciteti na terenu kako bi zaštitili građane Srbije od požara! Dačić: Sektor za vanredne situacije od početka godine imao više od 20 hiljada intervencija!,politika
165,"Voker zvanično u Makabiju... Izraelci se propisno ""isprsili""",sport
166,Austrijanci sramno udarili na Arnautovića: Može da bude koristan samo protiv slabijih...,sport
167,Pobeda gostiju  ,sport
168,"Marić: Marina Dorćol gradi se kao „braunfild“ investicija, nema povišenog nivoa opasnih materija u zemljištu",ekonomija
169,"NIS: Očuvana stabilnost na tržištu, ali iskazan gubitak na kraju prvog polugodišta",ekonomija
170,Telefon u Žitorađi i Telekomove „masne guske“,ekonomija
171,"Picula, zgubidanska uzdanica i ponos! Blokaderi samo što mu nisu ljubili stopala, a on sad slavi proterivanje i ubijanje Srba (FOTO)",politika
172,"Poljaci se tresu zbog Srba: Policija preti ""delijama"", hapsiće za svaki prestup",sport
173,„Poslednje miroljubivo sredstvo ili radikalska praksa“: Sagovornici Danasa o „posetama“ predstavnicima režima,politika
174,Zaječarac prevario firmu iz Bugarske: Prisvojio 200.000 evra,ekonomija
175,Vučić nakon Saveta za nacionalnu bezbednost: Srbija ne priznaje presudu Miloradu Dodiku,politika
176,Jeziv snimak nokauta... Vijetnamac umalo ubio rivala (VIDEO),sport
177,"Vučić o presudi Dodiku: ''Kucate na pogrešna vrata, dok sam živ neće iz mojih usta izaći pohvalna reč o presudi!"" (VIDEO)",politika
178,Težak poraz odbojkaša Srbije od Italije u Ligi nacija,sport
179,Cene rastu  ,ekonomija
180,"Ovo nisu dobre vesti - Srbija ima trojicu povređeni, Pešić sve otkrio",sport
181,"Ferari najveći gubitnik Hungaroringa: Noris prvi kroz cilj, dupli podijum za Meklaren",sport
182,„Postali smo simbol poštovanja različitosti u ovom prokletom vremenu“: Feđa Dudić se oprostio od Radničkog 1923,sport
183,Neočekivani poraz  ,sport
184,Elektronska sednica u vezi sa prostornim planom za Nacionalni stadion pomerena za 13. jun,ekonomija
185,Strava i užas na Državnom univerzitetu u Novom Pazaru: Pogledajte šta su blokaderi ostavili iza sebe (FOTO),politika
186,Unikredit grupa: U drugom kvartalu 2025. rekordna neto dobit i prinos na kapital,ekonomija
187,Kapiten povređen  ,sport
188,Čelnici FSS me motivisali da preuzmem mesto selektora: Mirković veruje u tim koji će ostaviti trag u srpskom fudbalu,sport
189,Nova.rs: Radovi na izgradnji Glavne autobuske stanice u Beogradu ponovo zaustavljeni,ekonomija
190,(VIDEO) Ugled univerziteta je srozan! Profesorka Mitrović: Dekani i rektori zloupotrebili prava i slobode za ličnu korist!,politika
191,Kako su SNS umetnici preuzeli Narodno pozorište?,politika
192,Pokušao je da me ubedi i uspeo je: Evo ko je zaslužan za dolazak Grejema u Zvezdu (VIDEO),sport
193,Bliži se kraj sage: Luka Jović stigao u Atinu na finalizaciju dogovora,sport
194,Dobromirov: Deluje da je vlast dala zeleno svetlo za privođenja,ekonomija
195,"Uglješa Mrdić razobličio Društvo sudija Srbije: Ako vas pitam odakle vam pare za Filipine, to nije pritisak",politika
196,Savet za monitoring: Hitno pozvati na odgovornost glavnog tužioca Mladena Nenadića,politika
197,Vlasnicima izgorelih kuća do četiri miliona dinara pomoći,ekonomija
198,"Leptirić jedan nežni i tanani - duša mila, osetljiva! Na kuknjavu Jova Bakića upravo je objavljen hit komentar",politika
199,Stručni nadzor odbio da potpiše dokumente za deonicu auto-puta Miloš Veliki od Pakovraće do Požege,ekonomija
200,"Lalatović napravio haos - U klinču sa navijačima, sudijama, dobio crveni karton, svađao se sa obezbeđenjem...",sport
201,Kolumna Dragutina Matanovića: Ustaška mržnja Zlatka Kokanovića,politika
202,"Deca su spremna da izginu za Partizan, imaju taj žar u očima: Mitrović o klincima iz Humske (VIDEO)",sport
203,Šolakovi cirkuzanti priželjkuju bolest Vučiću kako bi blokaderi došli na vlast! Poručili: Koga briga za Kosovo i Srebrenicu (VIDEO),politika
204,Kurti ispred sebe imao zastavicu Albanije: U prvom redu na pokušaju sednice Skupštine Kosova (FOTO),politika
205,"Superliga Srbije: TSC lider sa utakmicom više od Crvene zvezde, OFK Beograd autogolom u poslednjim sekundama do prve pobede",sport
206,"Oštetila preduzeće za 1,8 miliona dinara: Prebacivala pare sa računa javnog komunalnog preduzeća na svoj račun",ekonomija
207,Vlada produžila uredbu o ograničenju cena goriva na još šest meseci,ekonomija
208,SRCE: Narod na Kosovu odavno zna da je Briselski sporazum prevara i plaća cenu politike vlasti,politika
209,RERI podneo krivičnu prijavu protiv Siniše Malog zbog gradnje Nacionalnog stadiona bez dozvole,ekonomija
210,Srbija ne prihvata odluku suda BiH! Ovo su zaključci Saveta za nacionalnu bezbednost,politika
211,Vučić: Kontinuitet kineskih investicija od suštinske važnosti za Srbiju,ekonomija
212,"Tragom izjave Miloša Vučevića: Ako je SNS spremna za izbore, što ih onda ne raspiše?",politika
213,Javni protest  ,politika
214,"""Građani su mirno sedeli na auto-putu""?! Ovaj video je dokaz da je N1 najveća trovačnica u Srbiji!",politika
215,"Sramno obrazloženje Tužilaštva! Momirović uhapšen na pravdi Boga, ovaj dokument to i potvrđuje!",politika
216,"Kvartalni monitor: Važnija ulaganja poput obrazovanja, zdravstva… potisnuta zbog EXPO izložbe i Nacionalnog stadiona",ekonomija
217,"Vučić za Informer o neredima u Novom Pazaru: Sa vatrom, vodom i državom se ne sme igrati (VIDEO)",politika
218,Počinje prodaja ulaznica za košarkašku utakmicu Srbija – Slovenija,sport
219,Stiže prinova u Zvezdi! Zanosna žena košarkaša pokazala stomak (FOTO GALERIJA),sport
220,BIRN: Uvećani troškovi PIO fonda od dolaska Relje Ognjenovića na mesto direktora,ekonomija
221,Gde je najjeftinije kupovati namirnice?,ekonomija
222,Toooo - Milica je kraljica: Mrziteljka Srba Dua Lipa ućutkana za sva vremena - Kosovo je Srbija (FOTO),sport
223,Dea Đurđević otkrila: Evo kako se Glišić držao nakon što je napustio studio,politika
224,Mi snaga naroda zahteva ostavku Marka Đurića i opoziv Dragana Šutanovca,politika
225,Crvena zvezda saznala ime potencijalnog rivala u trećem kolu kvalifikacija za Ligu šampiona,sport
226,"Upotrebna dozvola za brzu prugu do mađarske granice do 15. avgusta, otvaranje za putnike 15. septembra",ekonomija
227,Ambasada Velike Britanije pozdravila saradnju sa KBS,politika
228,Gajić otkrio šok informaciju o Bojoviću: Još 2022. godine stavio je potpis...,politika
229,"„Delikatna je politička situacija, predsednik države je moj prijatelj, nemojte da budete protiv“: Ranko Stojić o FK Rad",sport
230,Berzanski pad  ,ekonomija
231,"Oglasio se MUP nakon nasilja u Novom Pazaru: Nećemo tolerisati bilo koji vid narušavanja javnog reda i mira, kao ni napade na policiju",politika
232,Partizan u pregovorima sa dojučerašnjim košarkašem LA Lejkersa,sport
233,Kolumna Dragutina Matanovića: Oluja - nekažnjeni genocid Hrvata i antisrpska mržnja opozicije,politika
234,Ludačka akcija bez kraja! Blokaderi opet ispred kuće Žarka Mićina (VIDEO),politika
235,Hasani: Povlačenje zahteva iz Ustavnog suda od strane Osmani je flagrantno kršenje Ustava Kosova,politika
236,"""I jedni i drugi žele mir"" - Vučić: Najvažnije za Bošnjake i Srbe da će biti sačuvan mir, emocije treba da utihnu",politika
237,AI Writes First Full-Length Novel Sparks Debate,sport
238,„Zbog izvršiteljskih troškova i nagrada osnovni dug može da se uvećava 10 puta“: Mora li država da menja Ustav da bi se ograničio rad izvršitelja?,ekonomija
239,Uključio se gledalac iz Kanade i zaplakao: Ne mogu da shvatim šta blokaderi rade svojoj zemlji (VIDEO),politika
240,MSP Srbije: Odnos Hrvatske prema Oluji ne doprinosi ni pomirenju ni stabilnosti u regionu,politika
241,"SSP Topola: Prestanite da privodite decu, država je prepuna pravih kriminalaca",politika
242,Macut danas u Knjaževcu predstavlja rezultate 100 dana rada Vlade,politika
243,"Žreb za Ligu konferencije: UEFA skratila spisak, evo na koga može Partizan",sport
244,(VIDEO) Čist fašizam na Šolakovoj televiziji: Ideolog blokadera priželjkuje smrt penzionerima jer glasaju za vlast!,politika
245,Hibernijan se pojačava pred Partizan: Stiže štoper iz Premijer lige,sport
246,„Još jedan brutalan primer…“: Reagovao i premijer Macut povodom hapšenja Popovića,politika
247,Sarajevo bez trenera: Zoran Zekić podneo ostavku,sport
248,EPS: Počela eksploatacija uglja sa novog kopa „Radljevo“,ekonomija
249,Akcija „Spasimo voćare“: Kako građani mogu da kupe domaće voće po povoljnijim cenama,ekonomija
250,“Novakovi odnosi sa Vučićem su uzdrmani”: Grci pišu da Đoković seli ATP turnir iz Beograda u Atinu,sport
251,"""Misle da mogu da maltretiraju koga hoće!"" Vučić: Je l' vi razumete dokle je ludilo pojedinih ljudi došlo? (VIDEO)",politika
252,"Zvezda je rekordno zaradila, a koliko gubi prodajom Maksimovića? Šta su o “srpskom Mesiju”govorili Muslin, Šestić i Kosanović",sport
253,Ziđin Koper dobio ocenu A za upravljanje lancem snabdevanja bakrom: Prvi korak ka izlasku na Londonsku berzu,ekonomija
254,Selektor Hrvatske Ivica Tucak: Mađarska je bila bolja i zasluženo prošla u polufinale Svetskog prvenstva,sport
255,"Ko je žena Dušana Tadića? Rodila mu troje dece, živi daleko od očiju javnosti, a sad stiže u Beograd (FOTO)",sport
256,Ministarstvo poljoprivrede: Ne palite strnjiku!,ekonomija
257,"Za energetsku efikasnost javnih objekata 571,3 miliona dinara",ekonomija
258,"Milošević het-trikom razbio Ukrajince: Partizan overio treće kolo, sad slede Škoti (VIDEO)",sport
259,"""Zapalio"" u Palermo jer je raskrinkan! Kada se vratio Nenadić se okomio na Momirovića, Vesića... pokazao svoje pravo blokadersko lice!",politika
260,Ministarstvo: Javni poziv za premije za mleko za drugi kvartal 2025. otvoren do 31. jula,ekonomija
261,Šta može Partizan protiv Oleksandrije u kvalifikacijama za Ligu konferencije?,sport
262,Jadar u Srbiji i Grinhajde u Nemačkoj: Borba protiv eksploatacije prirode i čoveka,ekonomija
263,"Saznajemo: Završena operacija Darka Glišića, evo gde je prebačen! (VIDEO)",politika
264,Telekom Srbija kupuje Orion telekom wifi i Beotelnet-ISP,ekonomija
265,"Poljski huligani isprozivali navijače Novog Pazara: ""To su kukavice, pretili su, pa se uplašili""",sport
266,"Ljudi, ""Bejbi Jokić"" gazi - Isplivao snimak, rival Srbije se ne šali (VIDEO)",sport
267,"Voćari traže moratorijum na kredite kod komercijalnih banaka: „Da se uvede red, a ne hajdučija“",ekonomija
268,"Opšti haos na ""Enfildu"" - Oglasio se alarm, navijači hitno evakuisani",sport
269,Premijer: Srbija neće preduzimati korake za NIS bez saglasnosti sa ruskim partnerima,ekonomija
270,(VIDEO) Bolesno! Blokaderi se sprdaju sa bolešću Gorana Vesića i žele mu smrt!,politika
271,Laufer sa Rektorata javlja: Blokaderi planiraju novi upad u SKC!,politika
272,"Turizam u padu, manje dolazaka i noćenja u junu",ekonomija
273,Euraktiv: Zloupotrebe i nasilje policije Kosova koče put ka EU,politika
274,Premijer Đuro Macut objasnio zašto sada nije vreme za izbore i zašto bi bio protiv ulaska u EU,politika
275,Otvorena deonica auto-puta od Pakovraća do Požege,ekonomija
276,Poreska uprava: Ističe rok za konačno utvrđivanje poreza na dobit pravnih lica i plaćanje razlike,ekonomija
277,Ukradeno pravosuđe! Sad je sve jasno: Tužilaštvo za organizovani kriminal raportira tajkunskoj N1,politika
278,Objavljen rat protiv Srba: Milorad Dodik osuđen na godinu dana zatvora i šest godina zabrane političkog delovanja,politika
279,Oglasili se iz Laktaša posle skandala: Fudbaleru ugovor istekao pre nego što mu je otkriven rak,sport
280,Gajić: Tužilaštvo da sasluša Sinišu Malog zbog sumnji na korupciju u vezi sa železnicom,politika
281,Objavljene nove cene goriva koje će važiti do 25. jula,ekonomija
282,Vučić dobio pismo od Si Đinpinga!,politika
283,Maljići: Gašenje Unmika stavilo bi tačku na Rezoluciju 1244,politika
284,NBS i dalje ne menja ključnu kamatnu stopu,ekonomija
285,DRI: Nepravilnosti u finansijskim računima Grada Beograda,ekonomija
286,POKS: Hapšenja funkcionera u slučaju rekonstrukcije Železničke stanice „politički spektakl u režiji Aleksandra Vučića“,politika
287,Veliko iznenađenje u Montrealu - Bruka treće teniserke sveta,sport
288,Neuer Rekord bei deutschen Patentanmeldungen  ,politika
289,Kokoškov doveo veliko pojačanje za Evroligu,sport
290,"Kurti: Vučić jezikom Miloševića može da govori u Srbiji, ali nikada više na Kosovu",politika
291,Juventus potpisao petogodišnji ugovor sa krilnim fudbalerom,sport
292,Najtrofejniji fudbaler u istoriji Crvene zvezde potpisao za Cirih,sport
293,"JKP „Čistoća“ u Novom Sadu povlači nadzemne kontejnere, Efektiva poručuje građanima da imaju pravo da raskinu ugovor",ekonomija
294,"Partizan ubedljivo vodi protiv Oleksandrije, a navijači „pumpaju“ na tribinama",sport
295,Vučić zahvalio italijanskoj premijerki na podršci evropskom putu Srbije i održavanju EXPO,politika
296,OECD smanjio prognoze svetskog rasta za 2025. i 2026.,ekonomija
297,Vučićev paradoks,ekonomija
298,Otkriveno ko je pustio Zvezdinu pesmu na stadionu Partizana - Oglasio se krivac,sport
299,Nagrada za dobre rezultate: Džikić još dve godine na klupi Gruzije,sport
300,Novi DSS: Za komplet odela Parking servis plaća više od 10.000 evra,ekonomija
301,Srđan Milivojević o policajcima i žandarmima koji treba da budu uzor,politika
302,„Orlići“ izgubili od Litvanije na Evropskom prvenstvu,sport
303,"Vučić: Nije problem reći ""Bog je veliki"", već psovati nekome srpsku majku i Hrista",politika
304,Putevi Srbije: Novi rekord u protoku vozila na naplatnim stanicama Beograd i Šimanovci,ekonomija
305,SSP: Direktor policije je nedostojan te funkcije,politika
306,Osmani se žalila Sorensenu na Srbiju zbog hapšenja građana Kosova,politika
307,"Suša, mraz i protesti: Ima li država pola milijarde evra da ispuni „ultimatum“ poljoprivrednika?",ekonomija
308,Seničić: U Grčkoj od sutra se plaća taksa i kad putnik izađe u luku tokom krstarenja,ekonomija
309,Nikezić (SSP): Beogradska Železnička stanica Prokop buduća tragedija zbog koruptivnog dogovora,ekonomija
310,Olga Danilović došla do najboljeg plasmana u karijeri na WTA listi,sport
311,Radnici Infrastrukture železnice raščistili rastinje uz pruge,ekonomija
312,Ministarka Mesarović osudila napad na Dinu Vučinić: To što rade blokaderi je čist terorizam!,politika
313,Breakout Indie Film Dominates Summer Box Office,sport
314,"Urednik Nova S ismejao Krajinu, Uroš Piper mu poručio: Sramoto Jovićeviću, napusti novinarstvo odmah",politika
315,Raiffeisen Invest postavio rekord – više od milijardu evra pod upravljanjem,ekonomija
316,"Brza reakcija Hitne pomoći! Pogledajte kako su lekari zbrinuli ministra Darka Glišića, koji je u programu uživo doživeo moždani udar (VIDEO)",politika
317,Premijer Macut prisustvovaće obeležavanju Dana sećanja na stradale i prognane u Oluji,politika
318,Raković: Odluka CIK-a u Sarajevu potvrda da se protiv Dodika vodi politički proces,politika
319,Beograd open zvanično otkazan,sport
320,„Pala“ milijarda funti: Mančester siti potpisao najvredniji sponzorski ugovor u istoriji Premijer lige,sport
321,"Episkop osečkopoljski Heruvim nakon službe parastosa stradalima u ""Oluji"": Naša Otadžbina Srbija postala večno stanište našem stradalnom krajiškom narodu",politika
322,Objavljene nove cene goriva koje će važiti do 8. avgusta,ekonomija
323,Žarko Đokić ponovo izabran za predsednika opštine Kosjerić,politika
324,Bliski istok ponovo u fokusu svetskih berzi,ekonomija
325,Dačić: SSP doveo Srbiju od Rezolucije 1244 do proglašenja nezavisnosti Kosova,politika
326,Veselinović: Narod u Srbiji i Hrvatskoj se još dobro nosi sa potpaljivačima vatre s obe strane,politika
327,"""Vučiću, biće ti kraj""! Najstrašnije pretnje predsedniku Srbije uživo u programu tajkunske televizije (VIDEO)",politika
328,"Stočari Srbije: Zbog suše nema hrane, počela rasprodaja goveda",ekonomija
329,Ermittlungen gegen prominente Politiker wegen Vorteilsnahme  ,ekonomija
330,"Parti pušten da se brani sa slobode, ali... Bivšem fudbaleru Arsenala preti višedecenijska robija",sport
331,Ištvan Kaić: Ko je Danijel Sinani?,politika
332,"Vučić oduvao blokadere! Razbijene iluzije o pobedi na izborima: Vlast na 53%, 7 lista prelazi cenzus",politika
333,Ivana Španović osvojila zlatnu medalju na Balkanskom prvenstvu,sport
334,"Junak pobede Partizana Jovan Milošević: Mnogo je utisaka, kao što je prošle nedelje bilo, gazimo dalje",sport
335,Nobilo: Osporićemo presudu protiv Dodika na Evropskom sudu pravde,politika
336,"Vučić demantuje navode da vodi Srbiju u NATO: Zato sam i izložen obojenoj revoluciji, jer ne dam Kosovo…",politika
337,"NIN: Izbori u oktobru ili decembru, razmatra se u vrhu SNS",politika
338,"Koje ludilo na mastersu u Torontu?! Muk na tribinama, samo je on video sve, a sudija ne zna šta da radi (VIDEO)",sport
339,O hapšenju Igora Popovića obaveštan i Antonio Gutereš,politika
340,I Ministarstvo energetike u Kosjeriću: Subvencije za energetsku efikasnost,ekonomija
341,I Alkaraz doneo nepopularnu odluku posle Vimbldona,sport
342,„Većina penzionera na rubu socijalne održivosti“: Udruženja penzionera traže razgovor sa Macutom o novom rastu penzija,ekonomija
343,Kako će Vučić servirati osvetu?,politika
344,„Da plati onaj ko je to i zamislio“: Privrednici zahtevaju da država preuzme na sebe trošak podizanja minimalca,ekonomija
345,Bata Mirković nasledio Kolarova: “Orlići”dobili novog selektora,sport
346,Farani mu došli glave: Dudić podneo ostavku,sport
347,Đoković postaje suvlasnik fudbalskog kluba,sport
348,"BDP u prvom kvartalu povećan dva odsto, međugodišnji pad investicija",ekonomija
349,MAT: Rast BDP za prva četiri meseca dva odsto,ekonomija
350,Uhapšen Markus Moris,sport
351,Ana Brnabić Fon Bekeratu poželela dobrodošlicu i pitala o jeziku mržnje u Hrvatskoj,politika
352,Bošković (SRCE): Agencija za sprečavanje korupcije i tužilaštvo da reaguju zbog turskih tramvaja,ekonomija
353,Boks zavijen u crno: Odlazak jedne od najvećih legendi,sport
354,Kalkulant! Sad imamo dokaz zašto Ružić koketira sa blokaderima: Ne ide se u četnike '45!,politika
355,Patrijarh Porfirije sa obeležavanja pogroma tokom „Oluje“: Bojim se da nam pravilo postaje „mrzi bližnjega svoga“,politika
356,"Zašto država Srbija, koja ne upravlja svojim aerodromom, želi da upravlja tuđim?",ekonomija
357,Er Srbija od danas ponovo leti do Ženeve,ekonomija
358,Ispovest konopljara: Kako je zbog Predraga Koluvije uništen biznis konoplje u Srbiji?,ekonomija
359,"Mučki potezi, Ukrajinci već provociraju - Zvezdu neće izbaciti iz takta, mogle bi prozivke skupo da ih koštaju",sport
360,"U demokratiji nema mesta za ""lov na veštice"": Orban o sramnoj presudi - Poštovati odluku naroda Srpske koji je izabrao Dodika (FOTO)",politika
361,Kad i gde možete da gledate fudbalski meč Crvena zvezda – Linkoln u kvalifikacijama za Ligu šampiona?,sport
362,Promena režima rada graničnog prelaza sa Mađarskom,ekonomija
363,Neue Handelsabkommen sollen Exporte ankurbeln  ,politika
364,"Srbi znaju da nemaju nikakvu šansu... Italijan provocira posle pobede košarkaša u ""Areni""",sport
365,Anketna komisija: Rokovi za renoviranje Železničke stanice u Novom Sadu skraćeni po instrukcijama iz Predsedništva,ekonomija
366,"Rekli ""ne"" ustašama: Tri zemlje lupile šamarčinu Hrvatima, odbile da sa njima slave zločinačku ""Oluju""",politika
367,Oglasio se SNS iz Kragujevca o sinoćnjem protestu u tom gradu,politika
368,"Ljubimac ""delija"" i nesuđeni povratnik u crveno-belo igra na Evrobasketu",sport
369,"Bakić srećan zbog psovanja srpske majke: Priznao da žele obojenu revoluciju, pa zapretio Vučiću! (VIDEO)",politika
370,Agencija Ipsos posle dužeg vremena objavila rejtinge stranaka,politika
371,"Srbija pala posle drame i peteraca: Italijani idu direktno u četvrtfinale, rano isključenje Jakšića usporilo olimpijskog šampiona",sport
372,Poraz lidera  ,sport
373,"Trifunović oduševio sve: Nema starijih, moraš ti - Mi ne igramo za Partizan, mi živimo Partizan",sport
374,Zvezda objavila fotografiju navijača Leha koji su celom svetu sasuli istinu u lice (FOTO),sport
375,Ambasada SAD na Kosovu: Zemlja bez ključnih institucija nije partner na koga se može osloniti,politika
376,Na putevima Srbije ovog vikenda očekuju se gužve zbog smene turista,ekonomija
377,"Ko plaća ovu ženu? Greta s blokaderima rušila Srbiju, pa potrčala u Bosnu da kaže kako su Srbi genocidni narod!",politika
378,"Skuplji krediti za korisnike u Srbiji nego u regionu: Možemo li očekivati manje marže banaka, koje najavljuje NBS?",ekonomija
379,"Zvezdo, pokidaj za Ligu šampiona! Leh tvrd i namazan, ali mora da padne",sport
380,"Bajatović: Novi gasni ugovor sa Rusijom do 20. septembra, sankcije NIS-u biće odložene na dva do tri meseca",ekonomija
381,Hag prihvatio dokumenta Srbije,politika
382,Kolumna Dragutina Matanovića: Politički ciljevi srpskih neprijatelja u Novom Pazaru,politika
383,Ministarstvo: Kontrola Kraljevačke mlekare potvrdila kvalitet proizvodnje,ekonomija
384,Predsednički izbori  ,politika
385,"Vučević o sramotnoj izjavi Gorana Ješića: Svi ti veliki junaci moraju da znaju da država ima sistem, postoji monopol fizičke prinude",politika
386,"""Srbija nikada ne zaboravlja one koji su uz nas u ključnim trenucima"": Vučić ugostio Đorđu Meloni (FOTO)",politika
387,"""Tobdžije"" videle Đokereša: Šveđanin debitovao u porazu Arsenala (VIDEO)",sport
388,Opet puna Humska: Poznato koliko je Partizan prodao karata za meč sa Škotima,sport
389,Deonica auto-puta od Pakovraće do Požege biće otvoren za saobraćaj 6. jula,ekonomija
390,"Rokvić (NPS): Država ne štiti žene, decu i starije od nasilnika",politika
391,Aleksandar Vučić - prvi srpski lider koji je stao uz srpske žrtve,politika
392,"Izjednačenje: Lehov ""terminator"" dao gol Zvezdi - volejčina za 1:1 (VIDEO)",sport
393,"Zvezda kao niko u Evroligi: Crveno-beli doveli najviše pojačanja, a evo gde je Partizan na toj listi",sport
394,Vređali SPC i pretili Vučiću: Zgubidani u Šapcu potpuno izgubili kompas (VIDEO),politika
395,"Partizan se oglasio zbog Zvezdine pesme u Humskoj: Sabotaža, podnećemo tužbu",sport
396,"Šta je sve obećano planom „Skok u budućnost 2027“, a šta je do sada ispunjeno?",ekonomija
397,"Niža prosečna plata u maju u odnosu na april, medijalna prešla 84.000 dinara",ekonomija
398,Mali razgovarao sa kompanijom Mint o širenju njihovog poslovanja u Srbiji,ekonomija
399,"Erste banka: U drugom kvartalu rast kreditne aktivnosti, manji profit",ekonomija
400,Izabrani novi predsednik i potpredsednik Odbora direktora NIS,ekonomija
401,Inovativni projekat PКS u finalu takmičenja Svetske federacije komora,ekonomija
402,Efektiva: Ubuduće i plaćanje parkinga preko Alta banke,ekonomija
403,(FOTO) Brnabićeva u Kragujevcu: Inovacioni disktrikt je temelj budućeg rasta i znanja,politika
404,Festival sporta proslavljenog sportiste: Kamp za mlade basketaše počeo sa radom,sport
405,Vlada Srbije usvojila uredbe o preventivnom i kriznom planu za gas,ekonomija
406,Consumer Prices Continue to Rise Fueling Inflation Concerns,ekonomija
407,"Gde se najviše isplati investirati: u garsonjeru, garažu ili lokal?",ekonomija
408,Zvanično - Zvezda prodala defanzivca u Francusku,sport
409,Kako sami možete da prijavite stanje brojila?,ekonomija
410,Raketa Miloševića: Majstorija napadača Partizana bacila Ukrajince na konopce (VIDEO),sport
411,Kapitalno pojačanje Dubaija za narednu sezonu,sport
412,"U Rumi će da sviraju kraj? Vučić demolirao zgubidane: ""Umoriće se ljudi ako bude trebalo da obiđu sve fabrike koje sam u Rumi napravio"" (VIDEO)",politika
413,Zašto su računi za struju do 10 puta veći nego prethodnog meseca,ekonomija
414,"(VIDEO) Blokaderi ""pumpaju"" sa Severinom, dok Srbija tuguje za stradalima u ""Oluji""",politika
415,Sporazum Srbije i EU o finansiranju zaštite životne sredine i energetike od 325 miliona evra,ekonomija
416,Izvršni direktor Meklarena Zek Braun: Nema tenzija između Norisa i Pjastrija,sport
417,Biznis forum  ,ekonomija
418,Istraživanje TS: Loše stanje stručnosti i transparentnosti u radu javnih preduzeća,ekonomija
419,Bivši igrač Zvezde ne planira penziju: Sledeća stanica - prava egzotika,sport
420,"Detonacija u Humskoj: Veliki posao Partizana, vraća se ljubimac ""grobara""",sport
421,"Hodža: Spremni smo za izazove, situacija na severu Kosova krhka zbog „srpskih kriminalnih grupa“",politika
422,"Blokaderi u Srbiji prolaze nekažnjeno, a evo kako bi se ""proveli"" u Britaniji! Masovna hapšenja na dnevnom nivou zbog objava na mrežama",politika
423,Novi DSS: Parking servis da se drži zakona i tačnije informiše građane,politika
424,"Kreni-Promeni: Rad EPS-a karakterišu nestručnost, korupcija i uvećani računi",ekonomija
425,Novi DSS: Čistka u Beogradskom sajmu zbog Ekspa,ekonomija
426,Navijački incident  ,sport
427,Odalović: Hrvatskoj odgovara da se ne rade ekshumacije i identifikacije,politika
428,Mark Markez stigao do 69. pobede u „kraljevskoj klasi“,sport
429,Nenadićev udar na pravdu: Specijalni tužilac sprovodi državni udar da bi zaštitio prijatelje i oprao sopstvenu odgovornost,politika
430,"Koliko bi eventualno preseljenje Milorada Dodika u Srbiju bio dodatni teret na, ionako aferama opterećenu, SNS vlast?",politika
431,Evo koliko je blokadera krenulo ka Novom Pazaru! Vučić otkrio tačnu brojku,politika
432,Izvoz opada,ekonomija
433,"Ambasada Nemačke u Prištini: Zabrinuti smo zbog politizacije prisustva KBS-a na severu, nije prilika za političke poene",politika
434,"Nemac osuo paljbu po ATP - Ne sme ovo svako da kaže, hitno nešto moraju da urade",sport
435,Stevan Mijović: Očekuje nas izazovno takmičenje na EP za kadete,sport
436,Treba li da se ruši zgrada Železničke stanice u Novom Sadu: Đajić kaže da nema razloga za to,ekonomija
437,Povratak navijača u Humsku: Poznato kolika je poseta na meču Partizan – AEK (FOTO),sport
438,Gotovo je - Zvezda odustala od Tadića,sport
439,Blagojević: Cilj je da napravimo rezultat koji bi nas približio prolasku dalje,sport
440,"Kada i gde možete da gledate mečeve Partizana, Novog Pazara i Radničkog u kvalifikacijama za Ligu konferencije?",sport
441,Surge in Online Learning Transforms Education Landscape,sport
442,Ford povlači oko 700.000 vozila zbog opasnosti od curenja goriva,ekonomija
443,"Na današnjoj sednici Skupštine Kosova i ambasadori SAD, Velike Britanije, Francuske, Nemačke…",politika
444,"""Grobari"", svaka čast: Partizan drugi najgledaniji u Ligi konferencija",sport
445,„Ne damo Jadar“: Ko je dao saglasnost Rio Tintu da se prijavi za listu strateških projekata EU?,ekonomija
446,Naplata poreza,ekonomija
447,Ustaški pir u Zagrebu! Ceo državni vrh Hrvatske slavi egzodus 250.000 Srba - zločinac Gotovina u prvim redovima (FOTO),politika
448,Marinika ponovo spletkari: Optužuje Vučića za državni udar dok prikriva kako je Nenadić sa blokaderima montirao hapšenja po nalogu Dolovac i Brisela,politika
449,"Kraj, Luka Jović ima novi klub - Dobio 6 milona evra, tu su i bonusi",sport
450,"Jokić i Dončić zajedno u Lejkersima? Ameri lansirali bombu, bura u NBA (FOTO)",sport
451,"Slavni trener objavio divne vesti: „Više nemam problem sa kancerom, ali i dalje idem na preglede svaka tri meseca“",sport
452,"Pešić: Prve utakmice su prošle onako kako smo i želeli, da treniramo, ne da igramo",sport
453,Mali: Bezbednost svih učesnika izložbe Expo 2027 biće na maksimalnom nivou,ekonomija
454,Kako Srbija stiže EU – po cenama,ekonomija
455,Bivši čuvar mreže Partizana produžio ugovor sa Vošom na četiri godine (FOTO),sport
456,Tramp kaže da bi mogao uskoro da poveća carinu na uvozne automobile,ekonomija
457,"Najviše do 1,5 miliona dinara: Država odredila visinu pomoći za poljoprivredna gazdinstva stradala u požarima",ekonomija
458,Tuga na Malom Kalemegdanu - Umro čuveni trener Crvene zvezde,sport
459,Ruskinja i Belgijanka slavile u dublu na Vimbldonu,sport
460,Šokantno priznanje Gudurića: Zvezda nije bila u priči od...,sport
461,DAX startet mit Gewinnen in die neue Woche  ,ekonomija
462,Milošević kao Kleo: Humska je na ovo čekala 16 godina,sport
463,Troje poslanika skupštine Srbije podnelo krivičnu prijavu protiv predsednice parlamenta Brnabić,politika
464,Ministarska ostavka  ,politika
465,Ivan Radak: Država destimuliše građane da rade pošteno,ekonomija
466,Crvena zvezda ima mnogo jasniju sliku ko bi mogao da joj bude rival u plej-ofu za Ligu šampiona,sport
467,Tržišni šok  ,ekonomija
468,Selektor Svetislav Pešić otkrio zašto Pokuševski i Đurišić nisu na širem spisku reprezentacije Srbije,sport
469,"Guza ispala, vreli kadrovi sevaju... Fatalna plesačica omađijala Beretinija (FOTO)",sport
470,Vučević kaže da Rasim Ljajić pokušava da prikaže sebe kao žrtvu i neće da se zameri navijačima,politika
471,"Kosovski sud osudio Luneta Milenkovića, Dejana Pantića i druge: „Montirani politički proces“",politika
472,Objavljene nove cene goriva koje će važiti do 20. juna,ekonomija
473,„Struju ćemo tek skupo plaćati“: Zašto poskupljenje električne energije nije iznenađenje?,ekonomija
474,Gradnja novog savskog mosta može odmah da počne: Ministarstvo građevinarstva izdalo prijavu radova,ekonomija
475,Pešić se obratio naciji pred Evrobasket: Imamo jedan cilj…,sport
476,Er Srbija u julu prevezla više od pola miliona putnika,ekonomija
477,Đedović Handanović: Počinje uvođenje OIE u sisteme daljinskog grejanja u 10 gradova i opština,ekonomija
478,Regierung plant Steuerentlastung für Mittelstand  ,politika
479,Stigla potvrda - Evroliga se oglasila zbog Zvezde i Partizana (FOTO),sport
480,"Planirate da otvorite firmu: Ovih 5 koraka su vaša polazna tačka – bez broja 5, posledice mogu biti ozbiljne",ekonomija
481,Španija novi svetski šampion u vaterpolu,sport
482,Maja i Ognjen su spojili sport i tehnologiju: Aplikacija Runqo pobednik besplatne Akademije preduzetništva 5.0,ekonomija
483,Aleksandar Janković za Danas o startu Crvene zvezde i dolasku Arnautovića: Od Marka može mnogo da se nauči,sport
484,Novi Pazar izgubio u Poljskoj - kraj evropske epizode za srpski klub,sport
485,I zvanično: Minimalac 337 po satu od 1. oktobra,ekonomija
486,Samo jedan od sedam blokova kosovskih elektrana proizvodi struju,ekonomija
487,Bankarska reforma  ,ekonomija
488,Lex specialis se odnosi isključivo na objekte koji se grade u okviru Ekspo kompleksa u Surčinu,ekonomija
489,Unapred poznat rezultat meča Partizan - Hibernijan? Evo šta kaže veštačka inteligencija,sport
490,Profesor Ekonomskog fakulteta o sankcijama NIS: Najrealniji scenario odlaganje od dva meseca,ekonomija
491,Poznato pet potencijalnih rivala Crvene zvezde u plej-ofu za Ligu šampiona ako eliminiše Leh,sport
492,Kokanović: Licemerna odluka EU o projektu Jadar,ekonomija
493,Sferopulos sve šokirao: Evo šta je rekao o Željku Obradoviću (FOTO),sport
494,Putevi Srbije upozoravaju na prevaru: Ove SMS poruke ne otvarati,ekonomija
495,„Marko Đurić nije govorio“: Šta je bilo posle sastanka šefa srpske diplomatije sa Markom Rubijem u Vašingtonu?,politika
496,"Forbes: Deo novog bloka termoelektrane Kostolac B radi bez upotrebne dozvole, odbijeni četvrti put",ekonomija
497,Kad i gde možete gledati finale Vimbldona Janik Siner – Karlos Alkaraz?,sport
498,Kada CRTA organizuje javni razgovor o biračkom spisku?,politika
499,"""Ako su to njihovi blokaderi, onda sad znamo s kim imamo posla"": Sarapa demantovao sramna pisanja portala ""Direktno""",politika
500,Streit um Cannabis-Legalisierung spaltet Koalition  ,politika
501,"Veće ustaše od ustaša: Bijana Stojković i njeni pajtosi slave ""Oluju""",politika
502,Šok otkriće: Evo zbog čega Bonga nije napustio Partizan,sport
503,Blokaderski nacisti napali Oliveru Zekić!,politika
504,Udar na Dodika je napad na srpski narod i Republiku Srpsku: Ministri osudili sramnu odluku oduzimanja mandata predsedniku RS,politika
505,"Brnabić: Blokaderi ponovo pokazali da su neljudi, SNS mora da se bori za Srbiju ljudskosti",politika
506,Izašle kvote: Evo kakva je šansa da Zvezda pobedi Leh u Poljskoj,sport
507,Skandal! Pitanje na prijemnom ispitu za brucoše - koji su zahtevi studenata u blokadi!,politika
508,"Alarm u Majamiju: Povredio se Mesi, čeka ga duža pauza (VIDEO)",sport
509,"(VIDEO) Otrov N1 se širi Pazarom! Zaurlao blokader džihadista: Je**m vam majku srpsku, sad ćete da vidite kako bijemo policiju!",politika
510,"""Lepe vesti iz Sarajeva!"" Sramno: Tajkunski voditelj udario na Dodika i podržao sramnu odluku CIK BiH (FOTO)",politika
511,EPS pustio u probni rad kasetu 4 na deponiji pepela i šljake u termoelektrani Nikola Tesla- A,ekonomija
512,RERI: Otkazati nezakonitu sednicu  o prostornom planu za Nacionalni stadion,ekonomija
513,Pogledajte video srama: Ovako se blokaderi raduju dok se ministar Glišić bori za život!,politika
514,Ministarstvo poljoprivrede poziva udruženja da dostave podatke o sebi da bi se sastali,ekonomija
515,"(VIDEO) Blokaderska kampanja u jeku! Glavni ideolog i antisrbin poručio: Republika Srpska je genocidna, ne treba da postoji!",politika
516,Nikezić (SSP): Da je Prokop bezbedan ne biste ga rekonstruisali,ekonomija
517,Evo koliko zgubidana blokira Banovo brdo: Ni sami sebe više ne podržavaju (FOTO/VIDEO),politika
518,Ministarka privrede dočekala  predsednika kineske HBIS grupe: „Železara Smederevo je simbol našeg čeličnog prijateljstva“,ekonomija
519,Kreditni boom  ,ekonomija
520,"Vučić hitno stigao u bolnicu! Darko Glišić doživeo moždani udar, ministar u teškom stanju",politika
521,World Cup Final Breaks Global Viewership Records,sport
522,Zdravstveno stanje mu sve gore: Odbijen zahtev Ratka Mladića za prevremeno puštanje na slobodu,politika
523,Iz Dalića izbija ustaštvo: Selektor Hrvatske proslavljao proterivanje 250.000 Srba (FOTO),sport
524,Fake News Proliferates Ahead of National Elections,politika
525,Šta Hašim Tači kaže o Banjskoj i povratku Srba u kosovske institucije?,politika
526,"Vučić: Povećanje penzija možda i pre decembra, fabrici u Kragujevcu potrebni radnici",ekonomija
527,Šolakovi mediji i islamistička ekspozitura BIRN u brutalnoj kampanji protiv Vučića: Citiraju najvećeg srbomrsca Mujkića!,politika
528,Budućnost iz Podgorice propustila priliku da se plasira u drugo kolo kvalifikacija za Ligu šampiona,sport
529,Olympic Committee Confirms New Host City for 2032 Games,sport
530,Evropa ih skupo koštala: UEFA kaznila Pazar i Jagjeloniju pred revanš meč,sport
531,Težak skandal TOK! Saznajemo: Tužilac Barac zbrisao na Sardiniju na dan hapšenja Momirovića!,politika
532,Pokrenuta inicijativa za upozorenje Međunarodnom birou za izložbe na probleme u vezi sa Ekspo 2027.,ekonomija
533,Bluit: Rio Tinto preispituje troškove projekta Jadar,ekonomija
534,Ređaju se skandali odmetnutog pravosuđa: Određen pritvor Goranu Vesiću i Tomislavu Momiroviću,politika
535,"Heroj: Zvezda ga izbacila iz Evrope, sada u Italiji spasao dva života",sport
536,"Ambasadori u Skupštini Kosova: Nadali smo se ali džaba, političari razočarali narod",politika
537,"Dominacija Srpske napredne stranke: Najnovije istraživanje IPSOS - naprednjaci na 46,6 odsto",politika
538,"Šiptari klicali ""velikoj Albaniji"" - Skandal trese Ligu šampiona (VIDEO)",sport
539,Odbojkašice Srbije poražene od Turske u prijateljskoj utakmici,sport
540,"TSC kliknuo sa Kalezićem: Topolčani dobili vojvođanski derbi, OFK upisao prvenac",sport
541,"Nova.rs: Danica Drašković i Goran Knežević smenjeni sa funkcija u NIS-u, umesto njih Irena Vujović i Milan Đurić",ekonomija
542,Ministarstvo poljoprivrede: Vlada Srbije stavila na raspolaganje prvu tranšu pomoći za poljoprivredna gazdinstva,ekonomija
543,PzP traži od nadležnih hitne mere zbog zatvaranja fabrika na jugu Srbije,ekonomija
544,"Poskupljuje hleb „sava“, a cena brašna će se slobodno formirati",ekonomija
545,"UEFA nekom majka, a nekom maćeha: Ukrajinci sramotno blago kažnjeni za ""Ubij Srbina""",sport
546,"NBS: BDP porastao za 2 odsto, industrijska proizvodnja za 2,5 odsto",ekonomija
547,Štafeta Srbije bez finala na Svetskom prvenstvu,sport
548,Hoće li Vučić priznati poraz na izborima i mirno predati vlast?,politika
549,Država pojačava kontrolu: Predlog da falsifikovanje meda bude krivično delo,ekonomija
550,Lokalne samouprave do 8. avgusta mogu da se prijave na konkurs za unapređenje energetske efikasnosti,ekonomija
551,"Paunović: Birački spisak mora biti zaštićen od zloupotrebe, naš zadatak nije da udovoljavamo opoziciji",politika
552,"Vršio nasilje u porodici, privođen u Nemačkoj, zabranjen mu ulazak u Evropsku uniju... Ovo je takozvani veteran koji predvodi rulju na Novom Beogradu (FOTO)",politika
553,Biznis i finansije: I država stala u red za skupe kredite,ekonomija
554,SSP: SNS vidi Beogradski sajam kao zgrade za rušenje i kvadrate za prodaju,ekonomija
555,„Srbima na Kosovu je potrebna promena režima u Beogradu“: Šta donosi saradnja kosovske i srpske opozicije?,politika
556,Hrvatski teniser suspendovan na osam godina zbog nameštanja mečeva,sport
557,"Od Grdelice do Prokopa, preko Novog Sada",ekonomija
558,Džordž Rasel blizu novog višegodišnjeg ugovora sa Mercedesom,sport
559,Oglasila se „Infrastruktura železnice Srbije“ o bezbednosti stanice na Prokopu,ekonomija
560,Vučić večeras gost RTS-a: Predsednik u Dnevniku u 19.30 časova,politika
561,"Deficit u budžetu grada Beograda oko 11,6 milijardi dinara: Rebalans sutra na dnevnom redu sednice Skupštine",ekonomija
562,Katastrofalne vesti za Milojevića: Zvezda bez dvojice najboljih igrača na Leh?,sport
563,"Mihailović (POKS): 100 dana haosa, kofuzije i paralize institucija Vlade Srbije",politika
564,Omladina Novog DSS pokušala da preda protestno pismo ambasadi Hrvatske,politika
565,Olga Danilović bez šanse protiv Ruskinje u Montrealu,sport
566,"Trenera Dinama pitali o Zvezdi, on uzvratio ratnim pokličem i napustio konferenciju (VIDEO)",sport
567,"Naplata grejanja po potrošnji: U prelaznoj fazi računi bi trebalo da ostanu isti, ali će se korigovati u maju",ekonomija
568,"„Provizije idu i do 20 odsto, ali za to nije kriv Buking“: Krši li Buking zakon ili samo koristi poziciju u tržišnoj utakmici?",ekonomija
569,Koalicioni sporazum  ,politika
570,"Komazec: Zaduženost Srbije skoro 108 milijardi evra, nismo ekonomski tigar, nego patuljak",ekonomija
571,"Proizođači, nakon sastanka sa ministrom, odustali od prosipanja mleka, slede inspekcije u mlekarama",ekonomija
572,Olimpijski komitet Srbije i OTP banka nastavljaju saradnju i na OI u Los Anđelesu 2028.,ekonomija
573,Zlatna prilika: Zašto je zlato i dalje temelj sigurne investicije u nestabilnim vremenima,ekonomija
574,Konstitutivna sednica SO Kosjerić: Novi stari predsednik i predsednica,politika
575,"Mesarović: ""Oluja"" je pogrom nad srpskim narodom, koji ne sme biti zaboravljen",politika
576,"Seksualni predator glavni govornik blokadera: Dobio otkaz na američkom fakultetu zbog silovanja studentkinja, jednu prisilio i da abortira (VIDEO)",politika
577,Koliko košta iznajmljivanje stana u evropskim prestonicama?,ekonomija
578,Direktor Ziđina čestitao Dan rudara,ekonomija
579,"Gde smo najviše izvozili, a od koga uvozili u 2024. godini?",ekonomija
580,Poznate face u loži - Piksi i Bata gledaju kako Partizan razbija Ukrajince (FOTO GALERIJA),sport
581,Evo gde možete da gledate prenos meča Partizan - Radnički Kragujevac,sport
582,Koliko je stabilna prednost studenata u odnosu na vlast?,politika
583,Poljoprivrednici: Kiša više ne može da pomogne da rodi kukuruz,ekonomija
584,Čelsi je šampion sveta,sport
585,"„Bolje od direktnog uzimanja kredita, što država sve više praktikuje“: Srbija emituje nove obveznice, zadužuje se za još pola milijarde evra",ekonomija
586,"„Dačiću, nije Vas prošao mamurluk“: Aleksić u Skupštini poručio ministru policije da će im braća Hofman upasti u SIV, on odgovorio da je policija na protestima bila defanzivna",politika
587,Fudbalski svet u žalosti: Mladi vezista iznenada umro u 25. godini (FOTO),sport
588,Predsednik Romske partije za hitne izbore,politika
589,Glamočić: Biće posebno obeleženo sveže meso i smrznuto meso iz uvoza,ekonomija
590,Grüner Strom deckt erstmals über 60 % des Energiebedarfs  ,ekonomija
591,Gde je u regionu najskuplje gorivo?,ekonomija
592,Transfer vredan 40 miliona evra: Donaruma na meti Mančestera,sport
593,"Konzulka Srbije u Solunu: Svi srpski turisti na Tasosu bezbedni, požar pod kontrolom",ekonomija
594,"""Grobari"" se oglasili: Važna poruka pred meč Partizana i Oleksandrije",sport
595,Novi Sad podnosi inicijativu za spomenik stradalima u tragediji na železničkoj stanici - Mićin: Dužnost grada je da nastradali ne budu zaboravljeni,politika
596,"Milan Borjan ne zaboravlja zločinačku akciju ""Oluja"": Svako u amanet nek' ostavi svom sinu..",sport
597,"Terzić posle pobede nad Lehom: Nema opuštanja, ovo je bilo samo prvo poluvreme",sport
598,"Iz kategorije „verovali ili ne“: Turska u Ligi nacija dobila set sa 25:4, ali su izgubili duel sa 3:1",sport
599,Dosije Koveši: Šta Srbiju čeka ako Dolovac i Nenadić predaju pravosuđe Briselu? (VIDEO),politika
600,"Želeo da ubija Srbe, a sada podržava blokadere! Alijin snajperista Štukan: Nadam se prevratu u Srbiji (VIDEO)",politika
601,Da li je potpisan sporazum i hoće li Srbiju „preplaviti“ radnici iz Gane i drugih zemalja?,ekonomija
602,NPS: Upozoravamo na pokušaje infiltracije režimskih struktura u građanske proteste u Subotici,politika
603,"Na Kosovu napadnut poslanik, kao i njegova ćerka i supruga",politika
604,"Nekada ozbiljna stranka, a sada Milivojevićev putujući cirkus: Lider DS više ni sam ne zna šta mu ne valja - ovo je već zabrinjavajuće (VIDEO)",politika
605,Hoće centrala jednom da pogreši... Piper je upravo objavio post koji raskrinkava brutalne laži tajkunskih medija,politika
606,Vasilije Micić: Bio sam impresioniran projektom koji Hapoel gradi,sport
607,"Mali: Minimalna zarada do 2027. biće 650 evra, Ekspo najveća razvojna šansa Srbije",ekonomija
608,Politikolog Bešić smatra da SPS može da spasi novi lider,politika
609,„Slika moje kuće koja gori razbija njihove laži“: Kako vlast zaboravlja posete neistomišljenicima?,politika
610,SRCE: Zakasnelo hapšenje Momirovića,politika
611,Klub penzionera Niša predlaže povećanje prosečne penzije sa 47 na 60 odsto prosečne zarade,ekonomija
612,Thousands Protest Climate Inaction in Major Cities,sport
613,Rojters: SAD pozivaju na odbacivanje globalnog sporazuma o proizvodnji plastike,ekonomija
614,"Ukrajinka zabezeknula planetu - Mrzi Ruskinje iz dna duše, a ovo je uradila u Kanadi (VIDEO)",sport
615,Čadež izabran za člana Generalnog saveta Svetske federacije privrednih komora,ekonomija
616,Društveni front: Prelazak sedam državnih preduzeća u DOO ili AD otvara mogućnost za privatizaciju,ekonomija
617,Skandal! Pušten na slobodu jedan od napadača na Branku Lazić (VIDEO),politika
618,Čačanska opozicija osudila incidente u Novom Pazaru,politika
619,"Skandal, Rusija im je trn u oku - Poljaci napali Zvezdu, pale atmosferu pred utakmicu",sport
620,Tužne scene: Kapiten Prestona pred meč sa Liverpulom sa suzama u očima nosio venac posvećem Diogu Žoti i njegovom bratu (VIDEO),sport
621,Mitrović? To su gluposti... Rusi demantovali dolazak srpskog napadača u Zenit,sport
622,Svet fudbala zavijen u crno: Iznenadna smrt trenera u Americi,sport
623,"Predsednik Vučić oduševio objavom iz Žitorađe: ""Diplomatija na četiri šape"" u akciji (FOTO)",politika
624,Ekološke organizacije: Toplane na biomasu nisu ekološki održive ni bezbedne,ekonomija
625,Jokić dominirao: Ko su najbolji strelci sa probne utakmice Srbija – BiH,sport
626,"Vučić progovorio o stanju Darka Glišića: Došlo do cepanja vratne arterije, spasilo ga to što je bio blizu bolnice",politika
627,Težak pacijent: Blokaderski otpad Ješić otcepio Zemun od Beograda - osvanuo skandalozan komentar!,politika
628,Zašto je Anu Brnabić pohvalila direktorka ODIHR-a?,politika
629,Brnabić: Presuda Dodiku nedemokratska i anticivilizacijska,politika
630,Nebojša Bakarec: Analiza i najoštrija osuda napada na Marka Đurića i njegovo troje dece!,politika
631,"Savić: Najavljene mere možda populističke, ali nemaju veze sa izborima",ekonomija
632,Sačuvaćemo mir i stabilnost! Vučić: Podjednako su bili uplašeni i Srbi i Bošnjaci,politika
633,Novo pojačanje Armanija: Gudurić ponovo u timu sa centrom koji daje prosečno 15 poena u Evroligi,sport
634,Kosovske vlasti zahtevaju od Vlade Srbije informacije u vezi sa hapšenjem navodnog saradnika Albanske obaveštajne službe,politika
635,Petar Petković: Hvala Francuskoj!,politika
636,Naučni savet Fonda za nauku Srbije: Značajan Zeleni program saradnje nauke i privrede,ekonomija
637,"(FOTO) Čudo na nebu pred sahranu Hulka Hogana: Ovo je neki znak, a na ceremoniji - misterija",sport
638,Može li Kurti da zabrani učešće Srpskoj listi na lokalnim izborima na severu Kosova?,politika
639,Skandal: Napadnuta delegacija Novog Pazara u Poljskoj - Maskirani huligani nasrnuli na ljude iz kluba,sport
640,Rastu male ustaše: Snimak koji će vam uterati jezu u kosti (VIDEO),politika
641,"Babić razotkrio blokadersku botulju: Sprda se sa Glišićem, tata joj peva s ustašama (VIDEO)",politika
642,"Ministarstvo poljoprivrede: Obrađeno više od 90 odsto zahteva za podsticaje za sertifikovano seme, u toku uručenje rešenja i isplata sredstava",ekonomija
643,INTERVJU Marinika Tepić: Naivno je verovati da će se ovakav režim smeniti samo olovkom,politika
644,"Vučinić ogolila opoziciju: ""Pokazali da iza protesta nije stajao pijetet prema žrtvama tragedije""",politika
645,Vlade Divac hvali starije generacije košarkaša: „Oni su stvorili put“,sport
646,Koliko su Dačić i SPS važni Vučiću kojem pred izbore pada rejting?,politika
647,Opozicija protestuje  ,politika
648,Politička odluka  ,politika
649,Nikola Stamenić novi partner u revizorskoj kući PwC,ekonomija
650,Leh nije mogao da čuje gore vesti posle poraza od Zvezde - U Poljskoj se hvataju za glavu zbog ovog,sport
651,FIBA: Srbija je prvi favorit za osvajanje zlata na EP,sport
652,Odbojkašice Italije i Brazila u finalu Lige nacija,sport
653,Srpski klubovi imali odličnu nedelju u Evropi,sport
654,Trenerska smena  ,sport
655,"Jovanov o podršci SNS Vladi Srbiji: Koliko se budu pridržavali politike predsednika Vučića, zavisiće i naš odnos prema njoj",politika
656,U prvoj polovini 2025. prihod Delta Holdinga 526 miliona evra,ekonomija
657,Luka Modrić novi fudbaler Milana,sport
658,"Dok u Novom Pazaru psuju majku srpsku, decu i Isusa: Blokaderka Aida Ćorović poručuje da je prvi put ponosna - zna se i zašto (VIDEO)",politika
659,(VIDEO) Glas razuma! Gostovanje Đerleka na Informer TV je istinski primer patriotizma i hrabrosti: Mi Bošnjaci nemamo rezervnu državu,politika
660,Reprezentativac Srbije najavio povlačenje: Evrobasket će biti moj “poslednji ples”,sport
661,Tadej Pogačar po četvrti put šampion Тur de Fransa,sport
662,"Tek oko 0,1 odsto domaćinstava u Srbiji ima status prozjumera",ekonomija
663,"Raspad sistema! Lazovićev poslanik udario na Kavčića i blokadere, upozorio da mogu da obmanu javnost: Ko nam garantuje da će biti kako kažu? (VIDEO)",politika
664,"Cariceee! To može samo Angelina Topić: Kao munja istrčala i osvojila štafetu, a onda...",sport
665,Koalicija pala  ,politika
666,Novi bum na tržištu! NVIDIA otvara mega kampus – evo zašto su svi odmah kupili akcije!,ekonomija
667,Čadež (PKS) o Trampovim carinama: Optimista sam u pogledu nalaženja najboljeg rešenja,ekonomija
668,Pojavila se afrička kuga u Bogatiću: Koliko je svinja ubijeno do sada?,ekonomija
669,Ministarstvo finansija demantovalo da organizuje novčanu nagradnu igru sa kompanijom Gasprom,ekonomija
670,Miljuš (SSP) pita Macuta: Šta se dešava sa radovima na pruzi Novi Sad – Subotica?,politika
671,Prodaja porasla  ,ekonomija
672,Čist nacizam blokadera! Brnabićeva osudila huligansko divljanje širom Srbije,politika
673,"Partizan ne staje! NBA liga jedina opcija, na radaru košarkaš Finiksa",sport
674,NIS traži još jedno odlaganje sankcija SAD,ekonomija
675,Ponoš: Vučić koji beži od izbora pametniji je od onih koji ih brzopleto traže,politika
676,Vučić objavio broj ugovora sa mladima za kredite za stan,ekonomija
677,"Trener Partizana Blagojević pred revanš protiv AEK-a: Ruski recept za Kiprane, Demba Sek džoker",sport
678,Samo nam je još ona falila: Greta Tunberg na blokaderskom protestu,politika
679,Serhio Ljulj igraće i 19. sezonu u dresu Real Madrida,sport
680,Telekom Srbija isplaćuje skoro 20 miliona evra dividende,ekonomija
681,Nastavlja se agonija Grigora Dimitrova i kraj neverovatne serije duge 14 godina,sport
682,"Popović za Danas: Nema nove rezolucije EP o Srbiji, ali rasprava ima političku težinu",politika
683,Đedović Handanović sa ambasadorom Rusije: Skidanje sa liste sankcija jedino rešenje koje je dugoročno održivo za NIS,ekonomija
684,"Liga konferencija: Partizan i Novi Pazar mogu na sever Evrope, Radnički 1923 u Slovačku",sport
685,Filmska priča: Venus Vilijams se vratila na teren i pobedila 35. teniserku sveta u 46. godini,sport
686,Srbija pobedila Ukrajinu i zadržala šanse za opstanak u Ligi nacija,sport
687,Devizne rezerve  ,ekonomija
688,Ukazao se Šapić: Predstavio „vizantijsko-nemanjićke plavušane“ (VIDEO),politika
689,"Milivojević (DS): SNS nije spreman ni za pokradene izbore, nemaju odgovor na studentsku listu",politika
690,Kako su u Užicu dočekali ministarku Saru Pavkov?,politika
691,Čuveni golgeter zna kako sa Škotima: Neka bude opet Partizan lavljeg srca,sport
692,Srbija sa potencijalom u sektoru proizvodnje ćurećeg mesa,ekonomija
693,Svetski fudbal zavijen u crno: Umro bivši reprezentativac i osvajač LŠ,sport
694,Vučićevo predviđanje rezultata izbora: Neprijatno iznenađenje – za koga?,politika
695,"Bez naglog skoka, ali nema ni pojeftinjenja: Cene polovnih automobila i dalje rastu",ekonomija
696,"Proizvođači mleka centralne Srbije prosuće 4. jula tri tone, jer su nezadovoljni otkupnom cenom",ekonomija
697,Novi Pazar i Radnički eliminisani u drugom kolu kvalifikacija za Ligu konferencija,sport
698,Danas nastavak sastanka opozicije i civilnog sektora o biračkom spisku,politika
699,Tačno u 8:20: Oglasio se Vučić - Poslao važnu poruku narodu,politika
700,"""Ljudi iz stranke Ugljanina, Zukorilića i Ljajića nasilno upali u DUNP!"" Rektorka otkrila detalje: ""Napad na državnu ustanovu izveli oni koji učestvuju u vlasti""",politika
701,"Profit Srbijagasa 72 miliona evra, zaduženost 654,5 miliona evra",ekonomija
702,Ministarstvo spoljnih poslova preporučuje građanima da ne putuju u Hrvatsku u narednom periodu,politika
703,Đurđević poništila rešenje Inspektora rada: Potvrdila otkaz Goranu Perišiću iz EPS-a,ekonomija
704,Derbi odlučen,sport
705,Dobro izdanje Nikole Đurišića u dresu Atlante,sport
706,"Južne vesti: Niška preduzeća i ustanove potrošili milione na kafane, poklone i hotele",ekonomija
707,Izborna kampanja  ,politika
708,Nenad Lalatović isključen posle velikog preokreta Budućnosti,sport
709,Zbor građana Sremskih Karlovaca: Ne želimo Aleksandra Vučića u svom gradu,politika
710,Niže cene proizvoda i povoljniji krediti! Šta sve obuhvata novi set mera koje je od 1. septembra najavio predsednik Vučić,politika
711,Osmani: Povlačim zahtev Ustavnom sudu zbog imenovanja Radomira Labana za izvestioca,politika
712,Tabaković: Dodatne analize pre predlaganja konkretnih rešenja za smanjenje bankarskih marži,ekonomija
713,"Oglasila se Barsa: ""Grobari"" i ""Delije"" dobili zabranu",sport
714,Meloni večeras stiže u Beograd! Sastaje se sa Vučićem,politika
715,"Beogradski sajam: Ne rušimo hale, pripremamo jesenje sajmove",ekonomija
716,Reverzibilne hidroelektrane i njihov značaj za našu energetsku budućnost,ekonomija
717,"Sindikat Sloga: Statistika iskrivljuje ekonomsku sliku, u Srbiji radnici i penzioneri gladuju",ekonomija
718,Danas postajem najveći navijač Radničkog: Dudić se kroz suze zvanično oprostio od Kragujevčana,sport
719,"Nova akcija opozicionog medija - ""kupujte hrvatsko"": Veljković lobira za Končarove tramvaje (FOTO)",politika
720,Kanga savetuje Babiku: Evo kome treba da se obrati kada dođe u Zvezdu,sport
721,Kako do što jeftinijeg rominga ovog leta?,ekonomija
722,Koje banke u Srbiji imaju najniže kamate na dozvoljeni minus?,ekonomija
723,Zbor u Vladimircima: „Sendviči za sendvičare“,politika
724,Ministarstvo: Uskoro sporazum sa južnokorejskim KHNP o nuklearnoj energiji,ekonomija
725,Partizan overava narednu rundu: Evo gde možete pratiti revanš meč protiv Oleksandrije,sport
726,"Rio Tinto pristao da plati 138,75 miliona dolara u okviru nagodbe zbog tužbe",ekonomija
727,Najstrašniji licemeri! Brnabićeva otkrila: Teroristi koji su pobegli u Hrvatsku nastavljaju studije u Zagrebu,politika
728,Bruka - krenula blokaderska proslava Oluje: Vođa zgubidana ponosno objavio hrvatsku šahovnicu (FOTO),politika
729,Počeli radovi na ojačanju peronskih greda na železničkoj stanici u Prokopu,ekonomija
730,"Sindikati GSP: Rebalansom budžeta još 5,2 milijardi dinara za javni prevoz, ni dinara za nabavku trolejbusa",ekonomija
731,"Zašto su strane investicije u Srbiju od januara do maja pale za 67,5 odsto?",ekonomija
732,"Zvezda pustila karte za Leh: Objavljene cene, poznati svi detalji za revanš na ""Marakani""",sport
733,"Tadić nije tema: Milojevića pitali o bivšem kapitenu Srbije, usledila reakcija",sport
734,Neue Studie warnt vor Folgen des demografischen Wandels  ,politika
735,Antisrbi sa dna kace! Separatistički portal Dinka Gruhonjića poručuje: U Vojvodini nećete objavljivati srpske nacionalne udžbenike!,politika
736,Javna rasprava novog zakona: Uvodi se zabrana prometa nezakonito posečenog drveta i sistem kontrole porekla,ekonomija
737,Princ Filip Karađorđević: Uvek na strani Srbije,politika
738,Kurti u video snimku na srpskom jeziku pozvao Srbe da konkurišu za posao u Vodovodu „Mitrovica“,politika
739,U Beogradu sutra prvi međunarodni sastanak o EXPO 2027,ekonomija
740,Nove cene putarina: Koliko od danas košta vožnja auto-putevima kroz Srbiju?,ekonomija
741,Bivša teniserka Rene Stabs prognozirala kada će Novak Đoković otići u penziju,sport
742,PZP traži da Vlada Srbije proglasi moratorijum na transformaciju strateških javnih preduzeća,ekonomija
743,Suludi plan Vučelića i Vazure nije prošao: Ugrešića umalo pustili za džabe,sport
744,"Bradavice na izvol'te... Pašće vam vilica od prizora, pakleno seksi Ana Rajković (FOTO)",sport
745,TSC pojačao defanzivu: Stigao štoper iz Portugala (FOTO),sport
746,Milojević poveo 24 igrača u Poljsku,sport
747,Iz PSG saopštili zašto neće učestvovati na sednici Skupštine Vojvodine,politika
748,Kako bi srušili Vučića okomili su se na Vesića! Evo kako je u sve umešan rektor Đokić,politika
749,Čelsi doveo defanzivca za 37 miliona funti,sport
750,Partizan potpisao ugovore sa dvojicom Nigerijaca,sport
751,Kanada najavila privremenu odmazdu na carine SAD na čelik i aluminijum,ekonomija
752,Nemačka pronašla viruse hepatitisa A u voću iz Srbije,ekonomija
753,"Jovanović (NDSS): Proglasiti okupaciju Kosova, Priština lovi Srbe kao zečeve zbog Vučićeve izdaje",politika
754,Brnabićeva patosirala tajkunsku N1: Da li vas je bar malo sramota?!,politika
755,Kako je Vučić svoj interes pomešao sa državnim?,politika
756,BVB verpflichtet Nachwuchstalent aus Belgien  ,ekonomija
757,Današnja akcija specijalnog tužilaštva je lična osveta Zagorke Dolovac: Advokat Vladimir Gajić o udaru na Vesića,politika
758,N1 i Nova od 29. jula dostupni i korisnicima Yettel TV-a,ekonomija
759,Generalni menadžer Juventusa obelodanio da imaju dogovor sa Vlahovićem,sport
760,Navijači Zvezde i Partizana ne mogu u Barselonu,sport
761,Partizan nije mogao da dobije lošije vesti: Crno-beli ostaju bez pojačanja?,sport
762,"Srednji kurs dinara za evro 117,1736",ekonomija
763,Srbin optužen za napad na Kfor priznao krivicu i dobio pet godina zatvora,politika
764,"(VIDEO) Slovenska braća - Ori se ""Kosovo je Srbija"" u Poznanju: Navijači Zvezde i Leha zajedno šalju jasnu poruku svetu",sport
765,O čemu su danas razgovarali Vučić i Makron?,politika
766,Da srce prepukne: Zvezdina legenda otvorila dušu o gubitku sina,sport
767,Finale kupa  ,sport
768,Studenti Saobraćajnog fakulteta u blokadi: Srbija nema ni ljudske ni finansijske kapacitete da održava infrastrukturu pruge Beograd-Subotica,ekonomija
769,Jubilej: Neuspešan i 50. pokušaj konstituisanja Skupštine Kosova,politika
770,"Zbog vrućina klima-uređaji rade neprekidno, potrošnja struje na dnevnom nivou viša do 20 odsto",ekonomija
771,Njukasl odbio Liverpulovu ponudu za Isaka,sport
772,Srpska reprezentacija do 20 godina pobedom startovala na Prvenstvu Evrope,sport
773,"Skandal epskih razmera: Navijači Hajduka slave progon Srba, smatraju nas agresorima",sport
774,Subotičanima nije dozvoljeno da igraju evropske utakmice u “Dudovoj šumi”: Spartak domaćin u Hrvatskoj ili Mađarskoj,sport
775,„Previše paralelnih problema za projekat koji moramo da predamo svetu za godinu i po dana“: Da li kasne radovi na Ekspo?,ekonomija
776,Šta se dešava sa Poljacima? Leh u potpunom rasulu pred meč sa Zvezdom,sport
777,Gotovo: NBA as potpisao za Crvenu zvezdu (VIDEO/FOTO),sport
778,Dušan Vučićević o istraživanju i Vučićevom rejtingu: Pad je nepovratan,politika
779,"Zvezdina radilica u fokusu: Pohvale me ne zanimaju, igram samo za pobede",sport
780,Nebojša Bakarec: Psihoprofil blokadera! Ko su blokaderi?,politika
781,Poljoprivrednici Stiga sutra će blokirati saobraćaj u Požarevcu,ekonomija
782,Dolazi vreme odgovornosti: Predsednik Vučić najavio velike promene u pravosuđu,politika
783,Stambeni bum  ,ekonomija
784,Vučić o istrazi protiv Vesića i Momirovića: Uvezanim strukturama u tužilaštvu i pravosuđu se žurilo,politika
785,Skupština grada Novog Sada: Usvojena inicijativa za podizanje spomenika stradalima u padu nadstrešnice (FOTO),politika
786,Opozvana serija Golf automobila u Srbiji zbog problema sa pojasevima,ekonomija
787,Sad je sve jasno! Ovi blokaderi nisu glasali za podizanje spomenika žrtvama tragedije u Novom Sadu!,politika
788,Tandem za povratak u Premijer ligu Engleske: Snup Dog i Luka Modrić u zajedničkoj akciji,sport
789,Lepe vesti za Zvezdu: Leh pred duel ostao bez najvrednijeg aduta,sport
790,Senate Approves New Education Funding Bill,politika
791,Odluka sudije  ,sport
792,Nesvakidašnja scena u Litvaniji: Navijači zasuli teren koferima (VIDEO),sport
793,Adriana Vilagoš iz prvog pokušaja do finala Evropskog prvenstva,sport
794,Svetski dan izbeglica: Odakle najviše dolaze i kakav je njihov položaj na tržištu rada u Srbiji?,ekonomija
795,"""Orlići"", kapa dole! Veličanstvena pobeda Srbije - Hrvati na kolenima",sport
796,Tunel na probnom radu: Da li je puštanje u rad bez upotrebne dozvole ugrožavanje bezbednosti?,ekonomija
797,Zašto Vučić neprestano govori o građanskom ratu: Priziva li ga?,politika
798,SSP Topola: Umesto apelovanja i prebacivanja odgovorosti na građane rešite problem ljudi koji nemaju vodu,politika
799,"Blokader ispao glup! Pokušao da okrivi Vučića za nemar, a činjenice govore potpuno nešto drugo (VIDEO)",politika
800,Ministarka privrede: Kineska kompanija zainteresovana za izgradnju fabrike u Srbiji za potrebe BMW-a,ekonomija
801,OTP banka proglasila pobednike konkursa Generator EDU posvećenog finansijskom opismenjavanju dece i mladih,ekonomija
802,"""Vreme odgovornosti dolazi!"" Vučić: Ovo će biti pravna država u kojoj stranci neće određivati ko će da sedi iza rešetaka, a ko ne (FOTO)",politika
803,"(VIDEO) Gde su sada narikače iz EU?! Zlatko Kokanović brutalno preti Vučiću: Ako ne raspišeš izbore, imaćeš građanski rat",politika
804,"Deo organizacije OPEK+ u avgustu povećava proizvodnja nafte, očekuje se jeftinije gorivo",ekonomija
805,"Puklo, kraj: Tajkunski mediji najavili megablokadu na Vidikovcu, a evo šta se tamo dogodilo! (FOTO)",politika
806,Boris Tadić: Od nastavka hapšenja ka vrhu piramide zavisi da li će potez tužilaštva biti istorijski,politika
807,RERI: Krivična prijava protiv Ziđin koper zbog zagađenja životne sredine,ekonomija
808,"Džanan Musa isprozivao Srbiju, pa brutalno ućutkan (FOTO)",sport
809,"Partizan ne može bez problema - Povredio se Jurčević, šansa za Aranđela",sport
810,Kolumna Dragutina Matanovića: Država će pobediti antisrpske ekstremiste,politika
811,Zvezda dovela i osmo pojačanje: Rivero iz Makabija na Malom Kalemegdanu,sport
812,"Mali: „Ekspo 2027“ najveća razvojna šansa, 2028. kreće novi investicioni ciklus",ekonomija
813,(VIDEO) Cirkuzant! Bačulov na sednicu došao u košulji sa natpisom FBI,politika
814,"Vlada Srbije traži da se hitno oslobodi Igor Popović, date instrukcije ambasadama",politika
815,Mali: Pregovori o povećanju minimalca za iduću godinu počeće krajem avgusta ili početkom septembra,ekonomija
816,"Ove godine očekuje se više pšenice u Srbiji nego 2024, a manje malina i višanja",ekonomija
817,"Vrednost tržišta nepokretnosti u Srbiji povećana za 9,3 odsto u prvom kvartalu",ekonomija
818,"Starović pojašnjavao izjavu o kompromisu na Kosovu, nakon što ga je napao Vulinov Pokret socijalista",politika
819,"Pola plenuma igra Monopol, druga polovina bleji! GOSI je došao do šok dokumenta, blokaderi pukli kao zvečke",politika
820,"O Luki bruji čitava planeta - Srbin oborio rekod star 49 godina, pa se našao među svetskim čudima",sport
821,"""Ništa nije ukazivalo na to, a onda..."" Sarapa otkrio kako se ministar Glišić ponašao pred moždani udar",politika
822,"SSP: Leoni zatvara fabrike, više od 1.000 ljudi ostaje bez posla",ekonomija
823,"Er Srbija za pet meseci ove godine prevezla više od 1,5 miliona putnika",ekonomija
824,Budžet Srbije u prva četiri meseca ove godine imao deficit od 78 milijardi dinara,ekonomija
825,"Ovo je psihološki profil blokadera! Od društvenog taloga, preko korisnih idiota do frustracija koje leče uličnom terapijom",politika
826,(VIDEO) Šok priznanje na N1: Kako je tajkunski medij izveštavao o napadu na prostorije SNS u Kraljevu?!,politika
827,NASA Confirms Discovery of Water on Moon’s Surface,politika
828,NBA blizu dolaska na „stari kontinent“? „Radimo na uspostavljanju strukturisane piramide takmičenja u Evropi“,sport
829,Mandić posle poraza Srbije u polufinalu Svetskog prvenstva: Mnogo nam je teško,sport
830,"Doneta nova uredba: Kako da znamo koji proizvodi liče na sir, kajmak, mlečne namaze… a u stvari sadrže biljne masti?",ekonomija
831,Ujedinili se Kurtijevi poslušnici na čelu s Parandilovićem: Ovo su najgori izdajnici Srbije,politika
832,Tabaković: Dinarska štednja 11 puta veća nego 2012. godine,ekonomija
833,"Dugo će pamtiti ove komentare: Georgiev se požalio da ga je Brnabić uvredila, a onda je usledio hladan tuš (FOTO)",politika
834,"Sekulić: Restitucija u Srbiji pri kraju, ostalo nešto više od 5.000 predmeta za rešavanje",ekonomija
835,Zvezda remizirala na kraju priprema,sport
836,"Škotski izazov za Partizan: Stiže Hibernijan, klub sa bogatom istorijom",sport
837,Er Srbija uspostavila direktnu avio-liniju do Sardinije,ekonomija
838,Kolumna Dragutina Matanovića: Briselski voz za antisrpske bitange,politika
839,"Kineska kompanija MINTH otvara novi pogon za auto-industriju u Leskovcu, 1.000 novih radnih mesta",ekonomija
840,"""A šta ako odbijem?"" Oglasio se Dodik uoči rasprave o njegovom mandatu (FOTO)",politika
841,Vučević (SNS): Koalicioni partneri iz Novog Pazara da se izjasne na čijoj su strani,politika
842,Objavljene nove cene goriva koje će važiti do 27. juna,ekonomija
843,Za Startek program stigle 292 prijave,ekonomija
844,"Ko je Danka Selić, smenjena direktorka Beogradskog sajma?",ekonomija
845,"Da li je Vučić, kako sam tvrdi, zaista oprezniji i temeljniji političar od Slobodana Miloševića?",politika
846,Pad prometa u industriji,ekonomija
847,"Šta o pozivu POKS-a princu Filipu Karađorđeviću misli prestolonaslednik Aleksandar, a šta narodni poslanici?",politika
848,"Drakulić: Ne želim da ulazim u polemiku sa režimskih tabloidima, nemam političke ambicije od 2004. godine",ekonomija
849,"Preokret? Tadićev prijatelj ubeđen da Dušan neće u Zvezdu: Pričali smo, rekao je ovo",sport
850,PKS: Očekuje se uvođenje sistema e-bolovanje da bi se smanjile zloupotrebe bolovanja,ekonomija
851,MRE: Nastavak realizacije projekta izgradnje naftovoda Srbija–Mađarska,ekonomija
852,Veliko pojačanje LA Klipersa: NBA legenda uz Bogdana Bogdanovića,sport
853,"""Država vodi računa o svim građanima"": Vučević najavljuje paket mera uoči zimske sezone",politika
854,"Devet meseci režiranog haosa: Dolovac štiti krivce, Nenadić hapsi, Republika Srpska pod udarom",politika
855,(VIDEO) Ivica Dačić „pobegao“ od pitanja da li je u toku „tužilački državni udar“,politika
856,"Opsadno stanje u Poznanju  - Specijalci naoružani do zuba dočekuju ""delije"" (FOTO/VIDEO)",sport
857,iwijegifjpsokgs dagdspghsjsšogjdsogpjds ajgdadjgdsjgdsjgdsjaa,sport
858,"Neskrivena mržnja prema svemu srpskom: Televiziji N1 smeta srpska zastava, ali ne i vređanje Isusa (VIDEO)",politika
859,Patrijarh Porfirije: Presuda Dodiku dovodi u pitanje opstanak srpskog naroda u BiH,politika
860,"„Nisam srećan, opoziconari su moji drugari“: Novoizabrani gradonačelnik Zaječara za Danas o privatnom obezbeđenju, napadima na opoziciju i rudniku",politika
861,"Najveći prihod 1,4 milijarde dinara: Podneto 29.533 prijava godišnjeg poreza na dohodak građana",ekonomija
862,Erste Bundesländer starten in die Sommerferien  ,ekonomija
863,"Slavimo šampiona koji je kažnjen zbog dopinga, postoji slon u sobi: Britanski mediji razočarani pobedom Sinera na Vimbldonu",sport
864,Kamatna stopa  ,ekonomija
865,"Janik Siner: „Na kraju dana nije važno kako pobeđuješ ili gubiš, već da razumeš gde si pogrešio i da radiš na tome“",sport
866,Povlači se proizvod za decu zbog rizika od posekotina,ekonomija
867,Šta je Ministarstvo poljoprivrede utvrdilo pri kontroli Kraljevačke mlekare?,ekonomija
868,Svetske berze: Volstrit na novom rekordnom nivou,ekonomija
869,"Tri žarišta afričke kuge svinja u Srbiji, potrebno odmah obavestiti veterinara",ekonomija
870,Tepić (SSP): Vučić izvršio državni udar i ustavni poredak napadom na nezavisnu sudsku vlast,politika
871,Rekordna zarada  ,ekonomija
872,NDSS: Deficit u budžetu Beograda 11 milijardi dinara,ekonomija
873,"Luka se vratio - Dončić u novom izdanju, ovakvog ga još niste videli (VIDEO)",sport
874,"Mićin o privatizaciji GSP: Ne razmišljamo o tome, tražimo najbolji model za kupovinu novih autobusa",politika
875,"U Partizanu zgroženi zbog nasilja: ""Naš navijač se bori za život""",sport
876,"Vidim vas: Za Oluju aplauz, za Srbe lisice",politika
877,"MUP održao hitan sastanak sa čelnicima FSS, Zvezde i Partizana - Ovo je razlog",sport
878,Ministarka Macura sa ambasadorom Češke: Zajednički da stvaramo društvo jednakih šansi,politika
879,"„Viteški“ (Šapićev) most u zastoju: Saglasnost nisu dali Vesić, inspekcija, ali ni aktuelno Ministarstvo",ekonomija
880,"Zvezda sprema čistku: Šestorica igrača na izlaznim vratima, čeka se odluka Sferopulosa",sport
881,"Visoke temperature i rad napolju: Šta kažu propisi, a kako je u praksi?",ekonomija
882,"(VIDEO) Opšta makljaža na stadionu uoči derbija - Tukli se zaštitnim ogradama, reagovala žandarmerija",sport
883,Mi snaga naroda: Starović je samo petao koji je preglasno kukuriknuo,politika
884,Mađarski MOL i SOCAR dogovorili uslove za istraživanje nafte u Azerbejdžanu,ekonomija
885,Tužilaštvo u Prištini podiglo optužnicu protiv Igora Popovića za navodno izazivanje razdora,politika
886,Nova planska praksa: Proširenje Beograda na vodi ne sme biti iznad zakona,ekonomija
887,Gašić kritikovao svog kolegu iz BiH: Helezova retorika od reči do reči u skladu sa politikom blokadera,politika
888,Scientists Detect Microplastics in Human Bloodstream,politika
889,Ministarstvo poljoprivrede: Počelo uručenje rešenja i isplata subvencija po košnici pčela,ekonomija
890,Emotivna objava Feđe Dudića posle ostavke: Plakao sam kao dete... Radnički i Kragujevac zauvek u srcu,sport
891,Mali: Srbiji danas uplaćena prva sredstva iz Plana rasta za Zapadni Balkan,ekonomija
892,Opet na okupu: Saša Ilić doveo nekadašnjeg saigrača iz Partizana (FOTO/VIDEO),sport
893,Regierung diskutiert Einführung der Vier-Tage-Woche  ,politika
894,Viktor Rašović uoči susreta sa Japanom: Favoriti smo i to treba da pokažemo u bazenu,sport
895,Burzanović šokirao sve: Spustio sam slušalicu Piksiju kada me je zvao u Zvezdu (VIDEO),sport
896,Adriana Vilagoš osvojila zlato na Evropskom prvenstvu za mlađe seniorke,sport
897,"NBS: Devizne rezerve u junu povećane na 27,4 milijarde evra",ekonomija
898,Šta koči evropske integracije Srbije – politička kriza ili vlast?,politika
899,"Ako ne bude kiše u narednih nekoliko dana, na mnogim parcelama neće biti soje i kukuruza",ekonomija
900,Sindikat Centar GSP: Poništen tender za nabavku 130 novih zglobnih autobusa,ekonomija
901,Srbija vraća zlato iz inostranstva – Pametni investitori već reaguju!,ekonomija
902,Poljaci se nameračili na Zvezdu: Navijači Leha izdali saopštenje pred večerašnji duel (FOTO),sport
903,"Najsuroviji lov na Vučićevu glavu! Zorana Mihajlović: ""Ovo su pritisci na ceo srpski narod"" (VIDEO)",politika
904,"Na sto miliona evra ni dinar poreza: Privatne kockarnice, kazina i kladionice u potpunosti oslobođene plaćanja",ekonomija
905,"Ostaju Hale 2 i 3 Beogradskog sajma, ali se Beograd na vodi ipak širi",ekonomija
906,Stravično: Srpski sportista poginuo u saobraćajnoj nesreći - Nije mu bilo spasa,sport
907,"Strava i užas: Grom udario dečaka usred fudbalskog treninga, u kritičnom je stanju",sport
908,"Zvezda razbila kletvu Brazilaca: Duarte rešeta, Mateus brani sve, Rodrigao hladan kao led",sport
909,"SRCE: MUP da hitno obezbedi zaštitu stanara u Mike Alasa, na pomolu je nova Savamala",politika
910,"U Prizrenu uhapšene četiri osobe, među njima i pukovnik kosovske policije",politika
911,"Privrednici sumnjaju u zloupotrebe bolovanja, a sindikati tvrde da je Srbija među zemljama s najmanje korišćenja",ekonomija
912,Ukoliko želite da budete humani birajte gde uplaćujete novac jer će pojedine banke naplatiti deo vaše humanosti,ekonomija
913,Fußball-WM: Deutschland trifft im Achtelfinale auf Spanien  ,sport
914,Demokratski savez Hrvata u Vojvodini povodom Oluje podseća: Žrtve ratnih devedesetih bili su i vojvođanski Hrvati,politika
915,Dragan Đilas predlaže šta posle promene vlasti sa BIA i RTS,politika
916,Bayern München gewinnt spannendes Duell gegen Dortmund  ,sport
917,"Notari dižu cene: Veća vrednost boda, ali i veći broj bodova za pojedine poslove",ekonomija
918,"SSP: Vučević zamajava javnost i EU tiradama o biračkom spisku, da se prvo odgovara za mahinacije",politika
919,Dve utakmice NBA lige igraće se u januru u Berlinu i Londonu,sport
920,Vučić nakon sastanka sa MMF-om: Obavestio sam ih o događajima koji su uticali na usporavanje privrednog rasta,ekonomija
921,"Poskupeli polovni automobili u Srbiji, kupci sve oprezniji",ekonomija
922,Tramp uveo nove carine na robu iz nekih zemalja: Gde se tu nalazi Srbija?,ekonomija
923,Zemljotres u Humskoj - Predrag Mijatović napušta Partizan?,sport
924,U Institutu Vinča osnovana Komisija za nuklearnu energiju,ekonomija
925,"Šou u Norveškoj: Umesto pehara, igrač utakmice kući nosi jagnje ili pola tone šargarepe (FOTO)",sport
926,Dupla kruna za Španović na prvenstvu Srbije - posle troskoka najbolja u skoku udalj,sport
927,Eparhija raško-prizrenska pozvala medije da prvo provere šta je istina,politika
928,Sutra jednočasovna obustava rada zaposlenih u nemačkoj fabrici MTU u Novoj Pazovi,ekonomija
929,"(VIDEO) Ješić udario na blokadere: Talibani, ne pišite idiotizme!",politika
930,Nova ekonomija saznaje: Koliko će koštati sat na Trgu republike?,ekonomija
931,Ovo se ne pamti - Olga Danilović uradila nešto što svet nije video decenijama,sport
932,Gabrijele Proćida novi košarkaš Real Madrida,sport
933,Plate rastu,ekonomija
934,Vučić razgovarao sa predstavnicima kompanije Huawei o jačanju digitalne infrastrukture u Srbiji,ekonomija
935,Autogol  ,sport
936,JP Putevi Srbije: Sutra zatvorene saobraćajne trake na Gazeli od 5 do 11 sati,ekonomija
937,"Bolesnici i nakaze seire što se ministru Glišiću bore za život: Izdrži legendo, jahanje tek sledi (FOTO/VIDEO)",politika
938,Povremeni reprezentativac Srbije Erhan Mašović kolabirao na terenu,sport
939,Crnogorski klub suspendovan iz evropskih takmičenja na deset godina zbog nameštanja utakmica Lige konferencija,sport
940,Svetske berze: Bliski istok i Fed (zasad) nisu uzburkali Volstrit,ekonomija
941,Pokrenuta platforma „Podrži lokalno“ za jačanje domaćih proizvođača i povoljnije cene za potrošače,ekonomija
942,Zvezda fotkom zapalila navijače: Da li ovo znači da je Tadić stigao na Marakanu!? (FOTO),sport
943,Odbornici kragujevačke skupštine o Vučićevim tvrdnjama o proizvodnji automobila: Kolika je stvarno plata u Stelantisu?,ekonomija
944,Napad na delegaciju Novog Pazara se nije desio! Brutalan odgovor Jagjelonije,sport
945,Nova ekonomija: Manifestacija Beogradsko leto košta 600.000 evra bez PDV-a,ekonomija
946,"Kako su izgledali večerašnji zborovi i protesti u Beogradu, Novom Sadu i Zaječaru?",politika
947,Novi ustav,politika
948,"Vučić o rektoru Đokiću: Olajava sopstvenu državu, a plata mu ne smeta",politika
949,(VIDEO) Šešelj o Momirovićevom hapšenju: Odmetnuti tužioci procesuiraju po političkoj liniji,politika
950,"Bivši šampion Vimbldona ljut zbog toga što Sinera i Švjontek nazivaju prevarantima: Nisu dopingovani, samo su malo privilegovani",sport
951,"Nesuđeni srpski reprezentativac mora na operaciju - Zadobio tešku povredu, baš nema sreće",sport
952,"Ne tražimo tuđe i ne damo svoje! Vučić sumirao nedelju za nama: ""Ništa ne može da izbriše ljubav prema Srbiji"" (VIDEO)",politika
953,"ABA liga objavila sastave grupa, Partizan i Zvezda razdvojeni",sport
954,"Đorđe Bulić kakvog ne poznajete: Većnik za sport GO Čukarica o politici, sportu, ali i humanitarnom angažovanju (FOTO)",politika
955,Cena skače svakog dana: Da li ste već uložili u Coinbase?,ekonomija
956,Poznati mogući protivnici poraženog iz dvomeča Crvena zvezda – Leh,sport
957,Food Prices Climb as Supply Chains Remain Disrupted,sport
958,"Leoni zatvara fabriku u Malošištu do kraja 2025, oko 1.900 radnika ostaje bez posla",ekonomija
959,Fudbaler životno ugrožen posle udara groma tokom utakmice u okolini Loznice,sport
960,Kritika vlade,politika
961,Efektiva: Alta banka preuzela i potraživanja Univerzal banke u stečaju,ekonomija
962,"SRCE: Brnabić zaslužuje ignorisanje, a ne pohvale ODIHR",politika
963,Bednik - Hrvat kog je Vojvodina oterala opet slavi ubijanje i klanje Srba,sport
964,"Luksemburg pronašao aflatoksin u proizvodu iz Srbije, rizik po zdravlje označen kao ozbiljan",ekonomija
965,Šta Rada Trajković kaže o novim saznanjima o Radoičiću i postupku za ubistvo Olivera Ivanovića?,politika
966,Odložene sankcije NIS-u za još 30 dana,ekonomija
967,Kako je Jago došao u Zvezdu? Neće verovati ko je imao presudni uticaj na Brazilca,sport
968,Ukinut zakon  ,politika
969,Šta EPS kaže o tome što će plaćanje struje ići preko računa Alta banke?,ekonomija
970,"Trk po karte - U petak počinje prodaja ulaznica za meč Srbije i Engleske, za prvih 100 kupaca iznenađenje",sport
971,Odbojka: Juniorke Srbije pobedile Portoriko na startu SP u Indoneziji,sport
972,"Istraživanje NSPM: Definitivno više građana protiv Vučića nego za, razlika desetak procenata",politika
973,Peto pojačanje: Dubai doveo i proverenog evroligaškog centra,sport
974,"Identifikovani ekstremisti: Šest policajaca povređeno u Novom Pazaru, huligani najavljuju još veći haos! (VIDEO)",politika
975,Napravili su veću štetu nego ratovi: Profesor Antić o blokaderskom ludilu koje nema kraja (VIDEO),politika
976,"Udavićemo se u smeću zbog blokadera! Do juče blokirali jer nema rešenja, danas protestuju jer rešenje stiže (FOTO)",politika
977,Zašto je odluka o projektu Jadar doneta bez obrazloženja?,ekonomija
978,"Pajtić predvodi divljake u Novom Sadu, jajima zasuli prostorije SNS: Blokaderi u ""lovu na veštice"" u Užicu, krenuli i u linč studenata u Pionirskom parku (VIDEO)",politika
979,Opozicione stranke se ogradile od delovanja profila Subotica protiv nasilja,politika
980,"""Ćute jer im treba Hrvatska kao pesnica protiv Srbije""! Vučić o Tompsonovom koncertu u Sinju: I decu uče da slave nacizam",politika
981,"Građani i dalje ispred Skupštine Zaječara, konstitutivna sednica ne počinje",politika
982,Blagojević: Hibernijan je favorit,sport
983,Zdravko Ponoš: BIA organizovala upad na univerzitet u Novom Pazaru,politika
984,Jovanović (CLS): Ovakav budžetski deficit gura Beograd u finansijsku katastrofu i na ivicu bankrota,ekonomija
985,Mi glas iz naroda u saradnji sa MSP podneo predlog Rezolucije o genocidu u Jasenovcu,politika
986,Interfaks: Rusija i Srbija potpisuju plan za razvoj turizma,ekonomija
987,Scientists Develop Lab-Grown Meat With Real Texture,sport
988,Odbojkaški spektakl na pesku: Turnir u Somboru ponovo opravdao očekivanja (AUDIO),sport
989,Voćari u okolini Merošine očekuju otkupnu cenu višanja od najmanje 200 dinara za kilogram,ekonomija
990,"Brutalan početak Srbije! ""Orlovi"" deklasirali Bosnu i Hercegovinu u Beogradu",sport
991,Cene nafte u porastu zbog izraelsko-iranskog sukoba,ekonomija
992,Vučić najavio da će u petak u Srbiji poskupeti gorivo ako sve ostane isto na Bliskom istoku,ekonomija
993,SRCE traži odgovore gradskih vlasti Zaječara o privatnom obezbeđenju na sednici lokalne skupštine,politika
994,Miomir Kecmanović poražen na startu turnira u Vašingtonu,sport
995,"Nezaposlenost u prvom tromesečju 9,1 odsto",ekonomija
996,"Partizanova deca oduševila navijače: Milina za gledanje, rapsodija Srđanovih beba",sport
997,Svađom preknuta monotonija: Posvađali se poslanik i poslanica Skupštine Kosova,politika
998,Krankenhäuser fordern mehr Geld vom Bund  ,politika
999,SSP: Ako Dačić govori istinu i ako su Vučić i on zaista prevareni – odmah da podnesu ostavke,politika
1000,Na  prirodnom izvoru snage: VODAVODA i Košarkaški savez Srbije nastavljaju saradnju,sport
1001,Objavljene nove cene goriva koje će važiti do 1. avgusta,ekonomija
1002,"Šapić o novim tramvajima, „nevidljivom“ satu i trotoarima: Zatvaramo Terazije u avgustu zbog radova",ekonomija
1003,RATEL upozorio na prevaru preko SMS poruka,ekonomija
1004,Kurtijev teror se nastavlja: Igoru Popoviću odbijena žalba na pritvor od 30 dana,politika
1005,"Kurti: Srbija nastavlja napore za destabilizaciju Kosova, uspešno se suprotstavljamo",politika
1006,Ana Brnabić o blokaderskom pohodu na kuću njenog brata: Jedna televizija uživo prenosi i promoviše fašističko divljanje (VIDEO),politika
1007,Mladi prkose vlasti i izaći će na izbore: Istraživanje pokazuje da je više od 90 odsto njih spremno na to,politika
1008,Loš kvalitet vode odložio trke na otvorenom na Svetskom prvenstvu u Singapuru,sport
1009,Inspekcija Ministarstva poljoprivrede počela kontrolu primene uredbe o palminom ulju,ekonomija
1010,"BIA uhapsila bivšeg pripadnika OVK, zvaničnici za sad ćute",politika
1011,"(VIDEO) Brazilac ošamario igrača Partizana: Žestok sukob u Humskoj, Ukrajinci besni zbog debakla",sport
1012,Tuga do neba: Golmanu Bajerna preminuo sin (6),sport
1013,"Au, kakva prozivka: Barsa skandalozno udarila na Modrića, Hrvat odmah ohladio Katalonce",sport
1014,Pakleni žreb za Zvezdu: Ako izbaci Poljake srpskog šampiona čeka još teži rival,sport
1015,"Vučić najavio: Deo Dunavskog koridora do novembra, ostaje još osam kilometara",ekonomija
1016,"Ministarstvo pravde: Priština zloupotrebljava pravosuđe, trojica Srba osuđena bez dokaza",politika
1017,Počela sednica Skupštine Vojvodine: Policija ispred ulaza u zgradu,politika
1018,"(VIDEO) Kako da ne volite ove momke... Novi izazov ""orlova"" će vas zasmejati do suza",sport
1019,Fric i Šelton u polufinalu Mastersa u Torontu,sport
1020,Tramp najavljuje drastične carine na farmaceutske proizvode do 250 odsto,ekonomija
1021,Ko će moći da leti sa aerodroma u Kragujevcu?,ekonomija
1022,„Samo za deo koji se nije urušio“: Odabrana firma za proveru stabilnost Železničke stanice u Novom Sadu,ekonomija
1023,"Incidenti po završetku utakmice u Humskoj, sudija podelio četiri crvena kartona: Partizan bez golmana Miloševića protiv Aleksandrije",sport
1024,Rekordhitze: Experten warnen vor Hitzewellen im Sommer  ,politika
1025,Iznenada preminuo legendarni kapiten Porta Žorže Košta (53),sport
1026,Koje su cene ulaznica na bazene u Beogradu?,ekonomija
1027,Angelina Topić osvojila zlato na Evropskom prvenstvu U23,sport
1028,(VIDEO) Opasno: Nova S lažima pali Pazar i Rašku oblast!,politika
1029,"Tonino Picula slavi progon Srba: EU ćuti, austrijska opozicija reaguje",politika
1030,Žreb za nevericu: Partizan saznao ime mogućeg rivala u plej-ofu za Ligu konferencije,sport
1031,Skandal nad skandalima: Blokaderi odbili da podrže podizanje spomenika za 16 žrtava pada nadstrešnice!,politika
1032,Devizni kurs: Dinar će sutra prema evru vredeti isto kao pre mesec dana,ekonomija
1033,Crvena zvezda još jednom u UEFA žrebu: Poznata dva moguća protivnika i u manje atraktivnom takmičenju,sport
1034,"""Ovakve parole ni Hitler nije imao"": Brnabić šokirana grafitima u zgradi SKC (FOTO)",politika
1035,Zvezdan Terzić impresioniran navijačima crno-belih: Vidim neku novu energiju u Partizanu,sport
1036,"""Nekoliko policajaca je teže povređeno"": Direktor policije o haosu u Novom Pazaru",politika
1037,Novi šampion,sport
1038,Tramp izviždan dok je uručivao pehare posle finalne utakmice Svetskog prvenstva za klubove (VIDEO),sport
1039,Novi DSS o izjavi „prevarenog Dačića“,politika
1040,"„Udavija se niška vlast u taj akva park“: Da li je korupcija kriva za još nezavršeni, a preskupi kompleks?",ekonomija
1041,Loši vremenski uslovi uticali na smanjen rod šljive i ostalog voća,ekonomija
1042,(VIDEO) Udarci ispod pojasa! Zukorlić plaši Bošnjake u Srbiji da će proći kao Srbi na severu KiM,politika
1043,Ministarstvo: Jagode sa formentatom poreklom iz Albanije,ekonomija
1044,“Orlići” pobedili Španiju i plasirali se u polufinale Evrobasketa za igrače do 20 godina,sport
1045,Da se telegram uvrsti u dokazni materijal i da se saslušaju Milošević i Bojović! Advokat Aleksić se obratio VJT u Novom Sadu,politika
1046,Golman briljira !!!!,sport
1047,"""Crvena furija"" pala na kolena: Ovako je Portugal ""spustio"" Španiju pred Evrobasket (VIDEO)",sport
1048,Pobeda Zvezde na Gibraltaru za miran revanš,sport
1049,Srbija ne prihvata presudu protiv Dodika: Može li trpeti posledice i očekuju li se konkretniji koraci „savitljivog Vučića“?,politika
1050,Advokati menjaju tarifu: Koliko će biti skuplje usluge?,ekonomija
1051,„Dosta je bilo“: Ademola Lukman optužio Atalantu za prekršeni dogovor,sport
1052,"""Klasičan politički proces!"" Oglasio se advokat Tomislava Momirovića: Uhapšen je u 8 ujutru, a saslušan tek u ponoć",politika
1053,"Ministarstvo tvrdi da je otvoreno za dijalog, deo poljoprivrednika preti blokadama",ekonomija
1054,Tabaković: Marže banaka da budu manje za građane sa nižim primanjima,ekonomija
1055,(FOTO) Bezdušnici! Ispitivali Vesića dok se u bolničkoj sobi bori za život!,politika
1056,Trifunović se vraća u Evroligu? Sezona u Tofašu ga dobro prodala,sport
1057,Da li je 50 pokušaja konstituisanja i pola godine dovoljno da Kosovo dobije Skupštinu i Vladu?,politika
1058,"Sram vas, bre, bilo! Blokaderi sa Bogoslovije odbijaju da odaju počast žrtvama Oluje i Jasenovca ""da ne bi uznemirili Hrvate""",politika
1059,"Neočekivani odlazak sa ""Marakane"", Zvezda dobija 4.000.000 evra",sport
1060,Evropska komisija kaznila kompanije za dostavu,ekonomija
1061,Mlada košarkaška reprezentacija Srbije bez plasmana u finale Evropskog prvenstva,sport
1062,"Forbs: Obustavljen tender, niko nije podneo ponudu da ispita stanje železničke stanice u Novom Sadu",ekonomija
1063,"Kakva šteta - Barna posustao u samom finišu, medalja mu izmakla ""za dlaku""",sport
1064,Leh ne čeka ni minut: Poljaci odmah zatražili odlaganje meča pred duel sa Zvezdom,sport
1065,Kao da je u Srbiji zabranjeno da se piše o meni... Lalatović u svom stilu posle ispadanja iz Evrope - Videli smo ko je ispao i kako,sport
1066,"Željko Veselinović razobličio blokaderskog lažova Gorana Markovića: Ti si u penziji, nisi mogao da dobiješ otkaz",politika
1067,"Nebojša Bakarec: Tonino Picula, ratni zločinac?",politika
1068,Ministarstvo spoljnih poslova osudilo puštanje pesme koja veliča ustaške zločine pred Tompsonov koncert u Sinju,politika
1069,Novi DSS: Vlast udar na kriminal predstavlja kao udar na državu,politika
1070,Loni Voker se vratio u Evroligu,sport
1071,Kolumna Dragutina Matanovića: Da ne zaboravimo zločine počinjene u Kravici i Bratuncu,politika
1072,Koliko košta servis klima uređaja?,ekonomija
1073,"Srednji kurs dinara za evro 117,1718 dinara",ekonomija
1074,EKSKLUZIVNO! Milutin Milošević telegramom naredio da se puste u rad pruga i železnička stanica u Novom Sadu (FOTO),politika
1075,U Bajernu se nadaju da će se Musijala vratiti na teren do kraja godine,sport
1076,Vlatko Čančar novo pojačanje Armanija,sport
1077,"Paunović: Birački spiskovi mogu biti revidirani za redovne, ali teško za vanredne izbore",politika
1078,„Ne može se biti izaslanik Evropskog parlamenta sa automatskom puškom u ruci“: Dragan Đilas oštro o Toninu Piculi,politika
1079,"Igor Popović priznao krivicu, kosovsko Tužilaštvo podiglo optužnicu",politika
1080,"Vaterpolista Nemanja Vico: Naša je želja da igramo finale, imamo pravo na optimizam",sport
1081,Ministarka Macura osudila okupljanje građana ispred kuće premijera Đura Macuta,politika
1082,"Profit Telekoma se stropoštao, dug skočio na više od tri milijarde evra",ekonomija
1083,Teniserka Tara Mur suspendovana na četiri godine zbog dopinga,sport
1084,"Vučić o incidentima u Novom Pazaru: Bilo je manje grešaka u policiji, više u BIA",politika
1085,"Murinjo ne računa na srpskog fudbalera, iako je zimus plaćen 6,7 miliona evra",sport
1086,Dok svi gledaju Đokovića – pametni investitori kupuju ovu akciju,ekonomija
1087,Identifikovani huligani koji su demolirali prostorije SNS: Oglasio se MUP o nasilju blokadera u Zemunu,politika
1088,Terzić o žrebu plej-ofa kvalifikacija za LŠ: Dobili smo najtežeg mogućeg protivnika,sport
1089,"Brat Nikole Jokića postao zvezda Letnje NBA lige: “Mogao bi Denver da pruži Strahinji priliku, barem jednu sezonu”",sport
1090,CLS: Država nabavlja 100 elektrobusa za EXPO bez tendera,ekonomija
1091,Predsednici opština u Beogradu imaju veće plate od nekih ministara: Ko prednjači?,ekonomija
1092,"(VIDEO) Blokaderi, jeste li ponosni na svog ideologa? Bartulica poručio: Treba da slavimo dane kad su proterani i ubijani Srbi!",politika
1093,Bundestag debattiert über Wahlrechtsreform  ,politika
1094,Đorđe Vukadinović: Ne treba biti Ajnštajn pa zaključiti da se Vučić nudi NATO kako bi opstao na vlasti,politika
1095,Skupština opštine Orahovac usvojila odluku: Igor Popović persona non grata,politika
1096,"Bagra neviđena! Aleksićev potrčko divlja po Zaječaru, Đuričković izazvao tuču - uhapšeno nekoliko blokadera (VIDEO)",politika
1097,"Ministar Lončar o stanju Darka Glišića: Bez svesti dovezen, izuzetno je teško!",politika
1098,Za kablove Nacionalnog stadiona 302 miliona iz budžetske rezerve,ekonomija
1099,"Veleobrt: Ništa od Španije, Jović ide kod bivšeg trenera Partizana",sport
1100,"Kancelarija za Kosovo i Metohiju: Godišnjica ubistva srpskih žetelaca, počinioci na slobodi",politika
1101,Američki tečni gas će u Ukrajinu ići Transbalkanskim gasovodom,ekonomija
1102,Ministarka Sofronijević sa MMF-om: Zbog pada nadstrešnice u Novom Sadu usporeni mnogi projekti,ekonomija
1103,"EU priprema odgovor na Trampove carine, na meti američki automobili, avioni – burbon",ekonomija
1104,"Brutalno ponizili Vlahovića: Juventus ga ponudio Mančesteru, pa dobio neočekivan odgovor",sport
1105,"Srbi misle da su izuzetni, ali geopolitički marginalizovani: Šta je još pokazalo istraživanje BCBP?",politika
1106,Zbor Starog grada traži da BIE sprovede kontrolu EXPO-a,ekonomija
1107,Kako se kreću cene ogreva i kada je pravo vreme za kupovinu?,ekonomija
1108,„Vučić se sklupčao kao jež“: Luksemburški mediji o tome kako se predsednik Srbije uplašio pada sa vlasti,politika
1109,Infrastruktura železnice izabrala firmu koja će proveriti stabilnost Železničke stanice u Novom Sadu,ekonomija
1110,Sijarto: Mercedes gradi najveću fabriku automobila u Mađarskoj,ekonomija
1111,Piper raskrinkao vezu Nenadića za opozicionim medijima: Koordinacija na dnevnoj bazi...,politika
1112,Famed Author Releases Sequel After 20-Year Hiatus,sport
1113,Ubedljiva pobeda Srbije u prvoj kontrolnoj utakmici pred Evropsko prvenstvo,sport
1114,Državni udar u režiji Nenadića: Tužilac naredio da ovih 12 ljudi bude odmah uhapšeno,politika
1115,Poznat sastav Zvezde za Leh: Veliko iznenađenje Vladana Milojevića (FOTO),sport
1116,EU to Ban Sale of Diesel Cars by 2030,politika
1117,Zvezdin legendarni stranac odbio ponudu iz Saudijske Arabije i nastavlja karijeru u turskom drugoligašu,sport
1118,Ekonomisti zabrinuti  ,ekonomija
1119,Bratislav Gašić: Rado ću KRIK-u prodati imovinu za 23 miliona evra,ekonomija
1120,Ko je Jasmina Čolak? Karika u sistemu kontrolisane istine i zaštite tužilaca preko Šolakovih medija,politika
1121,"Oglasio se Dačić o Dodiku, dao izjavu Srni",politika
1122,"Srozavanje inteligencije ljudi uživo na N1! Matori ljudi skaču uz povike - ""Ko ne skače, taj je ćaci"" i ""Pumpaj"" (VIDEO)",politika
1123,"Al Hilal dobio ponudu za Mitrovića, reprezentativac Srbije mogao bi da se vrati u Englesku",sport
1124,(VIDEO) Sodoma i Gomora! I ovi sebe smatraju elitom?! Da nije tužno - bilo bi smešno!,politika
1125,„Od TC Ušće do kružnog toka kod opštine“: CLS tvrdi da vlasti planiraju da prošire Bulevar Mihajla Pupina,ekonomija
1126,Milićević na stolu drži sliku Nenada Stefanovića: Jedan od urednika Nova S opsednut tužiocem,politika
1127,Putevi Srbije reaguju na objave na društvenim mrežama u vezi sa novom deonicom auto-puta,ekonomija
1128,Miloš Vučević: SPS greši ako misli da će moći da se predstavi kao treći put,politika
1129,Diplomatski susret  ,politika
1130,Prosečna cena polovnih automobila starosti do 20 godina u junu 12.047 evra,ekonomija
1131,(VIDEO) Kriv sam i Bakiću i Kusturici: Vučić odgovorio na napade sa obe strane političkog spektra,politika
1132,Bundeskanzler kündigt neue Klimaschutzmaßnahmen an  ,politika
1133,Blokaderska bruka i sramota: 30 lezilebovića zabranilo majci sa jednogodišnjim detetom da prođe (VIDEO),politika
1134,Škoti stižu u Beograd: 1.000 navijača Hibernijana u Humskoj (VIDEO),sport
1135,"Ova blokaderka je organizovala napade na kuće zvaničnika na Vračaru - Vladana Putnik Prica: ""Ja prevaspitavam""",politika
1136,"Sedam javnih preduzeća prelaze u DOO – nacionalni parkovi Đerdap i Fruška gora, Srbijavode, Srbijašume…",ekonomija
1137,Ustavni sud Kosova suspendovao odluku Vlade o nekoliko parcela u Gračanici,politika
1138,"Auu, pa šta je ovo? Piksijev ""orao"" dao gol, pa dobio crveni karton (VIDEO)",sport
1139,"Skupština Kosova ni danas nije konstituisana, nastavak sednice sutra u 14h",politika
1140,Jovanović: Svi veliki projekti u Beogradu zaustavljeni,ekonomija
1141,Retail Giant to Close Hundreds of Stores in Restructuring,ekonomija
1142,Radivoje Jovović ima poruku za Vučića,politika
1143,Počinje sezona velikih Zvezdinih evropskih očekivanja,sport
1144,"Rast industrijske proizvodnje u aprilu 2,3 odsto",ekonomija
1145,U Novom Sadu će biti podignut spomenik u blizini mesta pada nadstrešnice: Porodice kolektivno podržale,politika
1146,"Arnautović oduševio ""delije"": Moćna poruka Zvezdinog napadača posle trijumfa u Poljskoj (FOTO)",sport
1147,Od danas u podne put Požega-Pakovraće otvoren za sva vozila,ekonomija
1148,ASNS: Uprava Krušika progoni članicu odbora poverenika sindikata,ekonomija
1149,"Razuzdana Italijanka pozirala polugola - Voda lije niz bujne grudi i butine, muškarci lude (FOTO GALERIJA)",sport
1150,Isplivali svi detalji - Otkriveno zašto Zvezda više ne želi Tadića,sport
1151,"„Vučićeve mere za siromašne neće promeniti ništa, kao što nije promenio ni jeftin parizer“: Propaganda pred izbore ili stvarna briga?",ekonomija
1152,Ukrajina dobija još 500 miliona dolara od MMF-a,ekonomija
1153,"Ljajić poručuje da SDPS ne traži ništa osim poštovanja, a Zukorlić najavljuje obraćanje javnosti",politika
1154,Delegacija S.liste sa Sorensenom: Hitno zaustaviti institucionalno nasilje nad Srbima,politika
1155,Objavljene nove cene goriva koje će važiti do 13. juna,ekonomija
1156,Analitičar: Novi model rasta EU mora da se bavi i zaostajanjem Zapadnog Balkana,ekonomija
1157,Najnoviji bilans: 10 uhapšenih blokadera zbog divljanja u Pazaru,politika
1158,Juniori Srbije posle drame savladali Sloveniju i došli do 5. mesta na Evropskom prvenstvu,sport
1159,Italija i Brazil u polufinalu Lige nacija,sport
1160,"Skandal nad skandalima: Parandilović šuruje s Kurtijem, u Nišu organizovao tajni sastanak s njegovim ljudima",politika
1161,Olimpijska šampionka Laura Dalmajer poginula na planini u Pakistanu,sport
1162,"Blokaderi kreću u Novi Pazar gde divljaju islamisti: Zgubidani podržali ekstremiste i hoće ""da ih zaštite""",politika
1163,Partizan u Beogradu protiv Hibernijana traži zalet ka plej-ofu Lige konferencije,sport
1164,Kristofer Hil će bez plate da radi na jačanju veza Srbije i SAD?,politika
1165,Nema kraja maltretiranju: Šaka jada blokadera zagorčava život Beograđanima (VIDEO),politika
1166,Janik Siner oduševio Borisa Bekera: “Najvećeg protivnika gleda u ogledalu”,sport
1167,"Vest o vraćanju 12 tona zlata u zemlju stara četiri godine, ali otkriva još jedan primer Vučićevog mešanja u rad NBS",ekonomija
1168,"SRCE: Pošta u Aranđelovcu zatvorena zbog rekonstrukcije, svečano otvorena – 2017. godine",ekonomija
1169,Spoljni dug skoro 50 milijardi evra: Kome Srbija najviše duguje?,ekonomija
1170,"Sporazum PKS, Udruženja banaka Srbije i Udruženja osiguravača Srbije za jači finansijski sektor",ekonomija
1171,"Za kilogram jagoda, trešnji ili kupina spremiti jednog Vajferta: Mrazevi i suša prepolovili prinos voća",ekonomija
1172,Selektor Srbije Saša Nikitović uoči susreta protiv Belgije: To je dobar protivnik u osmini finala,sport
1173,Krofne krofne krooooooooofne,ekonomija
1174,"Licemerje bez granica: Tri prsta su problem, ali ustaški poklič ""za dom spremni"" može",politika
1175,Srbija parafirala ugovor o izbegavanju dvostrukog oporezivanja sa Nemačkom,ekonomija
1176,Poljoprivrednici računaju štetu od suše i očekuju pomoć od države,ekonomija
1177,Vučić najavio otvaranje fabrike namenske industrije u Zaječarskom okrugu,ekonomija
1178,"Cmizdri vam ustaška mama, a ne Vučić! Videćete u septembru kako izgleda vojska (FOTO)",politika
1179,"Macut: Sporazum o slobodnoj trgovini, novo poglavlje u odnosima Srbije i Egipta",ekonomija
1180,"Grad mora da isplati skoro 1,3 miliona dinara firmi zbog tendera za izvođenje radova na Bulevaru patrijarha Pavla",ekonomija
1181,Opozicioni nasilnik podržao islamiste u napadu protiv Srba: Funkcioner PSG ide sa Dinkovom ekipom u Novi Pazar da pali Srbiju (VIDEO),politika
1182,Rođendanski het-trik: Milošević sam nokautirao Oleksandriju (VIDEO),sport
1183,"Trener Partizana čestitao svojim mladim igračima uprkos porazu: AEK je iskusniji, iskoristili su naše greške",sport
1184,Dvojica Srba osuđena u Prištini zbog seksualnog nasilja tokom rata na Kosovu,politika
1185,ANS: Dosta terora blokaderske horde,politika
1186,Stelantis upozorio na zatvaranje fabrika jer ne ide prodaja električnih kombija,ekonomija
1187,Normalizovan saobraćaj na beogradskom aerodromu,ekonomija
1188,"Blagojević zagrmeo pred Hibernijan: Partizan nije favorit, pogledajte gde je Škotska, a gde Srbija",sport
1189,Prvo oglašavanje Lončara o Glišićevom stanju,politika
1190,"Novak Đoković izgubio 500 poena, izašla prva ATP lista posle Vimbldona",sport
1191,Vučić odgovorio na ključno pitanje: Otkrio da li je promenio stav o izborima,politika
1192,Novobeogradski vukovi osvojili titulu šampiona Srbije za igrače od 12 godina,sport
1193,Tači tvrdi da je nekadašnji čuvar u Pritvorskom centru u Ševeningenu postao tužilac u Hagu,politika
1194,Mali: Izmenom zakona o stanovima za mlade biće omogućeno da na svojoj zemlji sagrade kuću,ekonomija
1195,"Povređen gradski odbornik! Blokaderi pokazali svoje pravo lice: Nasilje, pretnje i psovke - za drugo ne znaju (VIDEO)",politika
1196,Crveno-beli nisu završili sa kupovinom u NBA - Na meti bivši Jokićev saigrač,sport
1197,Zašto Kurti vodi „rat protiv demokratije“?,politika
1198,Beograd od subote prestonica evropske košarke,sport
1199,Mlada košarkaška reprezentacija Srbije ostala bez medalje na Evropskom prvenstvu,sport
1200,(FOTO) Meloni nakon sastanka sa Vučićem: Imate punu podršku Italije,politika
1201,SSP: Macut vređa Knjaževčane,politika
1202,Breakthrough in Alzheimer’s Research Gives New Hope,ekonomija
1203,Kraj bajke Venus Vilijams na turniru u Vašingtonu,sport
1204,Fudbalerke Engleske odbranile titulu šampiona Evrope,sport
1205,"Kinezi znaju šta voli Nikola Jokić, odveli ga u konjsku štalu (VIDEO)",sport
1206,Jeftina provokacija Poljaka: Sportski direktor u dresu Partizana (FOTO),sport
1207,"Superliga Srbije: Čukarički pobedio IMT, a Vojvodina ekipu Spartaka",sport
1208,Šta Srbiji donosi sporazum o slobodnoj trgovini sa UAE?,ekonomija
1209,"Milton oduševio ""grobare"" zbog majice: Predsezonske vibracije (FOTO)",sport
1210,Pobeda zlata vredna - Evo šta je Zvezda zaradila za sebe i srpski fudbal posle trijumfa u Poljskoj,sport
1211,Povreda zvezde  ,sport
1212,"(FOTO) Uhvaćeni u vreloj akciji: Popularna pevačica i Jamal se vaćarili u klubu, pa u 4 ujutru nestali u nepoznatom pravcu",sport
1213,Presuda,politika
1214,Histerija u Kini: Nikola Jokić dobio konjsku glavu na poklon (VIDEO),sport
1215,Ministarstvo poljoprivrede: Od avgusta obavezno označavanje hrane sa palminim uljem,ekonomija
1216,"Sramota: Za blokadersku N1 ""Oluja"" je oslobodilačka akcija, Tuđman pomiritelj, a Srbi okupatori i genocidaši, sami krivi za progon (VIDEO)",politika
1217,Imlek tvrdi da neće smanjivati otkupnu cenu sirovog mleka za maj i jun,ekonomija
1218,Poskupljenje hrane ...,ekonomija
1219,Potpisan ugovor za gasifikaciju Kragujevca vredan 44 miliona evra,ekonomija
1220,„Pregovaramo sa Amerikom o carinama“: Vučić se nada rešenju,ekonomija
1221,Ivan Bulajić više nije na čelu „Srbijavoza“,ekonomija
1222,Zavišić: Na čelu nasilja i blokada u Novom Sadu i Novom Pazaru ideolozi separatizma u Srbiji,politika
1223,"Sarapa primio dve infuzije: Voditelju se slošilo zbog Glišića, ceo dan ne može da se smiri",politika
1224,Blagojević sumirao utiske na konferenciji: Želimo da ovaj talas da potraje više od evropskih utakmica,sport
1225,"Nikola Grbić u polufinalu Lige nacija sa Poljskom, sve je spremno za spektakl u subotu",sport
1226,"INTERVJU Svetislav Kostić, profesor Pravnog fakulteta: Tog dana, dana kad Vučić raspiše izbore, sve se neverovatno ubrzava",politika
1227,Mučki provokator Šaćiri i Albanci iz Škendije mogu na Zvezdu u plej-ofu Lige šampiona!,sport
1228,Ministarstvo rudarstva i energetike: Na jesen probni rad vetroparka „Kostolac“,ekonomija
1229,Mesarović: Rok za izgradnju fabrike vode u Idvoru 15 meseci,ekonomija
1230,Zbor Užice: Odlazak na adrese funkcionera ukazivanje na pojedince u sužbi kriminala,politika
1231,Kada kojoj grupi penzionera stiže novac u avgustu?,ekonomija
1232,Šta piše u pismu Si Đinpinga Vučiću?,politika
1233,"Hrvatu se smeje ceo svet -  Au šta je promašio, ljudi se hvataju za glavu, trljaju oči (VIDEO)",sport
1234,Fiskalna politika  ,ekonomija
1235,Gotovo - Golman napustio Crvenu zvezdu,sport
1236,Zvezdin rival puca po šavovima - Poljaci razapeli Leh pred utakmicu sa crveno-belima,sport
1237,I Rusi zainteresovani za nuklearku u Srbiji,ekonomija
1238,Vučić o presudi Dodiku: Srbija od 2008. godine nije bila u tako teškoj situaciji,politika
1239,Vučić se sastao sa Dodikom,politika
1240,Bruka i sramota! Dodiku oduzet mandat - udar na Srbiju i Republiku Srpsku,politika
1241,"Jerinić: Ekspo se ne gradi da bi trajao tri meseca, imaće vrednost i posle izložbe",ekonomija
1242,"Uvoz raste brže od izvoza, deficit uvećan za 30 odsto",ekonomija
1243,"U Humskoj počelo sa vređanjem Vučića i „ko ne skače, taj je ćaci“",sport
1244,"Vučić o izborima: Biće kad bude odgovaralo državi, a ja ljudima ne mogu da ponudim neku novu emociju, mogu samo rezultate",politika
1245,Olakšanje na tržištu nafte: Trampova najava o primirju ohladila cenu nafte za 10 dolara,ekonomija
1246,Kabengele novi košarkaš Dubaija,sport
1247,Koja novčanica se najviše falsifikovala u Srbiji u prvoj polovini ove godine?,ekonomija
1248,Mali u Osaki: U poslednjih 13 godina srpski izvoz u Japan porastao 20 puta,ekonomija
1249,Vučić hitno sazvao sednicu Saveta za nacionalnu bezbednost,politika
1250,Tabaković: Poslovni ambijent i ekonomska slika Srbije unapređeni prethodnih 13 godina,ekonomija
1251,"Psovali su srpsku majku i Isusa Hrista, sad im preti od 3 do 10 godina robije! Blokaderi ekstremisti kukaju na sav glas",politika
1252,Bez vrhunskog tenisa u Beogradu: „Nisu mogli da se obezbede uslovi za realizaciju ATP turnira“,sport
1253,„Nema igrokaza“: Šta kaže Đilas o hapšenjima zbog brze pruge Novi Sad-Kelebija?,politika
1254,"Stojković objasnio šta se desilo sa navijačima: Dudić nije dao, odmah je presekao",sport
1255,Zukorlić lažima udario na Srbiju! Vučić ga postavio na mesto (VIDEO),politika
1256,Nikola Lazetić podneo ostavku na mesto direktora mlađih selekcija FSS,sport
1257,"Popović (SSP): Srbija izgubila 3,8 milijardi evra na povećanju cena izgradnje autoputeva",ekonomija
1258,Stjepanović bez polufinala na 200 metara slobodnim stilom na Svetskom prvenstvu,sport
1259,FIBA pokrenula istragu o antialbanskom skandiranju na košarkaškoj utakmici u Kumanovu,sport
1260,Krunićeva u osmini finala dubla: Srpkinja i Kazahstanka ponizile rivalke u Montrealu,sport
1261,"Bez euforije u Poznanju: Navijači stižu na stadion, čekaju se ""delije"" da zagreju atmosferu (VIDEO)",sport
1262,Đilas (SSP): Vučić pre 30 godina zaprepastio svet nacističkom izjavom,politika
1263,„Cene skaču i kad vetar dune“: Zašto su poskupeli stanovi u Srbiji?,ekonomija
1264,"Mreže, rakete, top: Koja zaštita od grada je najefikasnija?",ekonomija
1265,"Ministar Đurić u Istanbulu: Srbija ne želi alternativu integracijama, ali želi jednak glas u EU",politika
1266,Innenminister warnt vor wachsender Cyberkriminalität  ,politika
1267,"Arnautović obišao stadion, izabrao broj, potpisao ugovor i poručio navijačima: „Došao sam da zajedno ispišemo istoriju“ (VIDEO)",sport
1268,Handelsblatt startet neue Serie zur Zukunft der Arbeit  ,politika
1269,EKSKLUZIVNI SNIMAK! Ovako je uhapšen mudžahedinski ekstremista u Novom Pazaru - uzvikivao Alahu akbar (VIDEO),politika
1270,Košarkaši Srbije pobedili Bosnu i Hercegovinu u prijateljskoj utakmici,sport
1271,Sa Hermes torbicom od 22.000 evra i Roleksom preko granice: Uprava carina poziva da se prijavi luksuzna roba,ekonomija
1272,"MMF: Pojačane političke tenzije mogle bi da ugroze poverenje potrošača i investitora, ali Srbija spremna da se nosi sa potencijalnim šokovima",ekonomija
1273,"Poznat sistem takmičenja u ABA ligi naredne sezone: Zna se sve, osim ono najvažnije",sport
1274,Kosta Nedeljković ponovo u Lajpcigu,sport
1275,"Terzić posle žreba: Zabranjujem pričanje o plej-ofu, fokus je samo na Lehu (VIDEO)",sport
1276,Sve će da pršti: Poznati svi parovi i raspored četvrtfinala Svetskog vaterpolo prvenstva,sport
1277,"Nije pevao himnu Austrije: Ko je Marko Arnautović, senzacionalno pojačanje Crvene zvezde?",sport
1278,Đorđević: Srbiju ne zanima Gaza,politika
1279,Zvezda spremila 30 miliona kruna za štopera?,sport
1280,Mehrheit der Deutschen befürwortet Homeoffice  ,ekonomija
1281,Sastav Partizana je tu: Ovo je tim koji ruši Hibernijan - povratak važnog igrača,sport
1282,Strpajte ga u zatvor! Blokader koji je objavio broj telefona Ane Brnabić prekršio sudsku meru,politika
1283,"Ustavni sud Kosova uvodi privremenu meru, zabranjuje svaku aktivnost poslanicima posle 27. jula",politika
1284,"""Niko ne može da proizvede građanske sukobe!"" Vučić: Dinko Gruhonjić je uništio živote nekim studentima",politika
1285,"„Dobrotvor, ikonopisac i travarka“: Ko je Dragica Nikolić, bivša prva dama Srbije?",politika
1286,Da li će Železnička stanica u Novom Sadu biti srušena ili rekonstruisana?,ekonomija
1287,"Kolarov, Kinezi, Grci: Ko će podići „grad u gradu“ na više od 600 hektara u blizini aerodroma",ekonomija
1288,"Stanković u ozbiljnom problemu... Uprava mu dala ultimatum, a raspored nije mogao da bude gori",sport
1289,"Čovek kog ""delije"" ne mogu očima da vide ostao bez kluba",sport
1290,Berić o duelu Jokića i Dončića: Umesto Arene – Hlebane ili Jarkovo na otvorenom,sport
1291,"Vaterpolisti Radničkog saznali imena rivala u Ligi šampiona, čeka se Novi Beograd",sport
1292,Deni Avdija: Reprezentacija Izraela je na prvom mestu u ovom trenutku,sport
1293,Panel diskusiju o naplati alimentacija i početku rada Alimentacionog fonda 16. avgusta u Beogradu,ekonomija
1294,"Denver potvrdio transfer, Nikola Jokić dobio odličnu zamenu",sport
1295,Neočekivan potez Poljaka - Fotografijom zapalili internet nekoliko sati pre meča sa Zvezdom (FOTO),sport
1296,Demijan Lilard se vratio na “mesto zločina”,sport
1297,Beograd ostaje: Javnost nezakonito isključena iz javne rasprave o planu za Nacionalni stadion,ekonomija
1298,(VIDEO) Nova S nije jedina! Na delu opšta kampanja antisrpskih medija i blokadera koji žele da izazovu sukobe u Raškoj!,politika
1299,Australijanac rekao Đokoviću da završi karijeru: Da sam njegova žena bio bih veoma ljut,sport
1300,Pa zar opet AEK? Partizan ide na starog znanca ako prođe Hibernijan,sport
1301,"Poreska policija upala kod poljoprivrednika iz Ašanje: „Hoće da nam unište posao, jer podržavamo studente“",ekonomija
1302,Nije to pitanje za mene... Radnički čeka novog trenera: Uprava ima rešenje,sport
1303,Kreditni rejting  ,ekonomija
1304,Vučić čestitao Dan rudara,ekonomija
1305,Horor u komšiluku - Poznati trener pronađen mrtav ispred stadiona,sport
1306,"Očitavanje brojila jednom u tri meseca: Brzopleta odluka EDS-a zbog propalih tendera, koja u praksi nije izvodljiva?",ekonomija
1307,"Ustaške orgije u Sinju: 150.000 ljudi urlalo uz Tompsona ""za dom spremni"", EU ćuti kao zalivena!",politika
1308,"Direktor policije ućutkao blokadere: Nikoga nismo gazili maricama, samo radimo svoj posao (VIDEO)",politika
1309,"„Srbija više nije država, Kurti se osilio“: Gde su Vučićevi vukovi kad Priština hapsi funkcionera Vlade Srbije?",politika
1310,Loša stvar za imidž tenisa: Osvajači u singlu na Vimbldonu su pali na doping testu u poslednjih godinu dana,sport
1311,"CRTA: U Zaječaru u biračkom spisku umrli, raseljeni, izbori zato ne odražavaju volju građana",politika
1312,INTERVJU Đorđe Vukadinović: Ne bi me iznenadilo da se Vučić opredeli za brze izbore,politika
1313,Pozvali SPO da napusti poslanički klub SNS,politika
1314,Šta su razlozi zbog kojih je Eparhija budimljansko-nikšićka odlikovala Vučića?,politika
1315,„Povećanje minimalca ima i politički prizvuk“: Država između zadržavanja birača i opstanka investitora,ekonomija
1316,Vlatko Čančar se i zvanično oprostio od Denvera,sport
1317,UDARNO! Smenjena Olivera Kovačević!,politika
1318,Zvezda pokazala koliko joj znači dolazak Arnautovića: Terzić vozio najveće letošnje pojačanje od aerodroma do stadiona,sport
1319,Sudijska greška  ,sport
1320,"Totalno ludilo gejeva! Predstavljaju se kao kvir osobe i sada prete državi: ""Rušimo vlast""",politika
1321,Hvalospev o Zvezdinom pojačanju: Prevazišao je sva očekivanja... Teško ćemo bez njega,sport
1322,Widespread Blackouts Hit Northeast After Snowstorm,sport
1323,Petrović (SSP): Zašto Nebojša Stefanović i dalje ima policijsko obezbeđenje?,politika
1324,"Stižu milioni na ""Marakanu"" - Crvena zvezda igra za ozbiljnu lovu",sport
1325,Pratipati: Akcije koje povećavaju tenzije sprečavaju SAD da produktivno sarađuju sa Prištinom,politika
1326,"Čist nacizam! Blokaderka Ana Mirković ponovo etiketira ljude, tvrdi da ""naprednjaci imaju određenu fizionomiju lica""",politika
1327,"Smanjenje broja oglasa za posao, ali i dalje se nude dobre plate za neka zanimanja",ekonomija
1328,Još jedan igrač odlazi iz Zvezde: Ovijedo platio dva miliona evra za Luku Ilića,sport
1329,"Šta će biti sa Nilikinom? Francuz odgovorio na pitanje koje zanima ""grobare""",sport
1330,Kad i gde možete da gledate meč vaterpolista Srbije u osmini finala Svetskog prvenstva?,sport
1331,Local Communities Rebuild After Devastating Floods,politika
1332,Račun Apoteka Beograd u blokadi već devet dana,ekonomija
1333,Amerika markira svoje pozicije: Danas sastanak Marka Đurića i Marka Rubija,politika
1334,Srbija razmatra dve opcije za razvoj nuklearne energije: Tradicionalna ili mali modularni reaktori,ekonomija
1335,Nova studija: Samo jedna zemlja proizvodi dovoljno hrane za sopstvene potrebe,ekonomija
1336,Hoće li Bojović uspeti da preuzme ceo Energoprojekt: U planu prodaja vrednih parcela i to povezanoj firmi,ekonomija
1337,"Zdravković: Privatizacija EPS-a bila bi šteta za državu, privredu i građane",ekonomija
1338,Reprezentacija Srbije u sedećoj odbojci osvojila četvrto mesto na EP u Mađarskoj,sport
1339,UN Issues Warning Over Rising Sea Levels,politika
1340,"Arnautović poslao moćnu poruku posle debija: ""Delije"" će ga još više obožavati (FOTO)",sport
1341,"Putin kao Vučić, ne zna za odmor",politika
1342,Hapšenje na Merdaru: BIA i MUP uhapsile Srbina iz Štrpca pod sumjom da je špijunirao za Albaniju,politika
1343,Politička presuda Dodiku: Otvorena vrata destabilizacije BiH i regiona,politika
1344,Čuveni Zeka se vratio u Partizan: Veliko pojačanje za crno-bele,sport
1345,Svetske berze: Indeks S&P 500 ponovo iznad 6.000 poena,ekonomija
1346,UHAPŠEN MUŠKARAC KOJI JE NAPAO BRANKU LAZIĆ! Brza reakcija naše policije (VIDEO),politika
1347,"Situacija u BiH postaje žarište neizvesnosti! Vučić o presudi Dodiku: ""Naša će politika biti da uvek budemo uz svoj narod i Republiku Srpsku""",politika
1348,"Liga nacija: Odbojkaši Poljske očitali lekciju Italiji, novi trofej za Nikolu Grbića",sport
1349,Kanadska kompanija tvrdi da je na korak od otvaranja: Dobija li Evropa prvi rudnik bora u Srbiji?,ekonomija
1350,Goran Vesić hitno operisan: Tokom noći primljen u bolnicu zbog jakih bolova,politika
1351,Vladimir Jelić pozvao manjinske stranke da napuste Vučićev reżim,politika
1352,Bivši poslodavci veruju: Nvora može da bude najbolji strelac Evrolige,sport
1353,Bivši as Partizana zadovoljan i pored poraza crno-belih od Kiprana: Velika promena u odnosu na ono što se dešavalo u proteklih nekoliko godina,sport
1354,"Evropski i američki berzanski indeksi rastu, u fokusu zarade kompanija i trgovina SAD",ekonomija
1355,"Čist rasizam! Opozicionar Vladan Slavković vređa pošten narod, a blokaderi su mu ""lepši deo društva"" (VIDEO)",politika
1356,"Navikavamo se na stresne situacije - Blagojevićev poziv ""grobarima"": Nadam se punim tribinama u četvrtak",sport
1357,Hollywood Actors Stage Walkout Over Contract Dispute,sport
1358,Najnovije informacije o stanju Darka Glišića: Operacija u toku!,politika
1359,Bolesnik bolesni! Sergej Trifunović je upravo objavio najgnusniji post o ministru Glišiću kome se bore za život,politika
1360,Gest vredan divljenja: Nakon utakmice fudbaleri Linkolna ostavili svlačionicu u perfektnom stanju,sport
1361,Mitrović (SSP): Za kolaps evropskih integracija Srbije krivi SNS i SPS,politika
1362,"Policija ispred Gradske kuće u Zaječaru, unutra maskirani ljudi: Kako izgleda konstitutivna sednica (VIDEO)",politika
1363,"Nove napetosti na Kosovu, očekuje se da uhapšeni Popović bude izveden pred sud",politika
1364,Najnovije informacije o stanju Darka Glišića,politika
1365,"Oglasila se Ana Brnabić povodom godišnjice ""Oluje"": Sećamo se patnje 250.000 Srba prognanih iz svojih vekovnih ognjišta",politika
1366,"Tako je, bre! Kakav meč u Poznanju: Zvezda jednom nogom u plej-ofu Lige šampiona",sport
1367,"Zvezda kompletirala tim za Evroligu - Ovo su glavni igrači, ostala još jedna dilema (FOTO)",sport
1368,"Šatori, trgovinski ratovi i 50 tona zlata u rezervama",ekonomija
1369,Vučić objavio sliku sa Simanićem: Kad stanem uz Borišu najbolje se vidi koliko sam nizak,sport
1370,Legendarni Španac nema dilemu: Sa Jokićem i Pešićem... Srbija je favorit na EP,sport
1371,Sofronijević: Deonicom Pakovraće-Požega prošlo oko pola miliona vozila,ekonomija
1372,Tržište na ivici eksplozije: Netflix uskoro objavljuje rezultate – da li ste spremni da zaradite?,ekonomija
1373,"Nova.rs objavila snimak tuče ispred Marakane koji MUP „krije”: Policajci beže, padaju jedni preko drugih, navijači ih tuku",sport
1374,Zvezda se sprema za Evroligu - Otkriveno ko su rivali,sport
1375,"Javna rasprava o širenju Beograda na vodi: Rušenje objekata na terazijskom grebenu, osvajanje novobeogradske obale",ekonomija
1376,"Sastanak sa ambasadorima Rusije i Kine, Đurić kaže da dijalog sa Prištinom trenutno nije moguć",politika
1377,Zoran Terzić odredio spisak od 18 odbojkašica pred pripreme za Svetsko prvenstvo,sport
1378,“Jokić hteo da se odrekne 300 miliona dolara zbog konja”: Bivši saigrač otkrio neverovatne detalje,sport
1379,"Izašla je nova ATP lista, pogledajte trenutno stanje i da li je bilo promena",sport
1380,"Radnik pao sa skele na gradilištu u Ulici vojvode Stepe, prevezen u Urgentni centar",ekonomija
1381,Deutscher Export überschreitet erstmals die Billionengrenze  ,ekonomija
1382,Agon Maljići oštro reagovao na proglašenje Pravoslavne crkve Kosova,politika
1383,CRTA: Sprečiti „uvoz glasača“ u Srbiju: Ključno je prebivalište,politika
1384,Tuga: Preminuo poznati šampion,sport
1385,"Portal Eualive: Srbija se vraća u energetsku zavisnost od Rusije, a EU okreće glavu",ekonomija
1386,Utešan trijumf juniora Srbije na Evropskom prvenstvu,sport
1387,Ustavne promene  ,politika
1388,"Mali trošak, velika ušteda: Zašto je putno osiguranje neizostavan deo letovanja?",ekonomija
1389,U očekivanju milion putnika u avgustu: Beogradski aerodrom tvrdi da je spreman za sezonske gužve,ekonomija
1390,247365021 aaaaaa aaaaaaaaaaaaaaaaaaaaaa,sport
1391,"Povratak otpisanog: Ko je Zoran Mirković, novi selektor mlade fudbalske reprezentacije Srbije?",sport
1392,Sajberpretnja: Ukradeno 16 milijardi lozinki za korisničke naloge,ekonomija
1393,A koga nema na spisku Svetislava Pešića pred Evropsko prvenstvo?,sport
1394,Srbin na ceni - Panatinaikos dobio višemilionsku ponudu za Maksimovića,sport
1395,"Ponoš sinoć upozorio: Od jutros KBS na severu Kosova, Kurtijeva stranka se pohvalila – tu su „prvi put kao vojska“",politika
1396,Ekonomski pad  ,ekonomija
1397,Lider tabele  ,sport
1398,Er Srbija oborila rekord po broju putnika u jednom danu,ekonomija
1399,"Đilas o Macutovom obeležavanju sto dana Vlade: Poverovao si Vučiću da ćeš zaista biti premijer, ni u Nacionalni dnevnik te ne puštaju",politika
1400,"""Rafalna paljba"" u Poznanju: Duarte dao 3. gol za Zvezdu (VIDEO)",sport
1401,"Radar: Izgradnja pruge preko Mosta na Adi plaćena 18,7 miliona evra",ekonomija
1402,Čobani: Stadion Fenerbahčea dobio novo ime - Svake godine po 10 miliona,sport
1403,"Totalni preokret - Podrhtava Amerika, Jokić i Denver se ne šale",sport
1404,Preminula legenda italijanske košarke,sport
1405,Andrej Barna u polufinalu trke na 50 metara slobodno na SP najboljim rezultatom u kvalifikacijama,sport
1406,Tramp najavio carine od 35 odsto za uvoz iz Srbije,ekonomija
1407,"Na stadionu u Humskoj puštena pesma navijača Zvezde, Partizan se odmah oglasio: “Sabotaža, podnećemo tužbu”",sport
1408,Deo opozicije osudio napad na Ivana Rakića iz SSP,politika
1409,Vrste i primena građevinskih skela,ekonomija
1410,Skupština izabrala novog predsednika Saveta Državne revizorske institucije,ekonomija
1411,Misija Srbije pri UN: Nijedna demokratija ne toleriše proteste ili pokušaje destabilizacije,politika
1412,“Jokić će igrati za reprezentaciju na Evropskom prvenstvu”: Američki novinar “otkrio tajnu”,sport
1413,Venus Vilijams se vraća na teren na turniru u Vašingtonu,sport
1414,Inflacija opet iznad granice cilja: Da li cene ponovo izmiču kontroli?,ekonomija
1415,Sve manje frilensera u Jugoistočnoj Evropi: Kakva je situacija u Srbiji?,ekonomija
1416,EU odobrila Srbiji 240 miliona evra – bespovratno,politika
1417,EXPO preduzeća ugovorila poslove vredne 300 miliona evra mimo Zakona o javnim nabavkama,ekonomija
1418,Uhapšen muškarac na Merdaru zbog sumnje da je špijunirao za Albaniju,politika
1419,Direktor Infrastrukture železnice Srbije: Stanica Prokop je bezbedna za korišćenje,ekonomija
1420,"Vrednost tržišta nepokretnosti prošle godine bila 7,4 milijarde evra, 15 odsto više nego 2023.",ekonomija
1421,Milojević o debiju Arnautovića i Radonjiću: Nenormalno mnogo vole Zvezdu,sport
1422,Ko stoji iza srpskih firmi koje Rusija optužuje za izvoz naoružanja u Ukrajinu?,ekonomija
1423,"Dodik neće biti uhapšen na teritoriji Srbije! Vučić o predsedniku Republike Srpske: ""Kod nas je dobrodošao, legitimno je izabran""",politika
1424,Wirtschaftswachstum übertrifft Erwartungen  ,ekonomija
1425,"U Bečićima počinje Regionalni samit guvernera, ministara finansija i direktora poreskih uprava",ekonomija
1426,"Novo ime na ""Marakani"": Zvezda iskeširala za krilo 4.000.000 evra",sport
1427,"Turistička organizacija Zlatibor: Bogat sadržaj tokom leta, očekuje se rekordan broj turista",ekonomija
1428,Evropski i američki berzanski indeksi u padu nakon Trampove objave novih carina,ekonomija
1429,Global Vaccination Rates Improve WHO Reports,ekonomija
1430,Janaf dobio novu licencu za nastavak transporta nafte u rafineriju Pančevo,ekonomija
1431,Novak Đoković se u Grčkoj ponovo susreo sa premijerom Micotakisom,sport
1432,Povlači se proizvod iz Pepka zbog hemijskog rizika,ekonomija
1433,„Ružan kraj ružne politike moralno ružnih političara“: Šta o zatvaranju fabrika u Srbiji misle stručnjaci?,ekonomija
1434,Tesline akcije pred eksplozijom! Evo zašto srpski investitori treba da deluju odmah,ekonomija
1435,Budžetski višak  ,ekonomija
1436,"Odjeknule reči Čede Jovanovića: Darko, neka ti se bar sada vrati za sve ono ljudsko što si uradio...",politika
1437,(OCENE) Krunićev doktorski rad u Poznanju - Zvezda pogodila sa Brazilcima: Babika je munja...,sport
1438,"Ne dao Bog nikome... Stojković emotivan nakon poraza: Kad već nisam bodove, odbrane posvećujem Feđi",sport
1439,Potpuni preokret na dan Zvezdine utakmice,sport
1440,Teniski turnir Belgrade open 2025 neće biti održan u Beogradu - nisu obezbeđeni uslovi,sport
1441,Da li studenti poručuju opoziciji da odustane od predstojećih izbora?,politika
1442,Benkvoč: Trošenje energetske pomoći EU na Zapadnom Balkanu netransparentno i bez opipljivih rezultata,ekonomija
1443,Zvanično: Velika želja Crvene zvezde ima novi klub (FOTO),sport
1444,Elšnik: Da budemo pametniji u sledećim utakmicama…,sport
1445,AI Startups Attract Record-Breaking Investments in 2025,ekonomija
1446,"""Ja neću ni klečati, ni puzati, ja ću se boriti"": Milorad Dodik najavio referendum, pa poslao moćnu poruku nakon što mu je oduzet mandat",politika
1447,"Ko je Davor Macura, vlasnik menjačnice, pa bankar preko koga plaćamo struju?",ekonomija
1448,Od 4. jula nove cene putarina u Srbiji,ekonomija
1449,"LSV: Neraspisivanjem izbora za Mesne zajednice, vlast drastično krši Evropsku povelju o lokalnoj samoupravi",politika
1450,RGZ se žalio ombudsmanu: Banke i javne institucije nezakonito maltretiraju građane i traže im da donesu listove nepokretnosti,ekonomija
1451,Poslednja deonica Dunavskog koridora biće završena do februara 2026.,ekonomija
1452,"Laži N1 stigle i do Beča! Hitno se oglasila FPO: Nije istina da Kraus podržava ustašku parolu ""Za dom spremni""",politika
1453,Orion telekom ukinuo N1,ekonomija
1454,Researchers Create Fully Recyclable Smartphone,ekonomija
1455,"Ko je ministar koji je doživeo moždani udar u TV programu: Darko Glišić, glavni operativac SNS",politika
1456,"Ekološki ustanak: Šume su nacionalno blago i moraju ostati pod apsolutnom kontrolom institucija, građana i lokalnih zajednica",politika
1457,Starović za APA: Srbija je spremna na veoma velike kompromise u dijalogu sa Kosovom,politika
1458,Jakovljević: Apel građanima da ne vrše plaćanja koja im se traže u lažnim SMS porukama,ekonomija
1459,"Đurić: Sastanak sa Rubijom protekao izvanredno, razgovarano o strateškom dijalogu",politika
1460,Tabaković: Povoljniji krediti za građane sa nižim primanjima,ekonomija
1461,"Tender pravljen po interesima proizvođača, pa tramvaji ne mogu kroz beogradske raskrsnice: Da li će se novi turski tramvaji pojaviti na ulicama?",ekonomija
1462,Objavljene nove cene goriva koje će važiti do 6. juna,ekonomija
1463,Miroslav Aleksić: Ne sme se dozvoliti da Vučić „ponovo igra na kartu podela“,politika
1464,Nemci skratili spisak pred Evrobasket: Tandem iz NBA preti Srbiji,sport
1465,"(FOTO) Malo neuredni?! Blokaderka je upravo dala najjeziviju izjavu o SKC: Šta bi bilo da su bili ""mnogo neuredni""",politika
1466,"Hronologija jednog naslova! Lom u Šolakovoj fabrici laži: Muljatori, provaljeni ste!",politika
1467,„Preoraćemo voćnjake“: Udruženje malinara Vilamet ogorčeno otkupnom cenom od 300 dinara po kilogramu,ekonomija
1468,Kritike opozicije  ,politika
1469,Svetske berze: Trgovinski sporazumi SAD i dobri rezultati Alfabeta,ekonomija
1470,Udarna vest: Vučić sazvao hitnu sednicu Saveta za nacionalnu bezbednost!,politika
1471,"Kako bi rast cene nafte mogao da utiče na cene goriva, inflaciju i kamatne stope u Srbiji?",ekonomija
1472,"Mali za RTS: Ekspo je Beograd i cela Srbija, ispunićemo obećanje o povećanju minimalca",ekonomija
1473,Još mesec dana bez sankcija za NIS,ekonomija
1474,Potpisan ugovor o izgradnji projekta Marina Dorćol,ekonomija
1475,Golčina  ,sport
1476,"""Delije"" u transu: Da li je ovo znak da bivši Jokićev saigrač dolazi u Zvezdu? (FOTO)",sport
1477,Nina Stojanović poražena na startu turnira u Pragu,sport
1478,Strela hoće da sprovede UPPR u Lasti,ekonomija
1479,"„Borovčanin samo jedno novo ime na sve dužoj listi“: Direktor preduzeća Ekspo odlazi dok radovi kasne, a izvršenje budžeta teče sporo",ekonomija
1480,"Tuča navijača Crvene zvezde i Žandarmerije: “Bijete narod za male pare, štitite lopove”",sport
1481,Advokat poznat po saradnji sa Sinišom Malim ponovo dobio posao za EXPO 2027,ekonomija
1482,Krediti za mlade „namešteni“ za prodaju zgrada građenih za EXPO?,ekonomija
1483,"PSG Novi Sad: Već pet meseci naši drugovi nepravedno su lišeni slobode, a šestoro aktivista je u izgnanstvu",politika
1484,Srpski plivač Andrej Barna šesti u disiplini 50 metara slobodno na Svetskom prvenstvu u Singapuru,sport
1485,Otac Predraga Koluvije prodaje konoplju preko firme Jovanjica Nova,ekonomija
1486,„Dečije boginje“: Ništa od zajedničkog nastupa Srba na severu Kosova u borbi protiv Srpske liste i Kurtija,politika
1487,Reprezentativac Srbije prešao u Aris: “Pridružujem se jednom od najvećih klubova u Grčkoj“,sport
1488,"(VIDEO) Inverzno-perverzno! Blokaderi psuju majku srpsku, a opozicija lešinari i krivi Vučića kako bi se dočepali vlasti!",politika
1489,Oglasili se iz kompanije koja je pustila Zvezdinu pesmu na Partizanovoj utakmici,sport
1490,Partizan ostaje bez pojačanja: Evroligaš zbog Zvezde otima centra crno-belima?,sport
1491,"Još jedna u nizu Đilasovih laži: ""Ana Brnabić izgovara da su studenti onanisali u SKC-u""",politika
1492,(FOTO) Blokader Milivojević stigao u Novi Pazar: Podržava ekstremiste i divljanje!,politika
1493,"Dao het-trik za 20. rođendan, pa oduševio ""grobare"": Ja častim, naravno!",sport
1494,Da li će plaćanje računa za struju preko Alta banke uticati na džep potrošača?,ekonomija
1495,Velimir Stjepanović bez plasmana u polufinale trke na 100 metara slobodnim stilom na Svetskom prvenstvu,sport
1496,"Sraman napad Ukrajinaca na Srbe: Navijači Dinama šire govor mržnje, ismevaju progon i ""Oluju"" (FOTO GALERIJA)",sport
1497,Danski maloprodajni lanac Flying Tiger otvara prve prodavnice u Srbiji u prvoj polovini 2026.,ekonomija
1498,"Skandal u Humskoj! Sa razglasa puštena Zvezdina pesma, ""grobari"" pobesneli! (VIDEO)",sport
1499,"Ljudi vole da gledaju Zvezdu i Partizan sa gomilom stranaca, a mi se pitamo gde su deca: Selektor juniora Srbije nezadovoljan posle petog mesta na Evropskom prvenstvu",sport
1500,Marinika Tepić za Danas o tome da li ćemo se suočiti sa otvorenom diktaturom,politika
1501,Kompanije izgubile milijarde zbog Trampovih carina,ekonomija
1502,Prosečan radni vek u Srbiji duži nego u mnogim državama EU,ekonomija
1503,Modrić: Spreman sam da ispunim očekivanja navijača u Milanu,sport
1504,Džastin Anderson novo pojačanje Dubaija,sport
1505,Blokaderi ne miruju: Napali prostorije SNS u Kuli,politika
1506,Poslanici DS-a zatražili posetu pritvorenima iz Kraljeva koji su osumnjičeni za nasilnu smenu vlasti,politika
1507,Vučić izrazio saučešće narodu Gane,politika
1508,Odbojkašice Srbije poražene od Turske u prijateljskom meču,sport
1509,"Ni mrtvi im nisu sveti! Blokaderi pravili haos u Kragujevcu, žena ih molila da odu zbog smrtnog slučaja, oni počeli da je psuju",politika
1510,"Dekan FDU Miloš Pavlović podučava studente kako da prevare državu: ""Dobićete potvrde od psihijatra da ne studirate""",politika
1511,"Ekspo je motor koji će pokrenuti razvoj Srbije, poručio je Vučić",politika
1512,Očekujem veći angažman pojedinih ministara: Vučić o 100 dana rada Vlade Srbije,politika
1513,"Skupština završila vanredno zasedanje, Gavrilović položio zakletvu kao predsednik Saveta DRI",ekonomija
1514,Žutu Olju smenio žuti Bujke! Urednici blokaderki sad kriv i Vučić,politika
1515,SKANDAL! Tompson priznao: Svi Hrvati su ustaše!,politika
1516,"'Grobari', oprez - U slučaju pirotehnike Partizanu preti prazan stadion",sport
1517,Arnautović sa suzama u očima: Obećao sam Siniši Mihajloviću da dolazim u Zvezdu (VIDEO),sport
1518,Bruka za kraj! Italijani usred Arene brutalno razbili Srbiju na Evrobasketu!,sport
1519,Zvezda htela da ukrade Jovića u poslednji čas - Marko Nikolić sve otkrio,sport
1520,"Vučić, Dodik i Porfirije obišli crkvu Blage Marije u Banstolu posvećenu žrtvama ""Oluje"": Naše žrtve nisu zaboravljene",politika
1521,Cicipas doneo ključnu odluku nakon raskida sa Ivaniševićem: Mnogi su ovo i očekivali,sport
1522,"Izmene posebnog zakona za EXPO: Objekti će biti korišteni bez upotrebne dozvole, uz posebno rešenje",ekonomija
1523,"Bivša dekanka Biološkog fakulteta: Umesto da postane neka vrsta turističke atrakcije, kome smeta tramvaj „Dvojka“?",ekonomija
1524,Turski investitor ulazi na srpsko OIE tržište: Potpisani ugovori za izgradnju dve solarne elektrane u Vojvodini,ekonomija
1525,Bravoooo - Olga Danilović u polufinalu mastersa u Montrealu,sport
1526,"Vodič za put na more kolima: Gde su najskuplje putarine, gde je najjeftinije gorivo?",ekonomija
1527,"Đedović Handanović: Potrebno oko 30 miliona evra za sprovođenje prve dve faze nuklearnog programa, u narednih pet do sedam godina",ekonomija
1528,Goran Trivan: Zvaničnici SPS-a ne brinu o ljudima koji žive od svog rada,politika
1529,Angelina Topić promenila disciplinu: Kao munja na 100 metara! Pobedila i u štafeti,sport
1530,"Mali: MMF predviđa dalji privredni rast Srbije, uprkos domaćim i globalnim izazovima",ekonomija
1531,"(VIDEO) Pesnice sevaju na sve strane - Isplivao novi snimak žestoke makljaže ""delija"" i policije",sport
1532,Blokaderski delirijum: Tužilački državni udar svalili na predsednika Vučića (FOTO),politika
1533,"Vučić u Banstolu obišao porodicu Radan koja je u ""Oluji"" proterana iz sela kod Knina",politika
1534,"Poljoprivrednici Stiga prekinuli protest, ministar Glamočić obećao razgovor o problemima u agraru",ekonomija
1535,Najbrojniji strani turisti u Srbiji u junu Turci i Kinezi,ekonomija
1536,Vlada pala  ,politika
1537,Priština traži potvrdu i objašnjenje od srpskih vlasti: Uhapšen muškarac u Srbiji zbog članstva u OVK,politika
1538,"Vučević: Ne možemo da ostanemo nemi na slavljenje Oluje, mi ćutimo kada se tuguje za Srebrenicom",politika
1539,SRCE: Inženjeri EDS-a odbili da očitavaju struju,ekonomija
1540,Predsednik Vučić najavio: Vreme odgovornosti dolazi! (VIDEO),politika
1541,„Katastar postao pekara u kojoj sve možete da kupite osim hleba“: Šta za građane znači to što RGZ više ne izdaje listove nepokretnosti?,ekonomija
1542,Samoopredeljenje potrošilo pola miliona evra,politika
1543,Putevi Srbije i Vučić objavili: Koliko vozila je prošlo novom deonicom auto-puta do Požege?,ekonomija
1544,"Kapiten Jakšić posle debakla Srbije u meču za treće mesto: To nismo mi, dva meseca smo bacili u vodu",sport
1545,Kako ekonomisti vide prvih 100 dana rada Vlade premijera Đura Macuta?,ekonomija
1546,"Milojević pobesneo posle Leha: Vređate mene, više vam neću odgovarati na takva pitanja!",sport
1547,Kad i gde možete da gledate vaterpolo meč Srbija – Mađarska u polufinalu Svetskog prvenstva?,sport
1548,"Upozorenje dva svetska lidera! Vučić: Razumeo sam, ali Srbija je suverena država, sami odlučujemo!",politika
1549,Vladimir Đukanović za podgoričku Borbu o blokaderima: Napadaju jakog lidera i samostalnu Srbiju,politika
1550,Kiks favorita  ,sport
1551,Milica Đurđević Stamenkovski preuzela predsedavanje Socioekonomskim savetom,ekonomija
1552,Andrej Barna se plasirao u finale Svetskog prvenstva u Singapuru,sport
1553,Vladeta Janković: Pred Vučićem su dve opasne alternative,politika
1554,Vlasti Kosova ponovo pozvale građane da izbegavaju putovanje kroz Srbiju,politika
1555,Raspucana Srbija preko Amerikanaca u polufinalu Svetskog prvenstva,sport
1556,"Vučić o hapšenju Momirovića i Vesića: Pogledajte rešenja protiv njih, da se smejete!",politika
1557,Major Earthquake Strikes Off Coast of Japan,sport
1558,Kfor: Za akciju potrage u jezeru Gazivode privremeno bilo ovlašćeno 10 pripadnika KBS-a,politika
1559,"""Verujem u Darkovo srce i fizičku kondiciju!"" Vučević o ministru Glišiću: Pomagao je mnogo puta i nikada se nije hvalio time",politika
1560,PKS: Privredi Srbije potrebni novi podsticaji kako bi očuvala konkurentnost,ekonomija
1561,Direktor Transportne zajednice: Srbija prednjači u regionu po preuzimanju evropskih propisa,ekonomija
1562,"Gotovo je, više nema dileme: Odmah je otišao do ""Pionira"", ""delije"" više ne moraju da brinu (FOTO)",sport
1563,Global Markets Rally After Positive Jobs Report,ekonomija
1564,"Čima Moneke: Hteo sam da vidim ko je zaista zainteresovan za mene, Zvezda je bila taj tim",sport
1565,Jago rešio misteriju: Evo da li Brazilac ostaje u Zvezdi (VIDEO),sport
1566,"Škoda najprodavaniji brend među novim automobila, a koliko je u Srbiji prošle godine kupljeno novih Poršea i Maseratija?",ekonomija
1567,"Rumunsko ministarstvo spoljnih poslova: Upozorenje za putovanja kroz Kosovo radi bezbednosti, nije politička poruka",politika
1568,Postoji samo jedan način da se ode na utakmicu Zvezde i Leha u Poljskoj,sport
1569,Drama na tržištu: Sukob Irana i Izraela dovodi do astronomskog skoka cene nafte,ekonomija
1570,Veleobrt - Nazire li se kraj sage oko Dušana Vlahovića?,sport
1571,"""Bilo bi lepo da se ovo i Vučiću desi"": Bolesne reakcije iz Hrvatske, seire nad Glišićevim stanjem dok podržavaju blokadere (VIDEO)",politika
1572,Skupštinsko zasedanje  ,politika
1573,Nikola Stanković se vratio u Crvenu zvezdu,sport
1574,"Svetske berze: Nastavak rasta tržišta, Tramp pritiska predsednika FED-a da podnese ostavku",ekonomija
1575,Otadžbina: Zašto srpska vlast nije odbacila Briselski sporazum?,politika
1576,Za pet godina EIB uložila 420 miliona evra u energetske projekte na Zapadnom Balkanu,ekonomija
1577,"Pretili smrću Branki Lazić: Privedena dvojica nasilnika, jedan od njih ludi golać blokader (VIDEO)",politika
1578,Istorijska pobeda Poljakinje: Iga Švjontek bez izgubljenog gema slavila u finalu Vimbldona,sport
1579,Government Proposes Tax Reforms for Small Businesses,politika
1580,"Hakeri napali, Ministarstvo isključilo sistem na skoro mesec dana: Koliko su podaci u državnim bazama bezbedni?",ekonomija
1581,Totenhem pregovara sa Bajernom o dovođenju Palinje na pozajmicu,sport
1582,Gradska sekretarka za finansije: Beograd dobio odobrenje Ministarstva finansija za dva zaduženja,ekonomija
1583,Dolazi u Evroligu: Kenan Kamenjaš potpisao ugovor na dve godine sa debitantom u elitnom takmičenju,sport
1584,"Vučević o uvođenju nacionalnih udžbenika: Dobro je da je Dinko Gruhonjić to napao, on radi za tuđe interese!",politika
1585,PWC: Uvođenje digitalnog evra koštaće do 30 milijardi evra,ekonomija
1586,Banković (sindikat GSP): Farbanje autobusa u „nemanjićko plavo“ koštaće 80 miliona dinara,ekonomija
1587,Zvezda otputovala u Poljsku: Milojević izabrao 24 igrača za okršaj sa Lehom (FOTO),sport
1588,Kecmanović posle preokreta u drugom kolu mastersa u Torontu,sport
1589,Sloga: Deo radnika iz Leonijeve fabrike u Malošištu preći će kod drugih poslodavaca,ekonomija
1590,Živković (EPS): Najvažnije investicije u dva BTO sistema za kopanje uglja,ekonomija
1591,Skupština raspuštena  ,politika
1592,Ministarka rudarstva i energetike: Srbiju čeka novi dugoročni gasni aranžman sa Rusijom,ekonomija
1593,"Vučić: Nadam se novom odlaganju američkih sankcija NIS, znaćemo večeras ili sutra",ekonomija
1594,"Treće kolo Superlige: Partizan dočekuje Radnički 1923, Čukarički domaćin Radničkom iz Niša",sport
1595,Lopandić: U izvesnoj meri postoji veza između slučaja Dodik i hapšenja bivšeg ministra Momirovića,politika
1596,Koliko vredi šesta pozicija? Evo koju svotu novca je zaradio Andrej Barna,sport
1597,"Knjaževac pod opsadom, Macut otkazao sve događaje sem jednog (FOTO)",politika
1598,Brokerska kuća: Najveći polugodišnji gubitak NIS-a od pandemije,ekonomija
1599,Napadači sa fantomkama napali Novopazarce u Poljskoj,sport
1600,Nisu nimalo naivni: Zvezdin verovatni protivnik u 3. kolu kvalifikacija dao sedam golova za 90 minuta,sport
1601,Sednica vlade  ,politika
1602,"Poslovanje privrede u 2024: Trgovina imala najveći profit, javna preduzeća opet u gubicima",ekonomija
1603,Novi DSS pita zašto nije rekonstruisan krov Arene i zašto ta hala pravi gubitke,ekonomija
1604,"Presrećan sam: Izdao Hrvate, a sada će nastupati za lažnu državu",sport
1605,Ispitivanjem zaštićenog svedoka nastavljeno suđenje u slučaju Banjska,politika
1606,Navijači očajni i razočarani - Ovo su prve reakcije posle meča u Poljskoj,sport
1607,Ajzea Hartenštajn: Biti Jokićeva rezerva je verovatno najteži posao na svetu,sport
1608,Ples Partizanovih beba protiv Ukrajinaca! Crno-beli dominantno nastavili evropski put,sport
1609,"Poreska uprava: Razotkrivene malverzacije na Medicinskom fakultetu u Novom Sadu, uhapšeno sedam osoba",ekonomija
1610,Barselona ponovo odložila povratak na Kamp Nou,sport
1611,"Profesor Pravnog fakulteta: Razgovori između opozicije i studenata jako bitni, tako se gradi poverenje",politika
1612,POKS pozvao princa Filipa da stane na čelo narodne pobune,politika
1613,Popović (SSP) o rekonstrukciji Prokopa: Oni ne grade – oni podižu kulise,ekonomija
1614,(VIDEO) Važne i velike vesti: Vučić najavio sveobuhvatne mere za pomoć srednjoj klasi i najsiromašnijima!,politika
1615,Pokret socijalista: Ako Zukorlić i Ljajić nastave da ćute vreme je za rekonstrukciju Vlade,politika
1616,Žarko Đokić ponovo predsednik opštine Kosjerić,politika
1617,Poljaci provocirali Milojevića - Trener Zvezde im začepio usta,sport
1618,"Dileta Leota bez brusa, nasred ulice liže sladoled... Vrelim fotkama zapalila internet (FOTO)",sport
1619,Frans pres piše da je Kosovo na ivici neviđene krize,politika
1620,Raspisan konkurs za uređenje i koršćenje poljoprivrednog zemljišta,ekonomija
1621,"Srdačan susret u Bajčetini! Vučić posetio porodicu Nikolić: ""Srećan sam što sam čuo mnogo mudrih saveta"" (FOTO)",politika
1622,"Marinika Tepić ponovo ponizila Srbe! ""Oluja"" joj važnija od srpskih žrtava (FOTO)",politika
1623,"Na AI Nedelji gosti iz Majkrosofta, Fejsbuka i Perpleksitija",ekonomija
1624,Privredni rast  ,ekonomija
1625,Novo pojačanje - Petar Barac stigao u Železničar,sport
1626,Poslanici Branimira Nestorovića pisali kongresmenki Klaudiji Teni o Kosovu,politika
1627,Koliko će Srbija platiti kineske vozove za EXPO?,ekonomija
1628,"Krajiška tragedija je ogromna! Vučić u Banstolu obišao porodicu Radan koja je u ""Oluji"" proterana iz sela kod Knina (FOTO)",politika
1629,"Na današnji dan: Partizan ""načeo"" Hamarbi, strelac bio član sadašnje Uprave",sport
1630,"Partizan je favorit protiv Hibernijana, a evo šta kaže tradicija sa Škotima",sport
1631,EKSKLUZIVNO! Vučićević otkrio: Hoće da optuže Kineze za pad nadstrešnice! Zločinački plan moćnika u Specijalnom tužilaštvu,politika
1632,Norisu pol pozicija u Belgiji,sport
1633,"„Vučiću, nećeš moći da aboliraš sebe“: Reković (SSP) posle pomilovanja devojke koja je pregazila studentkinju",politika
1634,Strompreise steigen trotz sinkender Nachfrage  ,ekonomija
1635,"U selu Bajnica pronađeno telo muškarca, sumnja se da je u pitanju ubistvo",politika
1636,"Bogdan Bogdanović: Nema visokog letenja, tek smo na početku",sport
1637,Crveni karton  ,sport
1638,"""Vidimo šta spremaju!"" Šešelj o monstruoznoj izjavi Marinike Tepić",politika
1639,Da li bi trgovinski sporazum SAD i EU mogao da smanji priliv stranih investicija u Srbiju?,ekonomija
1640,"""Otadžbina nam je ugrožena!"" Vučić u Žitorađi najavio pomoć narodu, govorio o presudi Dodiku i kriminalnom ponašanju tužilaštva",politika
1641,"Koja beogradska opština je sa najmanjim primanjima, a koja je najbogatija?",ekonomija
1642,Oglasio se Dodik! Evo gde se nalazi predsednik Republike Srpske na dan kada mu je potvrđena presuda (FOTO),politika
1643,„Narodna pravda“ sa Kosova postala deo Novog lica Srbije: „Zajedno protiv Vučića i Kurtija“,politika
1644,"Neviđena bruka i sramota sudije sa tzv. Kosova - Hrvatu dao dva žuta kartona, ali ga nije izbacio iz igre",sport
1645,Jerinić: Sledeće jeseni biće predati ključevi paviljona zemljama učesnicama,ekonomija
1646,Preminuo nekadašnji svetski šampion Frank Mil,sport
1647,"Tajni dogovori, strane direktive i skriveni interesi! Istraga koja nije naša - unapred je isplanirala Zagorka Dolovac (VIDEO)",politika
1648,"Turci prete Srbiji: Naš cilj je medalja, možemo da uradimo nešto posebno",sport
1649,Dačić: Starović mi je rekao da nije govorio o Kosovu i sankcijama Rusiji kako se pojavilo u medijima,politika
1650,"NACI AKCIJA TERORISTA! Napad na Suzanu Vasiljević, Gorana Vesića i Dejana Vuka Stankovića (VIDEO)",politika
1651,(FOTO) Otkrivamo! Prijatelj ministra Zukorlića brutalno napao policajce: Ranije pljuvao po Srbima i hrišćanskom krstu,politika
1652,Frakcija POKS-a Vladimira Jelića podnela krivičnu prijavu protiv Vojislava Mihailovića,politika
1653,"Informer došao do ključnog dokumenta: Nenadiću, zašto nisi uhapsio pajtosa Bojovića?!",politika
1654,Zak Braun: Neće biti ozbiljnog sukoba između Norisa i Pjastrija,sport
1655,"Uhapšen Leskovčanin zbog utaje više od 44 miliona dinara poreza, poslao 75.900 paketa preko kurirskih službi",ekonomija
1656,"Micić spreman za Evrobasket: Ovo je prilika da se još više ujedinimo, to nam je neophodno",sport
1657,Crno-beli na pripremnom turniru u Italiji: Šta povezuje Partizan i Šakila O’Nila?,sport
1658,"Pafos je opasan i igra takmičarski fudbal! Zvezda bliža Kipru, Dinamo nadmudren u Lublinu",sport
1659,Tesla odobrila isplatu 29 milijardi dolara Ilonu Masku u akcijama kompanije,ekonomija
1660,Možda i nije loše što se mora u osminu finala: Poznat je put Srbije do finala Svetskog prvenstva,sport
1661,Venus Vilijams napunila 45 godina i vraća se na veliku scenu i to na WTA turniru: Možda se pojavi i na Ju-Es openu,sport
1662,Srpska pravoslavna crkva se oglasila o tome da li može biti deo političkih pregovora o Kosovu,politika
1663,"Reči najboljeg igrača Leha odjekuju Srbijom - Nahvalio Zvezdu kao niko, ""delijama"" će se ovo svideti",sport
1664,Aranđel je kao feniks - Od otpisanog do heroja Partizana (VIDEO/FOTO),sport
1665,"Lažovi, licemeri i inspiratori nasilja! Brnabićeva osudila besramno izveštavanje tajkunskih medija o napadu na Marka Đurića",politika
1666,Smenjena direktorka Beogradskog sajma,ekonomija
1667,"Ikardi ima da poludi: Vanda luda kao struja - Sve mu uzela, pa ga udarila tamo gde najviše boli (VIDEO)",sport
1668,Stižu pohvale iz FIBA za organizaciju EP za mlade: Srbija je postavila lestvicu visoko,sport
1669,"Kompanija „CRH“ preuzela poslovanje sa agregatima „Kufner Grupe“, koja upravlja sa četiri kamenoloma u Hrvatskoj",ekonomija
1670,Gradska uprava Novog Pazara kupuje tri nova službena vozila,ekonomija
1671,Zoran Janačković: Zahvaljujem Srpskoj listi i državi Srbiji jer su nam obezbedili privremeni smeštaj,politika
1672,Partizan u problemu: Makabi ušao u trku za veliku želju crno-belih,sport
1673,"Aleksandar Gajić: ""Bosna - balkanski Kerber"" - Tamnička metafizika jednog neuspešnog eksperimenta",politika
1674,Istraživanje TS: Stručnost direktora i članova nadzornih odbora javnih preduzeća na granici između lošeg i nezadovoljavajućeg,ekonomija
1675,Zašto je prodaja peleta u porastu,ekonomija
1676,Vučević: Oduzimanje mandata Dodiku je sramna odluka nečasnih ljudi,politika
1677,„Zločini se ne smeju zaboraviti“: PSG i ZLF u mestu u kome su ubijeni civili iz izbegličke kolone tokom „Oluje“,politika
1678,FK Partizan: Oštro osuđujemo poslednje incidente i porast nasilja među navijačima,sport
1679,Kovačević (N2SP): Studenti da iskoriste letnje zatišje da podrže formiranje opštedruštvenog fronta,politika
1680,Tech Giants Face New Antitrust Investigations in Europe,ekonomija
1681,"Veliki problem za Zvezdu - Ostaje bez jednog od najboljih, Englezi zagrizli i ne puštaju",sport
1682,Predlog zakona  ,politika
1683,SSP: Ovo je poslednji put kada je Beograd imao SNS gradonačelnika,politika
1684,Ministarstvo za rad: Srbija nema sporazum o mobilnosti radne snage sa Ganom,ekonomija
1685,Partizan opet u priči: Bivši reprezentativac Srbije u pregovorima sa crno-belima,sport
1686,"Aranđeleeeeee, Aranđeleeee... Partizanova deca umalo u grob oterala navijače (VIDEO/FOTO)",sport
1687,Da li ste vi ljudi normalni? Blokaderi postavili decu na raskrsnicu i na tramvajske šine (VIDEO),politika
1688,Šta ministar kaže o „dovođenju radnika iz Gane“ u Srbiju?,politika
1689,"Novi Pazar tražio odlaganje meča Superlige Srbije, a istog dana igraju prijateljsku sa Veležom",sport
1690,Reportera Informera udarili motkom: Dramatična scena na Novom Beogradu (VIDEO),politika
1691,Zasedanje parlamenta  ,politika
1692,Ko je novi direktor Srbijavoza: Iz opštinske fotelje na čelo državnog preduzeća,ekonomija
1693,Stigao prvi od 25 novih tramvaja za GSP Beograd: Ukupan kapacitet 170 stajaćih i 48 sedećih mesta,ekonomija
1694,Tuča na kraju finalne utakmice između Čelsija i PSŽ: Trener Parižana nokautirao Žoao Pedra (VIDEO),sport
1695,Kad i gde možete gledati finale Svetskog klupskog prvenstva PSŽ – Čelsi?,sport
1696,INTERVJU Senad Ganić: Verske i nacionalne podele idealno su tlo za vladanje bez odgovornosti,politika
1697,"Sad je, valjda, sve jasno! Nataša Kandić podržala presudu Dodiku i tužilački državni udar!",politika
1698,Tržišna analiza  ,ekonomija
1699,Zlatni gol  ,sport
1700,"OCENE PARTIZAN - Milošević naplatio sve promašaje, Trifunović sve bolji, Bogdan se igra",sport
1701,"Ko s barabama tikve sadi, oluja mu u glavi",politika
1702,Pokrajinska vlada dodelila 100 miliona dinara mladim poljoprivrednicima u ruralnim područjima,ekonomija
1703,Udruženje banaka Srbije: U maju najveći rast kredita preduzetnika,ekonomija
1704,"""Mesecima objavljuju tekstove protiv mene!"" Gnusno licemerje Šolakovih medija - napali Suzanu Vasiljević zbog torbice, a prećutali njen rad",politika
1705,Istraživanje o generaciji Z i milenijalaca: Traže poslove koji su otporni na AI,ekonomija
1706,(VIDEO) Sramno! Blokirali kola Hitne pomoći na Novom Beogradu: Šačica zgubidana teroriše teško bolesne ljude,politika
1707,Afrička kuga svinja ponovo u Mačvi: „Država da plati odmah i dobro“,ekonomija
1708,"MOZAK BLOKADA NA JAHTI! Dok Srbija trpi haos, Zdenko Tomanović uživa u luksuzu u Porto Novom (FOTO)",politika
1709,Barna leti kroz vodu: Srbin oborio nacionalni rekord i plasirao se u polufinale Svetskog prvenstva,sport
1710,Ministarstvo poljoprivrede: U toku isplata podsticaja za tov i kvalitetna priplodna grla,ekonomija
1711,Dubai bez Davisa Bertansa na VTB kupu: Objasnio zbog čega ne želi da učestvuje,sport
1712,Srpski reprezentativac napustio Čelsi u jednom od najskupljih transfera golmana u istoriji fudbala,sport
1713,Arno Gujon: Napravili smo novi sportski teren za decu iz enklava,politika
1714,Đedović Handanović: Potencijalni projekat RHE Đerdap 3 jako važan za energetsku stabilnost,ekonomija
1715,Tržište stabilno  ,ekonomija
1716,Miroslav Aleksić: Nastavljamo dogovor o izbornim uslovima,politika
1717,U Srbiji 85 odsto malih biznisa startuje iz sopstvenih sredstava,ekonomija
1718,(VIDEO) Dramatična konstatacija profesora Antića: Blokaderi su naneli teži udarac univerzitetu nego svetski ratovi!,politika
1719,UDARNO! Četvorica mudžahedinsko-blokaderskih siledžija upravo uhapšeni!,politika
1720,"Otkupne cene pšenice ispod svake računice: Država kupuje deo za Robne rezerve, ali će uticaj na tržište zavisiti od količine",ekonomija
1721,"Moramo da se posvetimo napretku zemlje! Vučić: ""Ozbiljno su nam razorili ekonomiju, ozbiljno...""",politika
1722,Isplivali novi dokazi! Bojović i Milošević garantovali bezbednost kretanja putnika 7 meseci pre pada nadstrešnice u Novom Sadu,politika
1723,„Ne daj Bože nikom“: Vladimir Stojković posle poraza od bivšeg kluba Partizana,sport
1724,?????!!!!?????????????!!!!???????????!!!,sport
1725,Đorđa Meloni stiže večeras u Beograd,politika
1726,"DS: Neprihvatljivo je hvaliti Anu Brnabić, svaki njen dijalog je fingiranje demokratije",politika
1727,"Poginuo Feliks Baumgartner, legendarni ekstremni sportista koji je 2012. skočio iz stratosfere",sport
1728,"Koja je voda najukusnija? Rosa, VodaVoda, Prolom ili AquaViva?",politika
1729,Objavljena agenda za sto dana Vlade Đure Macuta,politika
1730,Izvoz IKT usluga iz Srbije za pet meseci ove godine veći 14 odsto,ekonomija
1731,"„Ja nisam Milošević, malo sam oprezniji“",politika
1732,"Detonacija na ""Poljudu"": Vicešampion sveta stigao u Hajduk",sport
1733,Siner već razmišlja o „novoj gardi“ u tenisu: „Stižu generacije mlađih od nas i moramo da budemo spremni“,sport
1734,"Makabi preduhitrio Partizan: Izraelci ""ukrali"" NBA pojačanje crno-belima",sport
1735,"""Prošlo je više od deset godina od kada su me zamalo ubili!"" Za pokušaj atentata na Vučića do danas niko nije odgovarao (VIDEO)",politika
1736,"On je novi ljubimac ""delija"" - Mateus je jedan od heroja Zvezdine pobede",sport
1737,"U Humsku stiže sudija kog je Mitrović hteo da bije... A, u Škotskoj - Bugarin",sport
1738,Pep Gvardiola o poređenju Lamina Jamala sa Mesijem: Moramo da ga pustimo da razvije svoju karijeru,sport
1739,"Posle samo dva meseca: Rastali se Cicipas i Ivanišević, Grk izdao saopštenje",sport
1740,"„U Hag smo poslali one koji su nas branili“: Šapić odgovorio da li misli da su Vučić i SRS devedesetih „mnogo srbovali, a malo delali“",politika
1741,"Potpisao: Nikola Mirotić napustio Milano, ali ostaje u Evroligi",sport
1742,Koliko je opozicija spremna za izbore do kraja godine?,politika
1743,Govor mržnje: Navijači ukrajinskog kluba skandirali “ubij Srbina” na meču protiv Partizana,sport
1744,Aleksić: Vučić i Dačić moraju da podnesu ostavke i preuzmu odgovornost zbog Briselskog sporazuma,politika
1745,Šta kažu iz ProGlasa o „tužilačkom državnom udaru“?,politika
1746,"Jokić upao u svlačionicu usred intervjua - Brate, ne snimaju nas više (VIDEO)",sport
1747,Đurić sa francuskim diplomatom: O ugroženosti Srba na Kosovu i evropskom putu Srbije,politika
1748,Predsednik SSSS: Tražićemo da minimalna zarada za 2026. bude oko 600 evra,ekonomija
1749,RGZ: Građani nemaju obavezu da sami vade overen list nepokretnosti u katastru,ekonomija
1750,Bundesliga uvodi objašnjenja VAR odluka i snimke sa kamera na telu sudija,sport
1751,Kad i gde možete da gledate meč Partizan – AEK u kvalifikacijama za Ligu Evrope?,sport
1752,"Potrošnja i maloprodaja usporavaju, izvoz sve slabiji: Konsultantska kuća o stanju srpske privrede u 2025.",ekonomija
1753,Da li mržnja prema Srbiji postaje novinarski žanr? Šolakovi mediji totalno izgubili razum (FOTO),politika
1754,(VIDEO) Uhapšen Srbin koji je špijunirao za Kurtija: Odavao tajne Šiptarima - evo za šta se sve sumnjiči,politika
1755,"„U odbrani činjenica“: Ko je Anica Telesković, novinarka RTS-a koja je vodila intervju sa Vučićem?",ekonomija
1756,Ana Brnabić i Đurićevo ministarstvo osudili izjavu Denisa Bećirovića: Kršenje Dejtonskog sporazuma,politika
1757,Subotičani viču policiji da štiti ratne zločince: Veliko negodovanje zbog dolaska Bokana na obeležavanje „Oluje“,politika
1758,Završetak brze saobraćajnice Slepčević – Badovinci do juna sledeće godine,ekonomija
1759,"Tadić rekao ""da"" Zvezdi, a ovo je presudilo: Za dve godine postaje trener umesto Milojevića!",sport
1760,"Vaterpolisti Hrvatske ostali bez titule, Mađarska rival Srbije u polufinalu Svetskog prvenstva",sport
1761,Hrvatska: SDP optužila Vladu Plenkovića za širenje mržnje i ksenofobije,politika
1762,Strože kontrole i obavezna registracija: Stižu nova pravila za organsku proizvodnju,ekonomija
1763,Tandem “oteranih” fudbalera Mančester junajteda prelazi u Juventus?,sport
1764,Čega se Vučić plaši više i od masovnih protesta i blokada?,politika
1765,Letnja groznica na berzi: Pepsijev rast koji ne smete propustiti,ekonomija
1766,Odbojkašice Italije osvojile Ligu nacija,sport
1767,"Isplivale kvote za meč Partizan - Hibernijan: Evo šta kažu bukmejkeri, iznenadićete se (FOTO)",sport
1768,Da li Piksi gleda ovo? Momak kog je Zvezda prodala za milione igra kao u transu (VIDEO),sport
1769,Šta opozicionari u Zaječaru kažu povodom konstitutivne sednice lokalne Skupštine?,politika
1770,Da li bi gubitak Stelantisa od oko dve milijarde evra mogao da poremeti proizvodnju Grande Pande u Kragujevcu?,ekonomija
1771,"Apoteka Beograd dobila lekove i pomoć za namirenje dela dobavljača, ali dug za plate raste",ekonomija
1772,Koje opozicione stranke i pokreti će „preživeti“ Studentski pokret i naredne izbore?,politika
1773,Odložena utakmica Vojvodina – Crvena zvezda,sport
1774,PKS pokrenula Digitalni katalog izvoznika,ekonomija
1775,"""Ovo je nastavak odmazde!"" Vučević reagovao na sramnu odluku o presudi Miloradu Dodiku",politika
1776,Tausende feiern Christopher Street Day in Köln  ,ekonomija
1777,"Danas sednica Skupštine Vojvodine, deo opozicije u bojkotu",politika
1778,Elektroautos auf dem Vormarsch in deutschen Städten  ,ekonomija
1779,"Zvezda ostaje bez najboljeg igrača - Još jedan odlazak s ""Marakane"", ali stižu milioni",sport
1780,Povlače se dva proizvoda zbog rizika od električnog udara,ekonomija
1781,Bitcoin Hits New All-Time High Amid Global Uncertainty,ekonomija
1782,"MAT: Rast BDP-a u 2025. godini biće 2,8 odsto, doprinos sektora građevinarstva nula",ekonomija
1783,Diplomirao: Goran Grbović postao košarkaški trener,sport
1784,Vlada formirana  ,politika
1785,Obračunski iznos prosečne godišnje zarade u julu 1.775.340 dinara,ekonomija
1786,„Populističke izjave koje idu u korist samo Vučiću“: Sagovornici Danasa o ponudi da Srbija obnovi grad u Ukrajini,ekonomija
1787,"Fudbaler kog je udario grom promenio boju, igrači padali u nesvest... Potresno svedočenje ekonoma (VIDEO/FOTO)",sport
1788,Rast BDP u drugom kvartalu dva odsto,ekonomija
1789,"Torflut in der Bundesliga: Sechs Spiele, 30 Treffer  ",sport
1790,Srbija u Areni igra prvu utakmicu u sklopu priprema za EP,sport
1791,Šta studenti mogu da ponude Zapadu?,politika
1792,Infrastruktura železnice: Više od 2.000 radnika saniralo kvarove na prugama zbog toplog vremena,ekonomija
1793,Zajedničke objave Zbor i Nova S! Provaljena sprega tajkunskih medija i političkih organizacija,politika
1794,Koliko se puta Tomislav Nikolić ukazao javnosti poslednjih godina?,politika
1795,Gotovo? Adem Ljajić ima novi klub,sport
1796,Bolesnije od ovoga ne može! Blokaderka Vanja Bahilj nada se da će Tomislav Momirović biti silovan u zatvoru!,politika
1797,"(VIDEO) ""Delije"" okupirale Poljsku - U Poznanj stiže 1.500 navijača, helikopter nadleće kolonu",sport
1798,Od brutalnog udara groma svi su popadali! Najnoviji detalji nesreće na fudbalskom terenu! (FOTO),sport
1799,"Šta je s mozgom, skandalozna odluka UEFA - Častili Ukrajince zbog ""Ubij Srbina"", a baklja u Beogradu košta 25.000 evra",sport
1800,FK Barselona pokrenula disciplinski postupak protiv kapitena,sport
1801,"Vučić: Svi projekti se sprovode efikasno, uz balans između procedura i realnih potreba",ekonomija
1802,Poljoprivrednici traže pomoć države od 300 evra po hektaru ili – protest u avgustu,ekonomija
1803,"Dojčinović (KRIK): Glišić je vezivno tkivo SNS, jedan od najvažnijih Vučićevih ljudi",politika
1804,Marko Gudurić otkrio zbog čega se nije vratio u Crvenu zvezdu,sport
1805,Počeo trostruki udar na Srbiju: Neprijatelji udruženo napadaju iz tri pravca - ovo im je cilj!,politika
1806,Šta se dešava pred Zvezdin meč? Ovo je malo ko očekivao,sport
1807,Partizan može na Hajduk: Liga konferencija može da režira okršaj Srba i Hrvata,sport
1808,PzP: Da se obavi vanredna tehnička i bezbednosna kontrola cele železničke mreže,ekonomija
1809,Šokantno otkriće koje Srbi moraju da čuju! Blokaderi preuzeli vlast u ovoj državi: Nakon toga dogodilo se nešto jezivo,politika
1810,Cena nafte je porasla najviše u jednom danu od 2022.,ekonomija
1811,"Zvezda dovela ultimativnog napadača: Ludilo igrač stigao u Beograd, evo šta sve zna",sport
1812,Sporazum Srbije i EU iz oblasti životne sredine i energetike vredan 325 miliona evra,politika
1813,SRCE: Sklanjanje Dodika u Srbiju bilo bi dodatno opterećenje za režim SNS,politika
1814,Mahmudu Bađo novi fudbaler Crvene zvezde,sport
1815,Čudesni preokret: Juniori Španije gubili tri razlike četiri sekunde pre kraja i postali šampioni Evrope u Beogradu,sport
1816,"Grom udario tokom utakmice kod Loznice! Dvojica fudbalera povređena, jedan u životnoj opasnosti (FOTO)",sport
1817,"Pred poslanicima novo zaduživanje od 2,4 milijarde evra: Delovi ugovora o kreditu za kupovinu Rafala „poverljivi“",ekonomija
1818,"Zašto od nas pravite seljake i batinaše?! Dodik: ""Mi nismo kao blokaderi, hoćemo jaku Srbiju, jer jedino tako i Republika Srpska može biti jaka""",politika
1819,Arbeitslosenzahl sinkt weiter – Frühjahrsaufschwung  ,ekonomija
1820,Police Launch Investigation Into Online Hate Campaigns,politika
1821,Vučević žestoko osudio blokadersko divljanje: Očekujem da koalicioni partneri iznesu svoj stav!,politika
1822,"Stečaj u „Jovanjici“: Sud objavio rešenje o otvaranju postupka, dan kasnije skinuta blokada računa",ekonomija
1823,Blokaderi ne daju mira ni mrtvima: Porodica u žalosti prolazi kroz pakao zbog njih (VIDEO),politika
1824,Massive Oil Spill Prompts Environmental Crisis Response,politika
1825,"Bivša ministarka: Vučićeva vlada visi o koncu, teško je reći kako će se protesti u Srbiji završiti",politika
1826,"Vučić posetio Glišića: Darko je bolje, razgovarao sam sa njim",politika
1827,"Dobro snabdevene, ali skupe: Koje pijace u Beogradu su skuplje, a koje jeftinije? (TABELA)",ekonomija
1828,"(VIDEO) Bednici dosipaju so na srpske rane! Blokaderski N1 promoviše zločinačku akciju ""Oluja"": Za njih je to sjajna vojna operacija",politika
1829,Srđan Šajn traži opoziv ministra za ljudska i manjinska prava: Smetaju li Beriši Romi?,politika
1830,"Tabaković: U poslednjih 13 godina stabilan sistem u korist građana, privrede i države",ekonomija
1831,[FOTO] [VIDEO] Voda je vlažna,ekonomija
1832,"Vučević: Šovinističke strele Heleza, a blokadere nije briga za Srbe zapadno od Drine",politika
1833,"Novi DSS: Beogradske elektrane napravile gubitak od 1,2 milijarde dinara u 2024.",ekonomija
1834,Studenti objavili istraživanje javnog mnjenja „licem u lice“: Ko pobeđuje na izborima?,politika
1835,Fudbaleri Partizana preokretom pobedili kragujevački Radnički,sport
1836,"Marko Arnautović u Crvenoj zvezdi, u ponedeljak potpisuje dvogodišnji ugovor",sport
1837,SpaceX Launches First Civilian Mission to Mars Orbit,sport
1838,Novosadska opozicija traži poništavanje postupka kojim JKP „Čistoća“ posao predaje firmi u vlasništvu Marka Bosanca,ekonomija
1839,Verbraucherzentrale warnt vor Fake-Shops im Netz  ,politika
1840,Očaj Nataše Kandić: Sve se ruši kao kula od karata!,politika
1841,Kreni-Promeni: Već dve nedelje u zastoju elektronski prijem predmeta u katastru,ekonomija
1842,Keramika Kanjiža pred novim vlasnikom: Enmon i bugarski partner planiraju preuzimanje,ekonomija
1843,"Vučić sa Makronom: Prijateljski i otvoren razgovor, posebno u svetlu dešavanja u BiH i na Kosovu i Metohiji",politika
1844,"Radi za Albaniju, navija za Hrvate: Trener reprezentacije optužen za izdaju... E, sad' je nagrabusio",sport
1845,"Novakova veličina smeta, država ima resurse za nacionalni stadion i EXPO, a nema sluha za Đokovića: Sagovornici Danasa o selidbi ATP turnira iz Beograda u Atinu",sport
1846,"KRIK baza imovine političara: Imanja, zgrade, stanovi, firme",ekonomija
1847,Partizan danas igra - Evo gde i kad možete da gledate meč sa Hibernijanom,sport
1848,Vučević (SNS): Uvek smo spremni za izbore i za razgovor sa svima,politika
1849,"Blokaderi satima pozivaju ""ceo Beograd"", ali niko se ne odaziva: Nakon što im je plan propao, izmislili da neko hoće da ih bije šipkama (FOTO)",politika
1850,Eko straža udarila na Mariniku Tepić! U blokaderskoj opoziciji se više ne zna ko koga napada (FOTO),politika
1851,Lazar Dobožanov pred utakmicu protiv Rumunije: Naš zadatak je da od početka nametnemo svoj ritam,sport
1852,Oglasio se ministar Vujić: Garancijom prava na jedini dom Srbija se usklađuje sa Evropskom konvencijom,politika
1853,Epl će uložiti još 100 milijardi dolara u proizvodnju u SAD,ekonomija
1854,Objavljene nove cene goriva koje će važiti do 11. jula,ekonomija
1855,Spektakl: Jedan od najbržih sprintera sveta u četvrtak u Beogradu,sport
1856,Crno-belim bebama još uvek rastu zubi: Partizan ispao iz kvalifikacija za Ligu Evrope,sport
1857,"Đokić, Bojović i Milošević na ustaškom sastanku: Blokaderi pod šahovnicom dobili instrukcije (FOTO)",politika
1858,Kosovska Mitrovica: Uz asistenciju tzv. kosovske policije iseljena porodica Janačković,politika
1859,"„Iskulirao sam, ali ti si uradio ovo“: Velike tenzije pretile da prerastu u sukob po završetku meča u Torontu (VIDEO)",sport
1860,"Ministarstvo finansija: Uklonjeno 19 bespravnih objekata na Savskom nasipu, bez naknade",ekonomija
1861,"Zemljotres na ""Marakani"": Zvezda pobedila evropske velikane za potpis strašnog igrača",sport
1862,„Studentima je preostalo da se obrate jedino SAD i NATO“: Šta je Vučić uradio napadom na studente sa Univerziteta u Novom Pazaru?,politika
1863,Liverpul odao počast Žoti uoči prvog meča ove sezone na Enfildu,sport
1864,"Bizarno! Gej aktivisti sinoć vikali ""Vućiću, pe*eru"": Isti oni koji su dovodili gologuzog šiptara da go pozira ispred srpske svetinje",politika
1865,Ministarstvo: U 10 gradova i opština u sisteme daljinskog grejanja uvode se obnovljivi izvori energije umesto fosilnih goriva,ekonomija
1866,Disciplinska komisija FIFA kaznila FSS: Protiv Engleske bez dela navijača iza golova,sport
1867,Zvezda se ne zaustavlja: Stiže štoper za milionsko obeštećenje?,sport
1868,"Vasiljević: Licemerje opozicionih medija, napadi na mene politički motivisani",politika
1869,Đurić danas u Vašingtonu sa američkim državnim sekretarom Markom Rubijom,politika
1870,"Italijanskoj kompaniji dato 4,9 miliona evra da montira tematski paviljon za EXPO",ekonomija
1871,Inflation in Deutschland erreicht höchsten Stand seit 30 Jahren  ,ekonomija
1872,SRCE: Od 2013. broj muznih krava u Srbiji pao sa 500.000 na 330.000,ekonomija
1873,Autobauer investieren Milliarden in Wasserstofftechnologie  ,ekonomija
1874,Vučević: Blokaderi i odnarođeno tužilaštvo izvršava naloge ekstremista iz regiona,politika
1875,Prvih sto dana vlade Đure Macuta obeležila otvorena represija prema neistomišljenicima,politika
1876,RZS izmenio podatke o izvozu iz Srbije za 2024. i prva četiri meseca 2025.,ekonomija
1877,"Drugo kolo Superlige Srbije: Zvezda dočekuje OFK Beograd, meč Partizana odložen",sport
1878,Hemofarm preuzeo brend Fortacell,ekonomija
1879,Pepco povlači proizvod za decu zbog rizika od gušenja,ekonomija
1880,RERI: Krivelj kod Bora je žrtvovana zona,ekonomija
1881,"Žoze Murinjo se slomio pred kamerama, zaplakao za legendom (VIDEO)",sport
1882,"Luis Hamilton deprimiran: Ferari treba da me promeni, beskoristan sam",sport
1883,Vladimir Matijašević: Svaka pobeda srpskih klubova u Evropi nam mnogo znači,sport
1884,Svi poslovi Oriona s državom – razlog skidanja N1?,ekonomija
1885,Glamočić obećao pomoć poljoprivrednim domaćinstvima koja su preterpela štetu od požara,ekonomija
1886,Utvrđena bolest plavog jezika u Bosilegradu: Oblast u poluprečniku od 100 kilometara proglašena zaraženom,ekonomija
1887,(VIDEO) Vučić razgovarao sa Darkom Glišićem! Predsednik saopštio nove informacije o stanju ministra,politika
1888,Horor: Trudnu suprugu bivšeg NBA igrača ugrizla ajkula,sport
1889,Streamingmarkt in Deutschland wächst weiterhin rasant  ,sport
1890,EBRD odobrila kreditne linije za finansiranje malih i srednjih preduzeća,ekonomija
1891,Apple Announces Satellite-Powered Emergency Services,sport
1892,"Pričaju o žrtvama nadstrešnice, a poturaju sektašku agendu: Tajkunski N1 prenosio jezivu žurku u Novom Sadu (VIDEO)",politika
1893,Penal drama !,sport
1894,Politička debata,politika
1895,Povampireni komunisti u akciji: Blokaderski zbor svom silom udario na SPC (FOTO),politika
1896,Doctors Warn of Rising Cases of Digital Eye Strain,sport
1897,Vojvodina dovela igrača za budućnost: Kamerunac dolazi iz Bugarske,sport
1898,Zoran Mihajlović izabran za novog predsednik Saveza samostalnih sindikata Srbije,ekonomija
1899,Verfassungsgericht kippt umstrittenes Überwachungsgesetz  ,politika
1900,Son naskuplje pojačanje u istoriji MLS,sport
1901,Ko je Šejk Milton? Partizanovo zvučno pojačanje kome niko ne zna pravo ime,sport
1902,Radar: Država plaća milionsku odštetu zbog rušenja u Savamali,ekonomija
1903,Najveći problem menadžera Srbije i regiona nedostatak kvalifikovane radne snage,ekonomija
1904,"Jokić se naoštrio i razbio Bosance - Isplivala statistika, umalo tripl-dabl Nikole",sport
1905,Zvezdu u Poznanju čeka paklena atmosfera - Srbin koji je igrao za Leh otkrio ko je favorit,sport
1906,Politički preokret  ,politika
1907,Gol u nadoknadi  ,sport
1908,Nemačka železnica u krizi: Više od trećine vozova kasni,ekonomija
1909,Rasulo u Kataloniji: Fudbalski klub otuđio sav novac košarkaškom... Barsa u opasnom problemu,sport
1910,Novi premijer  ,politika
1911,DFB-Elf bereitet sich auf EM-Qualifikation vor  ,sport
1912,Jačanje „Užičke Republike“,politika
1913,Vučić: Sutra ili prekosutra razgovori s američkim zvaničnicima o NIS-u,ekonomija
1914,Vučić najavio otvaranje auto-puta do Požege do kraja juna,ekonomija
1915,"Liga konferencija: Partizan nadigrao Oleksandriju, Miloševićeva utakmica iz snova",sport
1916,TOP 25 građevinskih firmi u Srbiji po profitu u 2024. godini,ekonomija
1917,"Ministre, ima li te?! Zukorlić se i dalje ne oglašava, a morao je koliko juče",politika
1918,"ATP Toronto: Kecmanović poveo, pa stao u drugom kolu",sport
1919,Koliko se u Srbiji uzgaja duvana?,ekonomija
1920,Novi mandatar  ,politika
1921,Gujon: U Beogradu danas počinje letovanje za decu sa AP Kosova i Metohije,politika
1922,"GO SNS: DS na pomen pravoslavlja doživljava napad panike, na Tvrđavi njima u čast otvoriti Kapelu krađe",politika
1923,Er Srbija prevezla dva miliona putnika od početka 2025. godine,ekonomija
1924,"Ko je Danilo Jerinić, novi direktor Ekspa?",ekonomija
1925,Micić otkrio istinu: Evo zbog čega se Vasa nije vratio u Zvezdu,sport
1926,„Zlatiborizacija Fruške gore je u punom jeku“: PZP upozorava na prekomernu seču šume,ekonomija
1927,"Mamila je uzdahe, dovodila do ludila... Najseksi teniserka rasplakala muškarce (FOTO)",sport
1928,Knjaževčanima uručeni ugovori o subvencijama za energetsku efikasnost,ekonomija
1929,Deutschland und Frankreich verstärken Verteidigungskooperation  ,politika
1930,"Zaječar: Skupština grada usvojila dnevni red, opozicija i dalje ometa rad",politika
1931,"Fudbal zavijen u crno - Tuga do neba, poginuli mladi igrači",sport
1932,Ovo su zemlje koje su odbile da učestvuju u proslavi zločinačke ''Oluje'': Hvala im!,politika
1933,Predsednik Vučić u maju prijavio novi iznos plate,ekonomija
1934,"Tadić je Zvezdin? Misteriozna poruka sa ""Marakane"", nešto se ozbiljno sprema (FOTO)",sport
1935,Srbija do kraja 2027. ulazi u „energetski Šengen“: Šta će nam doneti priključenje evropskoj energetskoj mreži?,ekonomija
1936,Erneut Massendemonstrationen gegen Rechtsextremismus  ,sport
1937,"PKS: Hitno uspostaviti dijalog o ceni struje, privreda traži održivo poslovanje",ekonomija
1938,Verkehrsminister stellt neues Bahn-Ausbauprogramm vor  ,politika
1939,"""Takvo verbalno nasilje veoma lako prerasta u fizičko"": Siniša Mali zabrinut zbog napada na Marka Đurića",politika
1940,"EU uplatila 51,7 miliona evra iz povoljnih zajmova u srpski budžet",ekonomija
1941,Vučić odgovorio Vladeti Jankoviću: Vanredno stanje nije opcija,politika
1942,Štrajk dostavljača Volta u Nišu zbog smanjenja zarada i pogoršanja uslova rada,ekonomija
1943,"Ministarka Sofronijević: Put Pakovraće – Požega je potpuno siguran, širenje panike je krivično delo",ekonomija
1944,Cvejić (SRCE): Vučić probao da izazove međunacionalni sukob u Novom Pazaru,politika
1945,Đoković propušta masters u Sinsinatiju,sport
1946,"Javni dug na kraju juna 43,7 odsto BDP, a deficit budžeta 36,4 milijarde dinara",ekonomija
1947,Demostat: Potpisivanje dugogodišnjeg ugovora o gasu sa Rusima uslovljeno stopiranjem isporuke srpskog oružja Ukrajini,ekonomija
1948,Oglasio se Dodik povodom presude protiv njega: Sud BiH je podlegao političkom pritisku,politika
1949,"Vučić: Mnogo sirotinje je stradalo od izvršitelja, ali izvršitelji nisu krivi",ekonomija
1950,"Đorđa Meloni stigla u Beograd, dočekao je Vučić",politika
1951,"Tužilaštvu se žurilo, jer su imali dogovor: Vučić o hapšenju ministra Momirovića",politika
1952,"Na današnji dan: Ameri slomili ""orlove"" na otvaranju Beogradske arene (VIDEO)",sport
1953,"Popović kineskom premijeru: Kina najveći i najpouzdaniji partner Srbije, premijer pozdravio Vučića",politika
1954,Najveći uspeh: Reprezentacija Srbije u sedećoj odbojci zauzela četvrto mesto na EP,sport
1955,Vladimir Gajić nastavlja sa iznošenjem šok podataka: Šta je urađeno sa 140 miliona?!,politika
1956,"Bajatović: NIS trenutno bez problema u poslovanju, pronaći rešenje za sve strane",ekonomija
1957,Ostaje u Partizanu ili se vraća u Štutgart? Agent Jovana Miloševića sve otkrio,sport
1958,Vučić se sastao sa Meloni: Zahvalio sam na principijelnoj podršci,politika
1959,Na Beogradskom sajmu otvoren „EKSPO 2027 Plejgraund“,ekonomija
1960,Novi zakon  ,politika
1961,"Stelantis objavio gubitak od 2,3 milijarde evra u prvoj polovini 2025.",ekonomija
1962,Skandalozno: Navijači Radničkog napali igrače na Farskim Ostrvima,sport
1963,Radnik iz Vladičinog Hana nastradao u kamenolomu u podnožju Goča,ekonomija
1964,Da li gradonačelnik Beograda Aleksandar Šapić preti Draganu Đilasu?,politika
1965,Gradnja dva BTO sistema na površinskom kopu „Radljevo” za 180 miliona evra,ekonomija
1966,Zvezdin rival u Evropi otkrio karte: Asistencija bivšeg Partizanovog Korejca,sport
1967,Doping-Skandal erschüttert internationalen Radsport  ,sport
1968,"Slučaj Leoni: Šuška se da preko 1.000 zaposlenih ostaje na ulici, iz kompanije tvrde da „ne komentarišu spekulacije“",ekonomija
1969,Meta Introduces Voice-Controlled Augmented Reality Glasses,ekonomija
1970,Petković odgovorio na Kurtijeve optužbe,politika
1971,U Poreskoj upravi Srbije obuka uz podršku EU,ekonomija
1972,Ministarstvo prostora traži hitno povlačenje izmene Pravilnika o postupku izrade planova,ekonomija
1973,Zlato sve važnije za centralne banke: Srbija među deset najvećih kupaca u prvom kvartalu,ekonomija
1974,Rusija želi da eksploatiše uranijum u Nigeru,ekonomija
1975,Kada će „Plazma“ ponovo biti u svim prodavnicama?,ekonomija
1976,Učinimo je poznatom! Ovo je sudija koja je pustila na slobodu huligane koji su demolirali prostorije SNS u Valjevu,politika
1977,SRCE: Da li vraćamo zlatne rezerve jer se vlast plaši da gubi podršku Zapada?,ekonomija
1978,Ministar pravde Nenad Vujić sa ambasadorom Holandije: Jačanje saradnje,politika
1979,Pingvini su poleteli! Nikad pre viđeno!,politika
1980,Bacanje prašine u oči javnosti?! Smena Olivere Kovačević: Branko Klanšček ima udarno pitanje za Bujoševića,politika
1981,EU dodala Monako na spisak zemalja visokog rizika za pranje novca,ekonomija
1982,Princ Filip Karađorđević u Hilandaru na pomenu voždu Karađorđu na dan ubistva,politika
1983,"Inflacija u maju pala na 3,8 odsto, hrana i dalje poskupljuje",ekonomija
1984,Vučić: Verujem da će poslodavci prihvatiti povećanje minimalne zarade,ekonomija
1985,Sicherheitsgipfel in München mit Teilnehmern aus 70 Ländern  ,politika
1986,Novi Zeland će naplaćivati pristup popularnim turističkim lokacijama,ekonomija
1987,Totalni raspad! Više se ne zna ko na koga udara: Rat svih protiv svih u opoziciji,politika
1988,Blokader priznao da je psovao majku srpsku: Tužilaštvo predlaže pritvor do 30 dana,politika
1989,Kapa dole - Luka Dončić će donirati 5 miliona dolara,sport
1990,FIFPRO optužila FIFA za autokratsko vođstvo i ugrožavanje prava fudbalera,sport
1991,Kraj za Mitra u Al Hilalu - Zamena je svetski poznati špic,sport
1992,"Kupina preuzela titulu najskupljeg voća u junu, cena stigla i do 1.600 dinara za kilogram",ekonomija
1993,Počela izgradnja železničke pruge od Zemun polja do Nacionalnog stadiona u Surčinu,ekonomija
1994,Srbi iz Pazara strepe od predstojeće noći: Prvi put traže reakciju predsednika Vučića,politika
1995,SSP: Beograd nabavlja vozove za metro sa visinom vrata od svega 190 centimetara,ekonomija
1996,Poznati identiteti privedenih ekstremista: Ovo su nasilnici koji su uhapšeni zbog pravljenja haosa u Novom Pazaru,politika
1997,Opšte rasulo! Dojčinović napao doktora Milića,politika
1998,Jokić frapirao Kineze - Nisu mogli da veruju šta im čovek priča (VIDEO),sport
1999,Kraj sage: Dušan Tadić ne dolazi u Crvenu zvezdu,sport
2000,EPS: Prelazak na naplatu električne energije preko poslovnih banaka nije na štetu ni građana ni EPS,ekonomija
2001,Partizan dobija neočekivano pojačanje: Iskusni vezista uskoro u timu,sport
2002,Strateško partnerstvo četiri globalne aviokompanije,ekonomija
2003,Srđan Blagojević: Ova utakmica oslikava situaciju u kojoj se nalazimo,sport
2004,"Nedeljnik: Zakazano završno ročište u stečajnom postupku nad Beobankom, otvoren put za konačno gašenje",ekonomija
2005,CO2-Steuer sorgt für Streit zwischen Bund und Ländern  ,ekonomija
2006,Policija večeras snima navijače na „Čika Dači” na utakmici „Radničkog” sa Faranima u kvalifikacijama za Ligu konferencija,sport
2007,Inicijativa „Beograd ostaje“ upozorava na divlju gradnju u Jajincima,ekonomija
2008,"Zaječar dobio gradonačelnika: Vladimir Videnović sa liste ""Ne damo Srbiju - Aleksandar Vučić"" na čelu grada",politika
2009,"Srđan Blagojević: Zadovoljni smo pobedom, ali ništa još nije gotovo",sport
2010,Energotehnika-Južna Bačka dobila vredne ugovore za gradnju infrastrukture za napajanje kompleksa EXPO,ekonomija
2011,Naredba o istrazi stigla u Novu S pre nego u sud: Ko iz TOK-a dostavlja podatke i utiče na medijski tok istrage?,politika
2012,Siniša Mali najavio minimalac do kraja 2027. godine od 650 evra,ekonomija
2013,Deutsche Unternehmen investieren verstärkt in KI  ,ekonomija
2014,Ormuski moreuz više nije ključan za Srbiju: Promenjena struktura uvoza nafte,ekonomija
2015,Terzić odredio spisak: Odbojkašice Srbije putuju u Tursku,sport
2016,EPS ima obaveštenje za potrošače iz Beograda u vezi sa računima za struju,ekonomija
2017,Povratak šampiona  ,sport
2018,Zvezda uništila šampiona Poljske! Crveno-beli zahvaljujući Kruniću i Duarteu za korak bliži LŠ!,sport
2019,Jovanjica više nije u blokadi,ekonomija
2020,Poreska reforma  ,ekonomija
2021,"Popirin prvi put poražen na mastersu u Kanadi, Zverev i Hačanov u polufinalu",sport
2022,Aplikacija EDS-a od sada dostupna i za korisnike ajfona,ekonomija
2023,Miloš Plesković osuđen na 15 godina zatvora za ratni zločin,politika
2024,„EU s pažnjom primila k znanju“: Košta odgovorio na pismo Šaipu Kamberiju koje datira od 25. februara,politika
2025,Jelen Karavan kreće od juga ka severu,ekonomija
2026,Er Srbija uspostavila direktnu liniju Beograd-Tbilisi,ekonomija
2027,"Šok promene u kvotama na dan meča sa Oleksandrijom, evo šta kažu bukmejkeri",sport
2028,"„Bolja cena“, „Najbolja cena“, parizer, dva jaja za 22 dinara…: Vučić najavio novi obračun sa trgovcima koji na nefer način podižu cene",ekonomija
2029,Janik Siner ponovo angažovao kondicionog trenera Umberta Feraru koga je otpustio zbog doping slučaja,sport
2030,"Oglasio se Medvedev: Dobro smo upoznati s onim što se dešava u Srbiji, Zapad organizuje proteste u drugim zemljama",politika
2031,Partizan pozvao navijače da poštuju smernice ulaska na stadion i ponašanja,sport
2032,2152 Gheogdn 156433 Gasjgjad,politika
2033,"""Delije"" zagrmele u Poljskoj: Zvezdini navijači bodre od prvog minuta (VIDEO)",sport
2034,"U Srbiji u aprilu izdato 2.316 građevinskih dozvola, 14,9 odsto manje nego u aprilu 2024.",ekonomija
2035,Ivana Španović uzela zlato na državnom prvenstvu i oborila lični rekord,sport
2036,Bogdan otvorio dušu: Kapiten Srbije prvi put o porodičnoj tragediji koja ga je zadesila u Manili,sport
2037,Kad i gde možete da gledate meč Srbija – Grčka za bronzanu medalju na Svetskom prvenstvu,sport
2038,"Igor Popović tajno snimao razgovor sa predstavnicima EU: Objavili ga albanski mediji, koji tvrde – snimao po nalogu BIA",politika
2039,Izjavu „Bozankaje“ iz aprila 2024. o karakteristikama njihovih vozila grad koristi kao demanti vesti o spornoj širini tramvaja,ekonomija
2040,Dokaz da sprovode državni udar: Ovo navode kao razlog Momirovićevog hapšenja (FOTO),politika
2041,"Prodali jeftino, pa kupuju po osam puta većoj ceni: Država od firme Željka Drčelića kupuje parcele za metro koje mu je prodala prošle godine",ekonomija
2042,"Na današnji dan: Rođen bivši srpski zet, muž Ane Ivanović i skandal majstor Bastijan Švajnštajger",sport
2043,Junski susret menadžera u Beogradu: Posvećenost kreiranju boljeg društva i okruženja,ekonomija
2044,"AP Vojvodina: Za realizaciju 33 kapitalna projekta 2,64 milijarde dinara",ekonomija
2045,Senzacija godine - Tinejdžerka počistila sa terena drugu teniserku sveta,sport
2046,"Atlantik grupa zabeležila značajan rast prihoda, ali i pad dobiti",ekonomija
2047,Režimski mediji tvrde da je u toku „pokušaj tužilačkog državnog udara“,politika
2048,"Policija označi vođe, pa pritvor, suđenje, presuda: Piper predlaže recept za blokadere koji dolaze ispred domova neistomišljenika",politika
2049,"Rivaldo o dolasku Rašforda u Barselonu: On je sjajan igrač, vremenom će zaslužiti svoje mesto",sport
2050,"Tramp: Voleo bih da se ponovo kandidujem na izborima, ali verovatno neću",politika
2051,Amazon Rainforest Deforestation Reaches Alarming Levels,sport
2052,Ovo se ne viđa svaki dan: Pogledajte gol kojim je Partizan dobio rivala u Ligi konferencije (VIDEO),sport
2053,"Pedro Fernandez, biser La Masije koji je već oduševio Hansija Flika (VIDEO)",sport
2054,"Strahinja Rašović: Na redu su Rumuni pa osmina finala, ništa nije izgubljeno",sport
2055,"Branko Babić razobličio Kozu na štiklama: ""Dok je ona živela u Beogradu, saborci njenog oca su ubijali srpsku decu"" (VIDEO)",politika
2056,Otvaranje deonice auto-puta do Požege: Vučić poručio onima koji upozoravaju na bezbednost da „mrze svoju zemlju“,ekonomija
2057,Puna istina o tužilačkoj zaveri! Otkrivamo čiji je četvrti potpis na skandaloznoj naredbi za hapšenje Momirovića,politika
2058,"Đoković će igrati na turniru ""Šest kraljeva"" u Rijadu",sport
2059,Posle 10 godina zaštitno lice Totenhema najavilo odlazak iz kluba,sport
2060,"Bez promena na WTA listi, Olga Danilović drži 32. poziciju",sport
2061,Pokret Srba sa KiM „Otadžbina“: Uručenje ordena Vučiću nedostojno i nevalidno,politika
2062,Sada je sve poznato - Evo kolike šanse Zvezda ima u dvomeču protiv Leha (FOTO),sport
2063,"Gmaz i antisrpski šovinista! Tonino Picula bio pripadnik hrvatskih ""Crnih mambi"" (FOTO)",politika
2064,Ambasada SAD: Lideri Kosova su izabrani da rešavaju izazove sa kojima se suočavaju,politika
2065,Marko Arnautović zaplakao na predstavljanju u Zvezdi zbog Siniše Mihajlovića: „Mislim da je ovo moja poslednja stanica karijere“,sport
2066,"Antisrpkinja Nataša Kandić: Vučiću, kad mi dođemo na vlast obeležavaće se genocid u Srebrenici, a ne stradanje Srba u Oluji!",politika
2067,"KRIK istraživanje: Zanimljivi slučaj bankarske službenice, visokog člana stranke i tri nekretnine",ekonomija
2068,Premijer Macut sa ministarkom Mesarović o privrednom razvoju i unapređenju poslovnog ambijenta,ekonomija
2069,"Milojević: Leh izuzetno kvalitetna i kompaktna ekipa, dobri su u svim segmentima igre",sport
2070,„Početkom sledeće godine očekujem defakto priznanje Kosova“: Dušan Janjić o pismu američkih kongresmenki Donaldu Trampu,politika
2071,Novi železnički most na pruzi Pančevo-Zrenjanin biće završen krajem avgusta ili početkom septembra,ekonomija
2072,Macut se sastao sa predstavnicima MMF-a,ekonomija
2073,Danilović bez finala u Montrealu,sport
2074,Stamatović: Zašto je važno da se pobratimimo sa gradom u Kini?,politika
2075,Spitzenpolitiker fordern schärfere Asylregelungen  ,politika
2076,Makedonski reprezentativac Nenad Dimitrijević potpisao za Zenit,sport
2077,"Tramp uvodi dodatne carine Indiji zbog uvoza ruske nafte, ukupno će iznositi 50 odsto",ekonomija
2078,Er Srbija među 100 najboljih avio-kompanija na svetu,ekonomija
2079,Horor - Pas izujedao testise bivšeg fudbalera Barselone: Igrač u ozbiljnom zdravstvenom stanju,sport
2080,Akcije rastu  ,ekonomija
2081,Stupio na snagu sporazum o slobodnoj trgovini između Srbije i UAE,ekonomija
2082,Nikola Jokić u odabranom društvu: Srpski centar među 100 najboljih košarkaša ikada u NBA,sport
2083,Teror se nastavlja! Blokaderi došli na adresu Vladimira Đukanovića - oglasio se advokat i član SNS za Informer (VIDEO),politika
2084,Završena vojna vežba „Srpski štit Z22“ (FOTO),politika
2085,Stevandić: Sarajevo sve dalje od cilja u obračunu sa Dodikom,politika
2086,"Kolumna Dragutina Matanovića: Iza Vučića ostaju auto-putevi, a iza zgubidana terorista prljavština i pretnje",politika
2087,Aleksandrija Mitrović osvojila bronzu na Evropskom prvenstvu,sport
2088,"Srbija emituje nove državne obveznice, zadužuje se za više od pola milijarde evra",ekonomija
2089,(FOTO) Blokaderi zahtevaju od rektora Đokića da im ustupi dodatne prostorije: Traže kafanu i svečanu salu,politika
2090,"Šokantna informacija iz svlačionice - Jokić hoće da završi karijeru, baš ga briga za 300 miliona",sport
2091,"(VIDEO) Da li je sudija pomogao Partizanu? Ukrajinci sa igračem manje, direktan crveni karton",sport
2092,NIS podneo novi zahtev za izdavanje posebne licence Ministarstvu finansija SAD,ekonomija
2093,"Novaković (NPS): Nije realno da izbori budu pre kraja godine, ali Vučiću vreme nije saveznik",politika
2094,Forbs Srbija: Zbog korupcije od 2009. zaplenjeno 40.300 kvadrata,ekonomija
2095,"Interesovanje manje, cene više: Oko 10 odsto manje uplaćenih aranžmana za letovanje, a skuplji do 15 odsto",ekonomija
2096,Unikredit banka upozorava na smishing prevare,ekonomija
2097,"Skinula se Sneža Borjan - Pozirala samo u tangicama i brushalteru, prizor za infarkt (FOTO)",sport
2098,"Moćna poruka Vukotića nakon pobede: Energija i veliko srce, to je ono što nas vodi (VIDEO)",sport
2099,MUP se oglasio saopštenjem povodom tuče ispred „Marakane“: Povređeno više policajaca,sport
2100,Budžet usvojen  ,ekonomija
2101,Extreme Weather Disrupts Air Travel Worldwide,politika
2102,"Pretukla dečka, pa završila u zatvoru: Najbrža žena na svetu završila iza rešetaka zbog nasilja u porodici",sport
2103,"Poljska na nogama zbog dolaska ""delija"": Pokrenuta operaciju ""Beograd""",sport
2104,Olympia 2028: Hamburg erneut im Rennen  ,sport
2105,SRCE: Autoput Beograd-Zrenjanin-Novi Sad skuplji nego autoput kroz kanjon Morače,ekonomija
2106,"Partizan napravio poseban potez pred Oleksandriju - Crno-beli gledali, nisu trepnuli (VIDEO)",sport
2107,Siromaštvo u Srbiji: Skoro 40 odsto građana ne može da priušti nedelju dana odmora van kuće,ekonomija
2108,"Nikezić: Srbija ima zelenaški, a ne stabilan bankarski sistem",ekonomija
2109,Juniori Srbije ubedljivi protiv Grčke na startu Evropskog prvenstva u Beogradu,sport
2110,Naučili ga da glumi žrtvu: Trener Ukrajinaca kuka zbog poraza od Partizana,sport
2111,Sve je na večitima: Srpski koeficijent na leđima Zvezde i Partizana,sport
2112,Jovanović (CLS): Beograd se zadužuje za 15 milijardi dinara kod poslovnih banaka,ekonomija
2113,"Pamtimo nevine, ne zlopamtimo! Patrijarh Porfirije: Srbi u Oluji doživeli strašan progon sa svojih vekovnih ognjišta",politika
2114,"Vladan Milojević u najavi meča na Gibraltaru: Veštačka trava, iskustvo i borbenost aduti Linkolna",sport
2115,Vlahoviću propao još jedan transfer: Evropski velikan otpao iz trke za srpskog napadača (FOTO),sport
2116,"Nakon vesti da se kilogram kupina prodaje za po 1.600 dinara, cena danas na pijacama i upola manja",ekonomija
2117,"Pogledajte sve golove Zvezde protiv Leha - Teror Krunića, monstrum Šerif... (VIDEO)",sport
2118,"Čistka na ""Marakani"": Milojević precrtao defanzivca",sport
2119,"Evropska komisija: Srbija će moći da uvozi ruski gas, ali on ne sme da završi u Mađarskoj",ekonomija
2120,"Vučić o situaciji u BiH: Moja molba svima – samo mirno, Dodik nije generator krize",politika
2121,SPO se izjasnio o pozivu POKS-a princu Filipu Karađorđeviću,politika
2122,Brnabić oplela po Tužilaštvu: Jedini cilj im je da optuže Vučića,politika
2123,Beogradske elektrane nakon više do decenije u minusu: Zašto su bolje preživele godinu energetske krize nego prošlu?,ekonomija
2124,Savez udruženja poljoprivrednika Banata odbija poziv ministra za razgovor do ispunjenja sporazuma,ekonomija
2125,Bivši as poljske lige za Informer otkriva slabe tačke Leha – Zvezda može da ih slomi!,sport
2126,"Kecmanović protiv Kvina, Međedović sa Kovačevićem u prvom kolu Mastersa u Sinsinatiju",sport
2127,"Vučić ljut priznao da je Srbija sama, a on prevaren: Zašto predsednik menja retoriku?",politika
2128,Koliki je minimalac u Srbiji u odnosu na zemlje bivše SFRJ?,ekonomija
2129,Ministarstvo poljoprivrede: Objavljena bodovna lista za IPARD podsticaje za nove traktore,ekonomija
2130,Svetska atletika uvodi genetski test za učešće u ženskoj kategoriji,sport
2131,Branilac Luka Mišetić: U Tačijevu odbranu svedočiće međunarodni zvaničnici ako dobiju odobrenje država,politika
2132,(VIDEO) Šok priznanje tajkunskog novinara: Zahtev za izborima služi samo da bi se nastavilo pumpanje posle izbora,politika
2133,„Osećam euforiju i nadam se da će to biti ozbiljan talas koji će se produžiti“: Blagojević ima molbu za navijače Partizana pred revanš sa Oleksandrijom,sport
2134,„Beograd u teškoj finansijskoj situaciji“: CLS saznaje da će 27. juna biti održana gradska sednica o rebalansu budžeta,ekonomija
2135,"Poslanik Radovanović: SAJ, BIA, Kobre…700 pripadnika bezbednosnih službi obezbeđivalo Informerov skup u Požegi",politika
2136,Potpisani ugovori za prvu zgradu koja se finansira kraudfandingom,ekonomija
2137,"Deceniju nelegalno davali kredite, zaradili 17,5 miliona dinara",ekonomija
2138,Tuga: Preminuo naš bivši reprezentativac,sport
2139,"Orban se oglasio povodom presude Dodiku: Mađarska je ne priznaje, on je izabrani lider Republike Srpske",politika
2140,"Izdajnici! Pre Marinike Tepić jedna od vođa blokadera pozivala na oluju, citirala Milu Pajić (VIDEO)",politika
2141,Trening povreda  ,sport
2142,"""Grobari"", evo od kada kreće prodaja ulaznica za meč Partizan - Hibernijan",sport
2143,Odličan kraj Lige nacija: Srbija trećom pobedom završila takmičenje,sport
2144,Od Đinđićevog kabineta do SNS optužnica: Putanja Gorana Vesića,politika
2145,„Ana Brnabić širi nacionalnu i versku mržnju“: Deo narodnih poslanika tužio VJT predsednicu Skupštine,politika
2146,Srpska IT asocijacija: Ukidanje podsticaja bez najave ugrožava poslovanje i poverenje investitora,ekonomija
2147,Tech-Messe in Hannover zieht internationale Besucher an  ,ekonomija
2148,„Drže opelo nad rakom koju su sami iskopali Srbima iz Krajine“: Parandilović iskritikovao Vučića i Dodika,politika
2149,Spartak pobedio OFK Beograd u poslednjoj utakmici prvog kola Superlige,sport
2150,Mesi i Alba suspendovani na jednu utakmicu zbog izostanka sa Ol-star meča MLS lige,sport
2151,"Vreme: Milionska odšteta putnicima umalo kobnog leta, a istraga tapka u mestu",ekonomija
2152,Podignuta optužnica protiv blokadera: Bacio topovski udar na policajce na protestu 28. juna,politika
2153,"Oluja, požar i druge nepogode: Kako naplatiti štetu i šta je pokriveno osiguranjem?",ekonomija
2154,Južnokorejska kompanija prva na tenderu za dodelu koncesije za crnogorske aerodrome,ekonomija
2155,Grčka uvodi porez turistima na putovanja kruzerom,ekonomija
2156,Vučić odgovorio Ružiću: On nikada nije pripadao ni četnicima ni partizanima,politika
2157,VUČIĆ RASTURIO RUŽIĆA! Ne ide se u četnike '45?! Al' Ružić ode u baliste!,politika
2158,"Poljoprivrednici: Ako za 10 dana ne padne kiša, soja i kukuruz će propasti",ekonomija
2159,Ukrajinci poručuju pred revanš u Humskoj: Nećemo to da im dozvolimo,sport
2160,BG Titan Group iz SAD preuzeo Adria Telekom – srpska tehnologija kreće u osvajanje sveta,ekonomija
2161,World Leaders Meet to Discuss Artificial Intelligence Ethics,sport
2162,Prošla je godina od dana kada je Novak Đoković debelo u prašini ostavio Nadala i Federera,sport
2163,"Sednica Skupštine grada Novog Sada: Na dnevnom redu finasije preduzeća, budžet i Muzej Milunke Savić",politika
2164,Đukanović o naslovnoj strani tajkunskog lista: Više i ne kriju da im je krajnji cilj hapšenje Vučića,politika
2165,"Nebojša Bakarec: Zveri, prostaci i neljudi - reakcije opozicije na moždani udar Darka Glišića!",politika
2166,Novak će igrati na Ju-Es openu,sport
2167,"Hapšenje vlasnika više od 20 firmi, krivične prijave protiv odgovornih lica firmi Novice Tončeva",ekonomija
2168,Dušan Tadić ipak blizu Crvene zvezde?,sport
2169,Ovi stvarno nisu normalni - Ludaci sa krvavim rukama danas u Salcburgu! Krone: Otvaranje zasenčeno protestom (VIDEO),politika
2170,Gašić: Helez nema pravo da poziva na svrgavanje vlasti u Srbiji,politika
2171,Danas 50. pokušaj konstituisanja Skupštine Kosova,politika
2172,"Registrovana zaposlenost u drugom kvartalu: Pao broj zaposlenih u firmama, skočilo zapošljavanje kod preduzetnika",ekonomija
2173,Država uzela kredit od EBRD-a od 50 miliona evra za efikasnije grejanje,ekonomija
2174,"U opštini Bogatić, zbog afričke kuge, eutanazirano oko 150 svinja",ekonomija
2175,"Turističke agencije, Er Srbija, Alta banka, Singidunum… osnovali novu turističku asocijaciju: Čime će se baviti?",ekonomija
2176,Politička kriza  ,politika
2177,Zvezdini biseri će zaludeti Evropu - Pogledajte majstorije Zarića i Stojkovića (VIDEO),sport
2178,(VIDEO) Evo kako je uživo u programu Glišić doživeo moždani udar,politika
2179,Zadaci komisije za nuklearnu energiju edukacija kadrova i priprema javnog mnenja,ekonomija
2180,Neue Maßnahmen zur Bekämpfung der Kinderarmut beschlossen  ,politika
2181,"Zaposlimo 800, a otkaz dobije 1.900 radnika: Zašto se zatvaraju fabrike po Srbiji?",ekonomija
2182,ECB smanjila ključnu kamatnu stopu na dva odsto,ekonomija
2183,Kako što jeftinije proći na letovanju: Plaćati kešom ili karticom?,ekonomija
2184,New Study Links Air Pollution to Cognitive Decline,politika
2185,Predsednik Sudijske komisije FSS-a Domeniko Mesina održao radni sastanak sa predstavnicima  Super lige i Prve lige Srbije,sport
2186,Inflacija opet ubrzava: Poskupljenje voća i povrća i goriva u junu,ekonomija
2187,Evo gde i kad možete da gledate prenos utakmica Radničkog i Novog Pazara u LK,sport
2188,Vlahović začepio usta pljuvačima: Ušao sa klupe i posle 22 sekunde raspalio projektil (VIDEO),sport
2189,"Nikola Vujadinović za Informer: Leh će pritiskati od početka, ali Zvezda je favorit (VIDEO)",sport
2190,Brutalan povratak: Bivši igrač Partizana dao gol posle dve godine bez fudbala (VIDEO),sport
2191,Oglasio se Marko Arnautović dan posle debija za Crvenu zvezdu,sport
2192,Nebojša Vujović analizira šta je Vučić poručio Zapadu u Sremskim Karlovcima,politika
2193,Odakle je poreklom Marko Arnautović? Zvezdin as potiče sa međe dva srpska naroda,sport
2194,"Debakl Lalatove Budućnosti u Evropi: ""Mnogo boli ovaj poraz, ne bih o upravi...""",sport
2195,Zvezda zna potencijalne rivale u plej-ofu: Ovo su moguće opcije,sport
2196,"Preokret: Ništa od Reala, Vasa Micić potpisao jedan od najvećih ugovora u istoriji Evrolige",sport
2197,Da li je revizija biračkog spiska nužan uslov za izlazak na izbore?,politika
2198,"EKSKLUZIVNO! Ovako je srpski izdajnik Kurtiju prodavao informacije o BIA, MUP i VS za samo par stotina evra (VIDEO)",politika
2199,Košarkaš Barselone završio karijeru u 32. godini,sport
2200,Atanacković: Poslodavci bi pristali na povećenje minimalca ako i država snosi teret,ekonomija
2201,"Kakvu je to važnu poruku italijanska premijerka Đorđa Meloni, tokom blic posete, prenela predsedniku Srbije?",politika
2202,Poreska uprava uvela zakazivanje poziva preko govornog automata,ekonomija
2203,Srpski strelci osvojili dve bronze u gađanju MK puškom iz trostava na Evropskom prvenstvu,sport
2204,Zašto je Rumunija upozorila svoje državljanje da ne putuju kroz Kosovo?,politika
2205,Vučić se obratio Glišiću koji je u teškom stanju,politika
2206,Elektrodistribucija: Odlaže se tromesečno očitavanje brojila,ekonomija
2207,Poljoprivredna saradnja sa afričkim državama: Glamočić na samitu u Adis Abebi,ekonomija
2208,"Vučević: Gradili smo Srbiju gde vlada pravo i pravda, a ne motke i kamenje",politika
2209,Delegacija Srpske liste razgovala sa Sorensenom o teškom položaju Srba na Kosovu,politika
2210,"VIŠE OD 30.000 LJUDI NA KIŠI U SREMSKIM KARLOVCIMA! Sa predsednikom Vučićem obeležili Dan sećanja na stradale u ""Oluji"" (FOTO)",politika
2211,SRCE: Hitno zatvoriti Prokop zbog bezbednosti putnika,ekonomija
2212,"Vlada ukinula podsticaje za strance, IT na udaru: Da li Srbija zanemaruje najbrže rastući sektor?",ekonomija
2213,"Prosečna plata u aprilu oko 109.000 dinara, medijalna ispod 84.000",ekonomija
2214,Produžen rok za popis stanovništva na Kosovu samo za Srbe,politika
2215,Ovo je najteža situacija za Srbiju od 2008. godine! Vučić: Moramo očuvati mir i stabilnost naše zemlje,politika
2216,Šta kaže Ana Brnabić o Darku Glišiću?,politika
2217,Albanci čekaju Sava Manojlovića da im isporuči Kosovo na tacni: Terzić rasturio Rokfelerovog potrčka,politika
2218,Kompanjia Ekspo potvrdila promene u rukovodstvu,ekonomija
2219,"Stiže podrška Glišiću: Darko, ti si uvek bio pobednik, pobedićeš i sada!",politika
2220,"Darko Glišić doživeo moždani udar, Vučić stigao u bolnicu",politika
2221,Skandal u vrhu  ,politika
2222,Država prazni Akcionarski fond: Prvi na berzu ide Interservis,ekonomija
2223,Pakleni plan blokadera na Pravnom fakultetu: Hoće da vrbuju brucoše koji sutra polažu prijemni ispit,politika
2224,Gubitak Poljske oko dve milijarde evra: Bolji i loš dogovor nego besmisleni carinski rat sa SAD,ekonomija
2225,"(VIDEO) Prodali im mu*a za bubrege! Ustaški nakot pružao podršku blokaderima, a šta stvarno misle o Srbiji videlo se u Splitu!",politika
2226,Novak Đoković će učestvovati na turniru sa najvećim nagradnim fondom,sport
2227,"Fudbaleri Crvene zvezde, ako prođu Leh, protiv Dinama iz Kijeva ili Pafosa",sport
2228,"FSS žestoko kaznio Partizan: Klub iz Humske ostaje bez novca, a dobio je i uslovnu",sport
2229,"NBS: Referentna kamatna stopa ostaje 5,75%",ekonomija
2230,Vučić poslao jaku poruku: Srpski narod je uvek bio glavna brana fašizmu i tako će biti i ubuduće (VIDEO),politika
2231,Juniorska košarkaška reprezentacija Srbije savladala Severnu Makedoniju na Evropskom prvenstvu,sport
2232,Niko Vilijams produžio ugovor sa Atletikom iz Bilbaa do 2035. godine,sport
2233,"Kosovo: Propao i 53. pokušaj konstituisanja parlamenta, sledeći večeras u 22 sata",politika
2234,Srbija i Hrvatska rešavaju pitanja penzija i radnog staža: PIO poziva građane na razgovore u Novom Sadu i Beogradu,ekonomija
2235,Obeležavanje 30 godina od „Oluje“: Zapaljivi govori Vučića i Dodika u Sremskim Karlovcima,politika
2236,Država podelila po 500.000 dinara za najbolje biznis ideje mladih,ekonomija
2237,Vlada Srbije obeležava prvih 100 dana rada posetom južnoj i istočnoj Srbiji,politika
2238,Lider SNS obišao srpsku svetinju i novoizgrađeni konak! Dobio Orden svetog apostola i jevanđeliste Luke prvog reda (FOTO),politika
2239,Transfer bomba  ,sport
2240,"Detonacija na ""Marakani"" - Dušan Tadić je novi fudbaler Crvene zvezde?",sport
2241,Blokaderski šamar opoziciji! Umesto privremene vlasti traže punu kontrolu do 2029. godine (FOTO),politika
2242,"Partizanov junak o sinu: Plakao je kao kiša, nadam se da se sada smeje!",sport
2243,"Oglasio se Dodik posle skandalozne odluke da mu se oduzme mandat: ""Predaja nije opcija""",politika
2244,Svi Srbiji gledaju u leđa: FIBA objavila novi presek favorita za Evrobasket (FOTO),sport
2245,Kolumna Dragutina Matanovića: Petrovačka cesta nekažnjeni monstruozni zločin Hrvata,politika
2246,Finalna utakmica  ,sport
2247,Belgija pronašla formetanat u zamrznutim jagodama iz Srbije,ekonomija
2248,Ostaju iza rešetaka: Određen pritvor do 30 dana napadačima na policiju u Novom Pazaru,politika
2249,"„Veterinar i lovac izabran uz nasilje“: Ko je Vladimir Videnović, novi gradonačelnik Zaječara?",politika
2250,"Krunić izrešetao Poljake, pa poručio: Ništa nije gotovo, ako hoćemo prolaz moramo da uradimo ovo!",sport
2251,Objavljene nove cene goriva koje će važiti do 18. jula,ekonomija
2252,Brnabić odgovorila Tadiću: Dobro je ova naša Srbija ovakve preživela,politika
2253,"Fudbaleri IMT-a pobedili Novi Pazar, remi Železničara i Napretka u Superligi Srbije",sport
2254,New App Helps Detect Skin Cancer Early,ekonomija
2255,Istina o stvarnom stanju i strukturi spoljnog duga Srbije,ekonomija
2256,"Terzić presekao: Poznat spisak za Tursku, u igri ostaje 16 odbojkašica",sport
2257,Hot - Ana Ivanović pozirala polugola: Pokazala izvajano telo i provokativnim izdanjem zapalila mreže (FOTO),sport
2258,Što se tiče vanrednog stanja... Vučić dao odgovor na udarno pitanje,politika
2259,"Srbija bez finala na Svetskom prvenstvu, Mađari iskoristili lošu igru „delfina“ u odbrani",sport
2260,&&&&&&&&&$$$$$$$$11135331(((((((,ekonomija
2261,"Andrija Maksimović po odlasku iz Crvene zvezde: „Zauvek vaš, ovo nije zbogom“",sport
2262,Tadej Pogačar ispisuje istoriju na Tur d’Fransu,sport
2263,Privreda SAD pala u prvom tromesečju usled Trampovih trgovinskih ratova,ekonomija
2264,Ministarstvo: Postrojenje za odsumporavanje na TENT A ne radi zbog ugovorne inspekcije,ekonomija
2265,Novosađani traže ukidanje putarine na teritoriji grada,ekonomija
2266,Rapajić: Osmani pokazala nepoštovanje suda,politika
2267,"Ukrajinka mrzi Ruskinju iz dna duše - Pogledajte ovu scenu, čitav svet bruji o njenom potezu (VIDEO)",sport
2268,NBA pojačanje o dolasku u Zvezdu: Pogledao sam video klip i rekao “vau” (VIDEO),sport
2269,City Council Approves Plan for Green Urban Development,politika
2270,Novak doneo neočekivanu odluku: Otkazao učešće na turniru u Americi,sport
2271,Macut se sastao sa predstavnicima Ziđina,ekonomija
2272,Šokaktne vesti iz Novog Pazara - Ljajić napušta klub i seli se u komšiluk,sport
2273,Raspisan poziv za podsticaje u izgradnji poljoprivrednih objekata,ekonomija
2274,Parandilović odgovorio Srpskoj listi: Najveći Kurtijevi saveznici su Vučić i SNS,politika
2275,Srbija jedna od evropskih zemalja gde se rast cena u junu drastično osetio,ekonomija
2276,Iznenađenje na Svetskom prvenstvu: Vaterpolisti Srbije saznali ime potencijalnog protivnika u osmini finala,sport
2277,Ozbiljno pojačanje: Fenerbahče doveo beka iz NBA koji je beležio preko 10 poena po utakmici,sport
2278,Poreska uprava raspisuje nov konkurs za zapošljavanje 208 izvršilaca,ekonomija
2279,Cyberattack Hits Major U.S. Health Provider Network,politika
2280,Nebojša Čović o učešću Nikole Jokića na Evrobasketu: Iskreno se nadam najboljem…,sport
2281,New Variant of COVID-19 Detected in Several Countries,politika
2282,"U Srbiji više od 215.000 ljudi radi duže od osam sati dnevno, šest dana u nedelji",ekonomija
2283,FK Zvezda: U toku onlajn prodaja ulaznica za meč protiv TSC-a,sport
2284,"Bitkoin blago pao na 99.000 evra, itirijum porastao za 1,48 odsto na 3.164 evra",ekonomija
2285,VJT: Zbog pranja novca uhapšeno 18 osoba,ekonomija
2286,Odbojkašice Srbije “prosule” 2:0 u setovima protiv Turske,sport
2287,"""Bavićemo se izvršiteljima!"" Vučić: Sirotinja ostaje bez svojih kuća, to moramo zabraniti (VIDEO)",politika
2288,Ministarstvo spoljnih poslova Srbije upozorava povodom hapšenja zvaničnika Vlade na Kosovu,politika
2289,Ministarstvo poljoprivrede priprema novi zakon o hrani za životinje,ekonomija
2290,NDSS Beograd: JKP Beogradski metro iznajmljuje štampače za 4.000 evra po komadu,ekonomija
2291,"Pajić (PSG): Vlast izmišlja štetne projekte, iza svega očigledno stoje Selaković i Mali",politika
2292,Nikola Jokić se trkao sa brzim vozom u Kini (VIDEO),sport
2293,Kurs evra  ,ekonomija
2294,Prodaja električnih automobila u EU porasla za 22 odsto,ekonomija
2295,Protest radnika zrenjaninskog preduzeća za zapošljavanje invalida Stil – bez plate od aprila,ekonomija
2296,Prvi put u istoriji direktan let između Beograda i Tbilisija 15. juna,ekonomija
2297,Narodna banka upozorava na SMS prevare: Ne ostavljajte podatke o platnim karticama,ekonomija
2298,"Gana se više od Srbije odužila Oliveri Miljković: Osnovana Fondacija, put i ulica koje nose njeno ime",sport
2299,"Uvoz polovnih automobila u Srbiji raste, ali mnogo onih sa Euro 3 i Euro 4 motorima",ekonomija
2300,"Psovali majku srpsku, povredili šest policajaca, napali novinare... Gebelsovski otrov izazvao haos u Novom Pazaru!  (FOTO/VIDEO)",politika
2301,Dačić pojasnio šta je mislio kada je rekao da je Srbija prevarena pri potpisivanju Briselskog sporazuma,politika
2302,Investicioni fond  ,ekonomija
2303,"Zvezdin veliki promašaj, sad ga niko neće - Nemci se hvataju za glavu od muke",sport
2304,Ko je na redu da ga Vučić uhapsi?,politika
2305,Ovo niko nije očekivao: FSS se oglasio porukom zbog Vanje Milinković-Savića (FOTO),sport
2306,Kokanović: Pozvali smo policiju jer ne dozvoljavamo da Milenijum tim trasira gasovod za Rio Tinto,ekonomija
2307,Banka ugašena  ,ekonomija
2308,"Ustaški pir u Splitu! Navijači Hajduka pevali ""Kiša pada, Srbija propada..."", a onda usledilo skandiranje ""Za dom spremni"" (VIDEO)",politika
2309,Petković osudio atak na Marka Đurića: Napad je posledica kampanje mržnje blokadera i medijskih trovačnica,politika
2310,Poljaci nemaju dilemu - Uvereni su da će Leh razbiti Zvezdu,sport
2311,Rasplamsavanje sukoba Maska i Trampa srušilo akcije Tesle,ekonomija
2312,Izborna tišina  ,politika
2313,"""Ovo nije zaslužila"": Otac zgubidana Pavla Cicvarića napada blokadere zbog Marinike Tepić (FOTO)",politika
2314,Poljoprivrednici blokirali centar Bogatića: Protest protiv stanja u agraru i ponašanja Ministarstva,ekonomija
2315,Mlada košarkaška reprezentacija Srbije u četvrtfinalu Evropskog prvenstva,sport
2316,Čuma Okeke nova akvizicija Madriđana,sport
2317,Dušan Mandić uoči meča protiv SAD: Znamo da je četvrtfnale najteža utakmica na svakom takmičenju,sport
2318,Lidl povlači električni uređaj zbog rizika od požara,ekonomija
2319,Vučić: Sledi vreme odgovornosti za one koji su uništavali državu nakon pada nadstrešnice,politika
2320,Severe Drought Threatens Crops Across Midwest,politika
2321,Mali: Odluka o povećanju minimalca u naredne dve nedelje,ekonomija
2322,Đurić sa Guterešom o pritvaranju srpskog zvaničnika na Kosovu,politika
2323,"Misterija broja 190 na računima za struju: Kad se radi s državom, nebo je granica",ekonomija
2324,Fortenova grupa refinansirala dug od 550 miliona evra,ekonomija
2325,Vasilije Micić „na radaru“ jednog od najboljih timova u Evroligi?,sport
2326,"Andrija Maksimović potpisao petogodišnji ugovor sa Lajpcigom, Crvena zvezda zaradila 14 miliona evra uz eventualne bonuse",sport
2327,"Nijedna vam ""Oluja"" više neće uspeti, nikada više! Vučić poslao moćnu poruku na obeležavanju Dana stradalih u ""Oluji"" (FOTO/VIDEO)",politika
2328,"Noćenja stranih turista sve više, ali zato veliki pad noćenja domaćih turista",ekonomija
2329,Kuće u EU za 15 godina poskupele za gotovo 60 odsto,ekonomija
2330,Šta će reći navijači Vojvodine? Ovako je pričao Dušan Tadić,sport
2331,Ovo zanima ceo svet - Dončić otkrio kako je smršao i začepio usta hejterima (FOTO),sport
2332,Objavljena ATP lista: Novak Đoković na šestom mestu,sport
2333,Kragujevčani se nadaju prolasku dalje - Stojković: Idemo na Farska Ostrva da se borimo,sport
2334,Nevidljivi miritelj: 100 dana Macutove vile,politika
2335,"Monstruozan potez Japanca obišao svet - Bacio ga je na pod, a onda je usledila agonija (VIDEO/FOTO)",sport
2336,"Milica ostavlja bez daha, gore mreže - Fotkom u bikiniju raspametila muškarce (VIDEO/FOTO)",sport
2337,Odbojkaši Srbije od četvrtka na pripremama za Svetsko prvenstvo,sport
2338,"Oglasio se prevarant Milomir Jaćimović, spremio autobuse za Novi Pazar, pa poručio: Pumpaj bagru!",politika
2339,I u maju nastavljen trend pada broja turista u Srbiji,ekonomija
2340,U maju rast prometa u maloprodaji,ekonomija
2341,Novi šokantni detalji: Ana izbacila Bastijana iz kuće - procurelo kako je Ivanovićeva saznala da je Švajni vara,sport
2342,"Još jedan Srbin na Ostrvu: Reprezentativac ""orlova"" pojačao Norič",sport
2343,Hvalospev tajkunskog Danasa: Slavimo Oluju i hrvatsku vojsku,politika
2344,Mali sutra u Japanu otvara konferenciju Investment Conference – EXPO Osaka 2025,ekonomija
2345,Kad i gde možete da gledate vaterpolo meč Srbija – Rumunija na Svetskom prvenstvu?,sport
2346,"Ko je ministar Usame Zukorlić, bez koga bi, kako tvrdi, Bošnjaci ostali bez investicija?",politika
2347,Otkriven uzrok smrti Hulka Hogana: Objavljeni potresni detalji poslednjih dana života,sport
2348,Sud u Prokuplju doneo odluku: Kurtijev špijun Saša Đorđević ostaje u pritvoru,politika
2349,Minimalac u Srbiji od 1. oktobra ove godine biće povećan na 58.630 dinara,ekonomija
2350,Poznato ko sudi mečeve između Leha i Crvene zvezde u kvalifikacijama za Ligu šampiona,sport
2351,Vladimir Kokanović imenovan za v.d direktora Uprave za saradnju s dijasporom,politika
2352,Cena goriva  ,ekonomija
2353,Er Srbija na meti hakera,ekonomija
2354,(FOTO) Potez igrača Leha oduševio navijače Zvezde: Ovo je pravi primer sportiste,sport
2355,Mašite mu i dalje! Simpatizer srpskih blokadera pozira sa čovekom koji je ubijao i proterivao Srbe (VIDEO),politika
2356,Čadež (PKS): Roba iz Srbije na listi prioriteta Kine,ekonomija
2357,Putevi Srbije: Rekonstrukcija desne trake brze saobraćajnice Iverak – Lajkovac do 30. juna,ekonomija
2358,"Navijači Budućnosti umalo ubili mladića jer nije hteo da skine majicu Partizana - ""Da te više nismo videli to da nosiš, pa idi u Srbiju""",sport
2359,"Američke kamatne stope ostaju nepromenjene: Tramp tražio sniženje, FED odoleo",ekonomija
2360,Umfrage: Vertrauen in Medien weiter rückläufig  ,sport
2361,Nova ekonomija: NBS se zadužila tri milijarde evra na repo tržištu po izuzetno visokim kamatama,ekonomija
2362,Počinje letnja sezona saobraćaja voza za Bar: Ovo su vreme polaska i cena karte,ekonomija
2363,Basketball-Bundesliga: Alba Berlin bleibt ungeschlagen  ,politika
2364,RTS: Ko će u novoj grejnoj sezoni plaćati niže račune?,ekonomija
2365,Poreska uprava: Poljoprivrednicima stižu rešenja o doprinosima za 2025.,ekonomija
2366,Blokader koji je psovao Isusa doživeo saobraćajku: Totić posle pritvora sleteo s puta,politika
2367,U prvom tromesečju poslovni rashodi privrede rasli brže od prihoda,ekonomija
2368,Ćalović potpuno prolupao: Opozicioni odbornik iz Čačka izneo besmislene tvrdnje za Šolakovu N1 (VIDEO),politika
2369,Inženjeri traže od ministarke građevinarstva da se založi protiv rušenja hala 2 i 3 Beogradskog sajma,ekonomija
2370,Neočekivana transfer lista u Barseloni: Posle 11 godina slobodna i legenda kluba,sport
2371,Solidarnost: Omogućeno dalje rasparčavanje javnih preduzeća u Srbiji,ekonomija
2372,Mančester junajted spremio 85 miliona za napadača,sport
2373,"Na Halkidikiju trenutno 150.000 turista, petina iz Srbije",ekonomija
2374,Mi snaga naroda zahteva hitnu reakciju Ministarstva spoljnih poslova,politika
2375,Objavljene nove cene goriva koje će važiti do 4. jula,ekonomija
2376,"Nezavisnost: Grupa rudara rudnika Lece otpuštena bez objašnjenja, dvojica započela štrajk glađu",ekonomija
2377,"Igor Popović ostaje u pritvoru na Kosovu, žalba odbijena",politika
2378,Sada je zvanično: Bivši defanzivac Partizana ima novi klub,sport
2379,Luis Dijaz novi fudbaler Bajerna,sport
2380,„Marakana“ videla Arnautovića: Goleada Crvene zvezde za plasman u treće kolo kvalifikacija za Ligu šampiona,sport
2381,Bečki institut: Opada obim stranih investicija u Istočnu i Jugoistočnu Evropu,ekonomija
2382,NBS radi dodatne analize pre predlaganja rešenja za smanjenje marži banaka,ekonomija
2383,Šta je Dačić rekao za Danas odgovarajući na prozivke da je vreme da se skloni sa čela SPS?,politika
2384,Pogledajte sastav Partizana za utakmicu sa Oleksandrijom,sport
2385,"Drčelić objasnio zašto Petrušev, Micić i Gudurić neće igrati u Crvenoj zvezdi naredne sezone",sport
2386,Brnabić sa Fon Bekeratom: Punopravno članstvo je strateški cilj Srbije,politika
2387,„Onda smo čuli psovanje majke srpske i Hrista“: Ana Brnabić tvrdi da će Vučić sprečiti međunacionalne sukobe,politika
2388,(FOTO) Sad je još jasnije: Blokadere u Novom Pazaru obišao Ugljanin,politika
2389,"Na jugu Srbije najveće plate u aprilu imali zaposleni iz niške opštine Medijane, najmanje u Bojniku",ekonomija
2390,Danas saznaje: U kom gradu će Vučić i Dodik obeležiti 30 godina od Oluje?,politika
2391,"Blokaderski juriš na fotelje! Bukti rat između Eko straže i đilasovaca, pale su i sudske tužbe",politika
2392,"Katastrofa za Leh, ostao bez najboljeg igrača: Zvezda bolju vest nije mogla da dobije",sport
2393,Donte di Vinćenco dobio italijansko državljanstvo pred Evropsko prvenstvo u košarci,sport
2394,"Vladan Milojević pred OFK Beograd: Poštujemo protivnika, fokusirani smo na napredak igre",sport
2395,"Milivojević: Svi koji su u ovu Vladu ušli imenom i prezimenom, iz nje će izaći sa inicijalima",politika
2396,FIFA postigla dogovor sa sindikatima fudbalera o minimalnim standardima odmora,sport
2397,(VIDEO) Stoka blokaderska! Teroristi zgubidani poručuju: Srbi su krivi što su proterani u Oluji,politika
2398,Het-trik torti: Miloševića dočekalo specijalno iznenađenje nakon pobede (VIDEO),sport
2399,Luka Jović odbio sve ponude - Želi samo u ovaj klub,sport
2400,Remi u derbiju  ,sport
2401,I Jokić i NBA iznenađenje: Svetislav Pešić odredio spisak igrača pred Evrobasket,sport
2402,Musolini sledeće sezone u Kremonezeu: Lacio poslao na pozajmicu „Dučeovog” praunuka,sport
2403,U zamci srednje razvijenosti: Zašto Srbija i dalje tapka u mestu?,ekonomija
2404,Pavkov: Deponija pepela u Kragujevcu odlazi u prošlost,politika
2405,"Neverovatno... Komičan autogol u Staroj Pazovi, fudbaleri Javora u neverici gledali (VIDEO)",sport
2406,Endi Marej priznao da nije uvek mogao da pomogne Novaku Đokoviću,sport
2407,Javni govor  ,politika
2408,"(VIDEO) Teroristi podržavaju teroristu: N1, opozicija i blokaderi organizovali protest zbog optužnice protiv Ivana Matovića",politika
2409,Vil Klajburn novi košarkaš Barselone,sport
2410,"Kiša došla kao blagoslov, ali na nekim njivama više nema šta da spasi: Žitarice desetkovane, poljoprivrednici gledaju ka državi",ekonomija
2411,"Ne pucajte, ne stavljajte omču oko vrata...  Milojević podviknuo posle Leha",sport
2412,Preokret u finišu  ,sport
2413,"Španci juniorski šampioni Evrope, naš Pavle Bačko u najboljoj petorci",sport
2414,Zvezdi se ne piše dobro: Kiprani sa legendom Čelsija u timu čekaju srpskog šampiona (VIDEO),sport
2415,Ostaje u Evroligi: Lorenco Braun potpisao za Armani,sport
2416,Tri meseca nakon puštanja iz pritvora Nenad Stanković postavljen za predsednika FK „Sinđelić“,sport
2417,Povreda kapitena  ,sport
2418,Cena gasa,ekonomija
2419,"INTERVJU Branko Ružić: Koliko god surovo zvučalo, „ne ide se u četnike ’45.“",politika
2420,Marko Đurić: Napadnut sam dok sam šetao sa ćerkama,politika
2421,"„Ljudi koji vode EPS ne misle ništa dobro tom preduzeću“: Rudari protestovali u Lazarevcu, došli do kuće direktora u Rudarskom basenu Kolubara",ekonomija
2422,"Advokat Prelević: Vučić ne može da vodi politiku pendrekom, sledi vruća jesen",politika
2423,Niški aerodrom u maju ugostio više od 33.000 putnika,ekonomija
2424,KFOR o tvrdnjama Osmani: Nismo primetili značajne promene u prisustvu srpske vojske,politika
2425,Lutovac: Vučiću ne odgovara da Srbija postane uređena demokratska država,politika
2426,Počine rasprodaja portfelja Akcionarskog fonda: Ministarstvo privrede u trgovanje na Beogradskoj berzi uključiće akcije Interservisa iz Futoga,ekonomija
2427,Nebojša Bakarec: Šteta u SKC je oko milion evra,politika
2428,Brutalan napad na Švajnija - Pljušte uvrede na rođendan (FOTO),sport
2429,"Vaša banka je na uglu glavne ulice, ali i u vašem telefonu",ekonomija
2430,Tadić: Vučić pomilovanjima poslao poruku svim „batinašima i kriminalcima iz sistema SNS“ da „i oni mogu da krše zakon“,politika
2431,"Igrao LŠ, postao predsednik, sad će u trenere - Čuveni as odsvirao kraj: Strancima je Partizan posao, deci emocija",sport
2432,Ovo zanima sve zvezdaše - Evo gde možete da gledate meč Leh - Crvena zvezda,sport
2433,Da li se to u LA pravi prostor za tandem Dončić – Jokić?,sport
2434,asg edghthkf            asfgasfagg eeeekqwefa,sport
2435,"""Ne damo našu Srbiju dušmanima!"" Vučić na promociji najmlađih oficira: Veliko hvala onima koji su pružili najviše - svoju decu (VIDEO)",politika
2436,"Protest rudara večeras u Lazarevcu: „Na dan rudara, rudari bez prava“",ekonomija
2437,Umro osnivač komanije Fedeks Fred Smit,ekonomija
2438,Tajkunski Danas preneo da je Vučić pretio Hrvatima?! Na dan sećanja na stradanje Srba oni stali na stranu Hrvatske,politika
2439,Predsednica Kosova: Zabrinjavajuće da Specijalni sud koristi falsifikovane materijale iz Srbije,politika
2440,Oglasio se SKONUS nakon nasilja u Novom Pazaru: Očekujemo osudu od rektora Đokića,politika
2441,Predsednik Srbije kaže da je bitno da država pokaže dobru volju da se istraži slučaj pada nadstrešnice,politika
2442,Zašto gradonačelnik Čačka u narednom periodu neće obavljati tu dužnost?,politika
2443,"Bruka i sramota komšija - Saznali da fudbaler ima rak, pa uradili ovo: Skandalozna objava zgrozila sve (FOTO)",sport
2444,Isplivali detalji Ljajićevog ugovora - Poznato i kolika će mu biti plata u novom klubu,sport
2445,Petković: Od dolaska Kurtija na vlast 700 incidenata prema Srbima na Kosovu i Metohiji,politika
2446,EBRD odobrio kredit od 60 miliona evra za IT firmu HTEC,ekonomija
2447,(VIDEO) Nestorović vrbuje Ružića: Pitao sam ga kolike su šanse da preuzme SPS...,politika
2448,Mađarska državna elektroprivreda MVM grupa postaje većinski vlasnik dve firme Dragoljuba Zbiljića,ekonomija
2449,"Srednji kurs dinara za evro 117,1767 dinara",ekonomija
2450,Direktorat civilnog vazduhoplovstva donirao 11 miliona dinara Javnom preduzeću Aerodromi Srbije,ekonomija
2451,Ministar Bratina: Izmenama zakona biće uveden institut poverenika za zaštitu prava gledalaca,politika
2452,"""Sve se radi kroz medijsku pripremu!"" Vučević o blokaderskom linču: Bahato i odvratno ponašanje",politika
2453,(VIDEO) Rat do istrebljenja: Pavle Grbović napao Kavčića,politika
2454,"Koliko zarađuju sezonci u Srbiji, a koliko košta rentiranje smeštaja za radnike?",ekonomija
2455,Svitolina posle poraza od Osake na meti pretnji na internetu,sport
2456,Srbija u prvom kvartalu gubi trku za evropski vrh privrednog rasta: Da li bi mogla da preokrene rezultat uz pomoć Fiat Grande Pande?,ekonomija
2457,"Osuđivani kriminalac, član Đilasovog SSP i lažni Marinikin svedok u aferi ""bunga bunga"" predvodio napade na novinare Informera!",politika
2458,Banke nastavljaju po starom: Profit za tri meseca veći od 400 miliona evra,ekonomija
2459,Šta kažu u Evropskoj komisiji o navodima da je EU prevarila Srbiju Briselskim sporazumom?,politika
2460,"Zlo iz redova opozicije! Prvo su vodili kampanju protiv rudarenja, uništili univerzitet, a sada kukaju što nema ko da studira rudarstvo (FOTO)",politika
2461,Rat među blokaderima! Đilas napao Kavčića i Lompara: Neću da mi deca uče pesme Radovana Karadžića (VIDEO),politika
2462,Rast prihoda za 58 odsto lokalnih samouprava,ekonomija
2463,"Vučić: Poseta Meloni protekla u duhu iskrenog partnerstva, otvoreni i iskreni razgovori",politika
2464,"Na papiru reforme, a u praksi fudbalska Superliga počinje odlaganjem: Zvezda brani titulu, ispadaju četiri tima",sport
2465,(VIDEO) Bitanga! Otkriveno ko je predvodio napad na SNS u Nišu,politika
2466,Za nabavku opreme i sistema za navodnjavanje u Vojvodini 450 miliona dinara,ekonomija
2467,Vučić objavio moćan snimak: Ponosan sam na Srbiju i njene neimare,politika
2468,Svetske berze: Tržište rada zaplašilo investitore,ekonomija
2469,"Boriša Simanić uputio ogorčenu poruku Srbiji: “Ja vama bubreg, slavu i radost, a vi meni poniženje, tugu i žalost“",sport
2470,"Radar: Država od Stanka Subotića otkupljuje zemlju u blizini Aerodroma „Nikola Tesla“, vrednu skoro četiri miliona evra",ekonomija
2471,"Predsednik otkrio kada putuje u Kinu! Biće i Putin, a čujem da će možda da dođe i Tramp",politika
2472,"UEFA skratila spisak za treće kolo kvalifikacija: Zvezda može u Švedsku, Partizan i Novi Pazar u Norvešku, Radnički u Belgiju",sport
2473,Đedović Handanović sa Sorokinom i Sijartom o naftovodu između Srbije i Mađarske,ekonomija
2474,"Kakve reči legende o Vlahoviću - Srbina u Juventusu očima ne mogu da vide, a on ga diže u nebesa",sport
2475,"Veliki popusti na cenu automobila u Kini, neki koštaju samo 5.500 evra",ekonomija
2476,Da li je vladajuća koalicija uzdrmana nakon dramatičnih događaja u Novom Pazaru?,politika
2477,Predrag Koluvija odgovorio tajkunskom Danasu na bizarne optužbe: Njihova prljava kampanja ne prestaje,politika
2478,"Serbia Zijin Mining i Serbia Zijin Copper obeležile dan rudara, dodeljene nagrade",ekonomija
2479,Generalni sekretar FSS Branko Radujko: Mislim da svi vide promene u srpskom fudbalu,sport
2480,Muška juniorska reprezentacija Srbije pobedila Hrvatsku na startu Svetskog prvenstva,sport
2481,Pflegekräfte erhalten ab 2026 bundesweit einheitlichen Tarif  ,ekonomija
2482,"""Hladno je more posle Oluje"": Dok Srbija tuguje, oni se provode na hrvatskom primorju (VIDEO)",politika
2483,Cvijetin Milivojević za Danas: Vlasti u interesu da izbori budu održani što ranije,politika
2484,Skandal: Prvaku Evrope preti 15 godina zatvora zbog optužbi za silovanje!,sport
2485,"Marković po potrebi menja dres - čas političar, čas novinar! Tvrdi da je oklevetan zbog plakata, a u njegovu odbranu stale opozicione grupacije",politika
2486,Oglasila se EU o slučaju Igora Popovića,politika
2487,Vučić prognozirao mečeve Zvezde i Partizana u Evropi: Otkrio i da bogati Rus stiže u srpski fudbal,sport
2488,Promena trenera,sport
2489,Oglasio se Usame Zukorlić o incidentima u Novom Pazaru,politika
2490,"Velike promene u italijanskom fudbalu: Klub ispadne iz Serije A, plata manja za 25 posto",sport
2491,Janik Siner trijumfovao na Vimbldonu,sport
2492,"Arbitraža: Ruski Gasprom mora da isplati 1,37 milijardi dolara ukrajinskom Naftogasu",ekonomija
2493,Udruženje banaka Srbije: U junu najveći rast kredita privredi,ekonomija
2494,"Poskupljenje struje od septembra, skuplja i putarina: Šta je sve Vlada obećala MMF-u?",ekonomija
2495,Kuva se na NBA sceni: Otkriven razlog sastanka Lebrona Džejmsa sa agentom Nikole Jokića,sport
2496,Košarkaši Srbije do 20 godina pobedili Francusku za kraj grupne faze Evropskog prvenstva,sport
2497,PKS: U oktobru u Srbiji radionice za domaće privrednike sa evropskim stručnjacima za pregovaranje,ekonomija
2498,Ozbiljno pojačanje: Arsenal doveo napadača koji je dao 54 gola na 52 utakmice prošle sezone,sport
2499,„Sad ili nikad – vladaće večno“: Profesor međunarodnog prava o budućnosti Vučićeve vladavine,politika
2500,Sorensen: Put ka evropskim integracijama vodi kroz značajan napredak dijaloga Beograda i Prištine,politika
2501,Žreb za plej-of Lige šampiona: Crvena zvezda ili Leh na Ukrajince ili Kiprane,sport
2502,„Nosite se vi i vaša vladavina prava“: Dodik komemoraciju žrtvama Oluje iskoristio za napad na demonstrante u Srbiji,politika
2503,"Šta piše kineski ambasador o odnosima Kine, EU i Srbije?",politika
2504,"Kao nacistička falanga, a sve vreme ih prati reporterka N1! Ovakvu sramotu Srbija još nije videla (VIDEO)",politika
2505,Zvezda blista,sport
2506,Dvostruki Ol-star NBA lige se preporučuje Grcima: Ovde bih ubacivao 40 poena,sport
2507,„Nema prostora za dalje ustupke“: Koji su to „veoma veliki kompromisi“ sa Kosovom o kojima govori ministar Starović?,politika
2508,PKS predstavila devet novih AI servisa za privredu,ekonomija
2509,Oskar Pjastri pobedio u trci za Veliku nagradu Belgije,sport
2510,„Dačićeva izjava o Briselskom sporazumu je priznanje čina izdaje“: Šta još misli deo kosovskih Srba o izjavi čelnika MUP?,politika
2511,Čadež: Više od 100 poslovnih sastanaka srpskih kompanija na sajmu u Pekingu,ekonomija
2512,Cene hrane u Srbiji stigle i prestigle cene u Grčkoj,ekonomija
2513,„Sramota da Beograđani budu taoci spornih tendera“: CLS ukazao na zastoj u proširenju Bulevara patrijarha Pavla,ekonomija
2514,Krov nad glavom: Koga (ne)će od izvršitelja zaštititi predložena izmena Ustava?,ekonomija
2515,Vladan Milojević nakon priprema: Uradili smo ono što smo zacrtali,sport
2516,Vučić čestitao slavu rudarima: Vaš rad je temelj razvoja i snage države,ekonomija
2517,U Srbiji ove godine povučeno sa tržišta više od 70 neispravnih proizvoda,ekonomija
2518,"Kavčić poručio blokaderima da su nesposobni: Nemaju organizaciju, ne znam ni da li sam na listi (VIDEO)",politika
2519,"Goreće Humska, pada rekord iz 2010 - Evo koliko je Partizan prodao karata na poslednjem preseku",sport
2520,Jezivo - Telo odbojkašice (20) pronađeno u bazenu posle žurke (FOTO),sport
2521,Streik im öffentlichen Dienst legt Verkehr lahm  ,politika
2522,Loše vesti za Zvezdine navijače: Povređen Nemanja Radonjić,sport
2523,"Fudbaleri Barselone deklasirali Daegu u prijateljskom meču, Markus Rašford dao gol",sport
2524,Jovanović (CLS): Firme koje su loše radile moraju da imaju negativne bodove na tenderu,ekonomija
2525,"""Blokadersko zlo ne sme ugroziti prave vrednosti našeg naroda!"" Brnabić: Nije ovo borba za vlast, već za Srbiju ljudskosti i empatije",politika
2526,Nagrađena zamenica Zagorke Dolovac! Dobila novi ugovor pre nego što je potpisala hapšenje Momirovića (FOTO),politika
2527,Andreas fon Bekerat stigao u Beograd (VIDEO),politika
2528,INTERVJU Profesor Jovan Antović: Zbog hapšenja i prebijanja studenata raskinuo sam saradnju sa Medicinskim fakultetom u Kragujevcu,politika
2529,"Šok detalji: Zvezda je Guduriću ponudila jedan od najvećih ugovora u istoriji, ali...",sport
2530,Ministarka Paunović: Biće formirano telo od 10 članova za reviziju biračkog spiska,politika
2531,Energetska nezavisnost počinje kod vas: Kako baterijska skladišta menjaju poziciju potrošača na tržištu energije?,ekonomija
2532,"Danas novi nastavak sednice Skupštine Kosova, poslednja šansa za konstituisanje parlamenta",politika
2533,Macura razgovarala sa šefom misije Ambasade Francuske o podršci ženama u politici,politika
2534,Ministarstvo: Srbija tokom leta ispunjava preduslove za spajanje sa tržištem EU,ekonomija
2535,Ludnica na SP: Britanci izdominirali i uzeli zlato,sport
2536,Mesijev telohranitelj hitno suspendovan: Bivši marinac prekoračio ovlašćenja i napao fudbalera (VIDEO),sport
2537,Transparentnost Srbija: Ugovor za Prokop još štetniji nego što se mislilo,ekonomija
2538,"Srpski klubovi na važnim evropskim ispitima: Kad i gde možete da gledate Partizan, Novi Pazar i Radnički 1923 u kvalifikacijama za Ligu konferencija?",sport
2539,Da li Perišič dolazi? Ovo je poruka iz Novog Pazara,sport
2540,Saga je završena: Luka Jović predstavljen u novom klubu (FOTO/VIDEO),sport
2541,Lider opozicije,politika
2542,Preokret  ,sport
2543,"Milojević otkrio da li igraju Arnautović i Krunić - Ovo su ""delije"" čekale",sport
2544,"Antisrpski ološ! Blokaderi sa Pravnog objavili skandalozan post, pa ga brže bolje obrisali kad se digao narod na noge! (FOTO)",politika
2545,Opozicija i vlast o događajima u Novom Pazaru: Ko je nadležan da uspostavi kontrolu?,politika
2546,"Gola, kao od majke rođena: Sabalenka izbacila fotku bez ičega na sebi, muškarci odlepili (FOTO)",sport
2547,"Za EU strateški, za Srbiju ekonomski neprihvatljiv: Stručnjaci o efektima projekta Jadar",ekonomija
2548,"SSP: Na ulici napadnut Ivan Rakić, zamenik predsednika lokalnog odbora u Subotici",politika
2549,Određen pritvor pomoćniku direktora Kancelarije za KiM zbog govora na pomenu srpskim žrtvama,politika
2550,"Trener Partizana Blagojević o Zahidu, Jurčeviću, pojačanjima…",sport
2551,Zvezda potvrdila: Definitivno bez njega napada Leh,sport
2552,Youth Unemployment Hits Record Lows in Southeast Asia,ekonomija
2553,Stevandić: Biće održana posebna sednica Skupštine o Dodiku - termin kad dobijemo sav materijal,politika
2554,Boris Tadić o Vučićevim projektima: Puteve iz naše vlasti predstavlja kao uspehe svog režima,politika
2555,"NBS deseti mesec ne menja kamatnu stopu, očekuje ubrzanje inflacije",ekonomija
2556,"Ekspert sve objasnio - Zbog ovoga je nastala VAR drama posle gola Krunića, skandalozna odluka FIFA (VIDEO)",sport
2557,Ivan Ivanović dobio šut-kartu na Blic TV - Ugrozio reputaciju kompanije,politika
2558,Totalni preokret 3 dana pred Zvezdinu utakmicu protiv Leha,sport
2559,„Radila u teškim uslovima“: Aleksandar Vučić o sto dana rada Vlade,politika
2560,"Ministarstvo poljoprivrede: Afrička kuga svinja potvrđena na 53 gazdinstva, eutanazirano 1.319 životinja",ekonomija
2561,Mićin: Osuđujem širenje neistina u vezi sa planom izgradnje pravoslavne crkve na Limanu,politika
2562,Osaka i Mboko u finalu turnira u Montrealu,sport
2563,Sin legende ima novo srce i vraća se u ring,sport
2564,Magična noć u Humskoj: Evo šta je sve Partizan zaradio pobedom nad Oleksandrijom,sport
2565,"Dušane, ostani - Da li je moguć preokret?",sport
2566,Potop Srbije u borbi za bronzanu medalju na Svetskom prvenstvu u Singapuru,sport
2567,Kako je izgledala protestna subota u Srbiji?,politika
2568,Goran Ješić: Ne možete mi reći da vam je najveći neprijatelj parlamentarna opozicija,politika
2569,"Zvezdina pesma puštena sa razglasa u Humskoj; FK Partizan: Sabotaža, sledi tužba",sport
2570,"'Zakleo sam se da ću štiti interese naroda RS'' - Dodik podsetio da je legitimni predsednik, ne priznaje CIK",politika
2571,"Đilas: Dačić i Vučić nisu bili prevareni, znali su šta rade i potpisuju, to je bila cena da Zapad prihvati njihovu vladu",politika
2572,Zašto je Vučić otišao kod „Tome Šumadinca“?,politika
2573,Mandat produžen  ,politika
2574,UBIJAĆEMO VAS PO ULICI! Napadnuta ekipa Informera u Novom Pazaru (FOTO/VIDEO),politika
2575,„Konkurencija obara nameštene tendere“: Da li je i prazna kasa razlog zbog kojeg projekti i nabavke u Beogradu kasne?,ekonomija
2576,"Vaterpolo reprezentacija Srbije lako savladala Rumuniju, na redu je nokaut faza Svetskog prvenstva",sport
2577,Vučić tvrdi da studije ekonomske opravdanosti nisu potrebne: Šta nedostatak ovih studija govori o državi?,ekonomija
2578,Nemanja Radonjić zbog povrede van terena 10 do 15 dana,sport
2579,Ko i kad je uhapsio Tačija?,politika
2580,Monarhisti osuđuju odluku da se promocija oficira VS ne održi ispred Narodne skupštine,politika
2581,Koliko zarađuje Nikola Jokić? Samo je jedan čovek ispred njega,sport
2582,Electric Vehicles Surpass Gas Cars in European Sales,ekonomija
2583,Evo koliko će Darku Glišiću trebati da se oporavi: Najnovije informacije o stanju ministra,politika
2584,Otkriveno kakvu ulogu će imati Novak Đoković u Fudbalskom klubu Le Man,sport
2585,"Jokić već proglašen za MVP-ja NBA lige? Ameri objavili listu, trese se Kolorado",sport
2586,"Rezervni plan Zagorke Dolovac da zadrži poljuljanu moć: Briselska pravosudna invazija, kineske mete i blokada Trampovih investicija",politika
2587,"Beograd u pokretu: Umesto ukidanja, „dvojku“ treba unaprediti i trajno zaštititi",ekonomija
2588,Suzana Vasiljević za Informer TV o napadu blokadera: Uvod u sve ovo su pozivi Jova Bakića na jahanje i linčovanje (VIDEO),politika
2589,(VIDEO) Šok priznanje na N1! Novinarka tajkunske televizije se izlanula: Mi usmeravamo hapšenja!,politika
2590,"Strela Obrenovac postala jedini vlasnik Lastre: Država privatizovala svoj udeo, ne zna se po kojoj ceni",ekonomija
2591,Trener Leha priznao nemoć protiv Zvezde: U Poljskoj ne igramo sa ekipama na tom nivou,sport
2592,Zverev izbacio branioca titule u Torontu,sport
2593,Ekspanzija tržišta  ,ekonomija
2594,N1: Poginuo radnik na gradilištu na Novom Beogradu,ekonomija
2595,Ubedljiv poraz juniorske košarkaške reprezentacije Srbije od Italije u četvrtfinalu Evropskog prvenstva,sport
2596,Ministarstvo: Površinski kop uglja Radljevo strateški projekat za domaću energetiku,ekonomija
2597,Ivković: Problem su nedefinisani odnosi između opozicije i studenata,politika
2598,"Šok fotke, Georgini ispala guza... Ovo je opasno po zdavlje, neće vam biti dobro (FOTO)",sport
2599,"Dodik raskrinkao Kristijana Šmita: Po Dejtonu i Ustavu BiH ne postoji ni tužilaštvo ni sud, kao ni visoki predstavnik (VIDEO)",politika
2600,"""Ubili su mi rođenog brata, mamu, brata od ujaka... "": Najpotresniji snimak zločinačke akcije ""Oluja"" kida dušu",politika
2601,"Gruhonjićev kolumnista i Milov skutonoša napao SPC i Vučića: ""Srbi da uče decu da su genocidni"" (VIDEO)",politika
2602,Duško Vuković (SSSS): Vučić onemogućava socijalni dijalog,ekonomija
2603,"Poljoprivrednici najavili blokadu u Požarevcu, zbog niske cene pšenice",ekonomija
2604,Hoće li biti vanrednih izbora do kraja godine?,politika
